=== IMPORT ATTENDANCE LOG ===
Timestamp: 2025-12-15T06:16:12.243Z
File: SEPT.2025.dat
Size: 138990 bytes
MIME Type: application/octet-stream

=== ALL FILE CONTENT ===
Total records found: 2152
[
  {
    "zk_id": "0023",
    "log_date": "2025-09-15",
    "time_in": "07:46:38",
    "time_out": "17:15:09"
  },
  {
    "zk_id": "0023",
    "log_date": "2025-09-16",
    "time_in": "20:12:02",
    "time_out": "20:12:02"
  },
  {
    "zk_id": "0023",
    "log_date": "2025-09-17",
    "time_in": "07:39:28",
    "time_out": "07:39:28"
  },
  {
    "zk_id": "0023",
    "log_date": "2025-09-18",
    "time_in": "07:44:19",
    "time_out": "19:27:47"
  },
  {
    "zk_id": "0023",
    "log_date": "2025-09-19",
    "time_in": "08:18:27",
    "time_out": "19:38:08"
  },
  {
    "zk_id": "0023",
    "log_date": "2025-09-20",
    "time_in": "08:17:58",
    "time_out": "08:17:58"
  },
  {
    "zk_id": "0023",
    "log_date": "2025-09-24",
    "time_in": "07:37:31",
    "time_out": "20:11:06"
  },
  {
    "zk_id": "0023",
    "log_date": "2025-09-25",
    "time_in": "20:10:07",
    "time_out": "20:10:07"
  },
  {
    "zk_id": "1",
    "log_date": "2025-08-31",
    "time_in": "07:38:56",
    "time_out": "07:38:56"
  },
  {
    "zk_id": "1",
    "log_date": "2025-09-01",
    "time_in": "07:33:11",
    "time_out": "17:16:32"
  },
  {
    "zk_id": "1",
    "log_date": "2025-09-02",
    "time_in": "07:47:32",
    "time_out": "17:13:03"
  },
  {
    "zk_id": "1",
    "log_date": "2025-09-03",
    "time_in": "07:56:26",
    "time_out": "17:15:58"
  },
  {
    "zk_id": "1",
    "log_date": "2025-09-04",
    "time_in": "07:53:24",
    "time_out": "17:15:28"
  },
  {
    "zk_id": "1",
    "log_date": "2025-09-05",
    "time_in": "07:38:41",
    "time_out": "17:10:56"
  },
  {
    "zk_id": "1",
    "log_date": "2025-09-06",
    "time_in": "17:10:50",
    "time_out": "17:10:50"
  },
  {
    "zk_id": "1",
    "log_date": "2025-09-07",
    "time_in": "07:47:38",
    "time_out": "07:47:38"
  },
  {
    "zk_id": "1",
    "log_date": "2025-09-08",
    "time_in": "17:09:12",
    "time_out": "17:09:12"
  },
  {
    "zk_id": "1",
    "log_date": "2025-09-09",
    "time_in": "07:45:09",
    "time_out": "17:11:03"
  },
  {
    "zk_id": "1",
    "log_date": "2025-09-11",
    "time_in": "07:56:58",
    "time_out": "17:14:46"
  },
  {
    "zk_id": "1",
    "log_date": "2025-09-12",
    "time_in": "17:09:11",
    "time_out": "17:09:11"
  },
  {
    "zk_id": "1",
    "log_date": "2025-09-14",
    "time_in": "07:20:29",
    "time_out": "07:20:29"
  },
  {
    "zk_id": "1",
    "log_date": "2025-09-15",
    "time_in": "17:15:43",
    "time_out": "17:15:43"
  },
  {
    "zk_id": "1",
    "log_date": "2025-09-16",
    "time_in": "17:08:02",
    "time_out": "17:08:02"
  },
  {
    "zk_id": "1",
    "log_date": "2025-09-17",
    "time_in": "07:44:58",
    "time_out": "07:44:58"
  },
  {
    "zk_id": "1",
    "log_date": "2025-09-18",
    "time_in": "07:52:54",
    "time_out": "17:16:40"
  },
  {
    "zk_id": "1",
    "log_date": "2025-09-19",
    "time_in": "17:15:40",
    "time_out": "17:15:40"
  },
  {
    "zk_id": "1",
    "log_date": "2025-09-21",
    "time_in": "07:38:40",
    "time_out": "07:38:40"
  },
  {
    "zk_id": "1",
    "log_date": "2025-09-23",
    "time_in": "07:12:55",
    "time_out": "17:17:07"
  },
  {
    "zk_id": "1",
    "log_date": "2025-09-24",
    "time_in": "07:45:27",
    "time_out": "17:17:25"
  },
  {
    "zk_id": "1",
    "log_date": "2025-09-25",
    "time_in": "17:12:46",
    "time_out": "17:12:46"
  },
  {
    "zk_id": "1",
    "log_date": "2025-09-26",
    "time_in": "07:55:34",
    "time_out": "17:10:33"
  },
  {
    "zk_id": "1",
    "log_date": "2025-09-27",
    "time_in": "17:16:04",
    "time_out": "17:16:04"
  },
  {
    "zk_id": "1",
    "log_date": "2025-09-28",
    "time_in": "07:46:52",
    "time_out": "07:46:52"
  },
  {
    "zk_id": "10",
    "log_date": "2025-09-01",
    "time_in": "08:16:34",
    "time_out": "19:30:51"
  },
  {
    "zk_id": "10",
    "log_date": "2025-09-02",
    "time_in": "08:31:34",
    "time_out": "08:31:34"
  },
  {
    "zk_id": "10",
    "log_date": "2025-09-03",
    "time_in": "07:35:12",
    "time_out": "07:35:12"
  },
  {
    "zk_id": "10",
    "log_date": "2025-09-04",
    "time_in": "07:43:29",
    "time_out": "17:14:49"
  },
  {
    "zk_id": "10",
    "log_date": "2025-09-05",
    "time_in": "07:30:35",
    "time_out": "17:08:30"
  },
  {
    "zk_id": "10",
    "log_date": "2025-09-06",
    "time_in": "07:34:35",
    "time_out": "20:11:39"
  },
  {
    "zk_id": "10",
    "log_date": "2025-09-07",
    "time_in": "20:11:14",
    "time_out": "20:11:14"
  },
  {
    "zk_id": "10",
    "log_date": "2025-09-08",
    "time_in": "19:23:54",
    "time_out": "19:23:54"
  },
  {
    "zk_id": "10",
    "log_date": "2025-09-09",
    "time_in": "08:18:22",
    "time_out": "19:34:04"
  },
  {
    "zk_id": "10",
    "log_date": "2025-09-10",
    "time_in": "08:16:25",
    "time_out": "08:16:25"
  },
  {
    "zk_id": "10",
    "log_date": "2025-09-12",
    "time_in": "07:44:24",
    "time_out": "07:44:24"
  },
  {
    "zk_id": "10",
    "log_date": "2025-09-13",
    "time_in": "07:34:05",
    "time_out": "17:18:15"
  },
  {
    "zk_id": "10",
    "log_date": "2025-09-14",
    "time_in": "07:33:56",
    "time_out": "20:12:54"
  },
  {
    "zk_id": "10",
    "log_date": "2025-09-15",
    "time_in": "20:09:02",
    "time_out": "20:09:02"
  },
  {
    "zk_id": "10",
    "log_date": "2025-09-16",
    "time_in": "19:24:33",
    "time_out": "19:24:33"
  },
  {
    "zk_id": "10",
    "log_date": "2025-09-17",
    "time_in": "08:11:49",
    "time_out": "19:24:09"
  },
  {
    "zk_id": "10",
    "log_date": "2025-09-18",
    "time_in": "17:16:29",
    "time_out": "17:16:29"
  },
  {
    "zk_id": "10",
    "log_date": "2025-09-21",
    "time_in": "07:36:31",
    "time_out": "07:36:31"
  },
  {
    "zk_id": "10",
    "log_date": "2025-09-22",
    "time_in": "07:34:18",
    "time_out": "20:08:37"
  },
  {
    "zk_id": "10",
    "log_date": "2025-09-23",
    "time_in": "20:15:14",
    "time_out": "20:15:14"
  },
  {
    "zk_id": "10",
    "log_date": "2025-09-24",
    "time_in": "19:54:14",
    "time_out": "19:54:14"
  },
  {
    "zk_id": "10",
    "log_date": "2025-09-25",
    "time_in": "08:21:11",
    "time_out": "19:29:17"
  },
  {
    "zk_id": "10",
    "log_date": "2025-09-26",
    "time_in": "08:19:38",
    "time_out": "08:19:38"
  },
  {
    "zk_id": "10",
    "log_date": "2025-09-28",
    "time_in": "07:53:41",
    "time_out": "07:53:41"
  },
  {
    "zk_id": "100",
    "log_date": "2025-09-10",
    "time_in": "07:00:16",
    "time_out": "07:03:47"
  },
  {
    "zk_id": "100",
    "log_date": "2025-09-11",
    "time_in": "16:32:01",
    "time_out": "19:14:22"
  },
  {
    "zk_id": "100",
    "log_date": "2025-09-12",
    "time_in": "07:06:40",
    "time_out": "19:45:36"
  },
  {
    "zk_id": "100",
    "log_date": "2025-09-13",
    "time_in": "07:18:25",
    "time_out": "23:31:40"
  },
  {
    "zk_id": "100",
    "log_date": "2025-09-14",
    "time_in": "07:20:03",
    "time_out": "20:31:36"
  },
  {
    "zk_id": "100",
    "log_date": "2025-09-15",
    "time_in": "06:31:09",
    "time_out": "06:34:01"
  },
  {
    "zk_id": "100",
    "log_date": "2025-09-16",
    "time_in": "06:31:21",
    "time_out": "06:34:47"
  },
  {
    "zk_id": "100",
    "log_date": "2025-09-17",
    "time_in": "07:22:11",
    "time_out": "07:31:33"
  },
  {
    "zk_id": "100",
    "log_date": "2025-09-18",
    "time_in": "05:30:37",
    "time_out": "19:23:18"
  },
  {
    "zk_id": "100",
    "log_date": "2025-09-19",
    "time_in": "07:31:32",
    "time_out": "23:31:07"
  },
  {
    "zk_id": "100",
    "log_date": "2025-09-20",
    "time_in": "06:30:59",
    "time_out": "06:30:59"
  },
  {
    "zk_id": "100",
    "log_date": "2025-09-21",
    "time_in": "07:23:04",
    "time_out": "20:00:30"
  },
  {
    "zk_id": "100",
    "log_date": "2025-09-22",
    "time_in": "05:30:52",
    "time_out": "07:29:46"
  },
  {
    "zk_id": "100",
    "log_date": "2025-09-23",
    "time_in": "07:29:45",
    "time_out": "23:31:22"
  },
  {
    "zk_id": "100",
    "log_date": "2025-09-24",
    "time_in": "07:21:03",
    "time_out": "23:30:52"
  },
  {
    "zk_id": "100",
    "log_date": "2025-09-25",
    "time_in": "07:25:30",
    "time_out": "23:30:45"
  },
  {
    "zk_id": "100",
    "log_date": "2025-09-26",
    "time_in": "05:30:53",
    "time_out": "19:17:26"
  },
  {
    "zk_id": "100",
    "log_date": "2025-09-27",
    "time_in": "07:06:39",
    "time_out": "19:56:20"
  },
  {
    "zk_id": "100",
    "log_date": "2025-09-28",
    "time_in": "06:00:48",
    "time_out": "06:16:36"
  },
  {
    "zk_id": "106",
    "log_date": "2025-09-17",
    "time_in": "07:42:53",
    "time_out": "17:17:42"
  },
  {
    "zk_id": "106",
    "log_date": "2025-09-18",
    "time_in": "20:16:11",
    "time_out": "20:16:11"
  },
  {
    "zk_id": "106",
    "log_date": "2025-09-19",
    "time_in": "08:00:19",
    "time_out": "20:13:24"
  },
  {
    "zk_id": "106",
    "log_date": "2025-09-20",
    "time_in": "19:27:49",
    "time_out": "19:27:49"
  },
  {
    "zk_id": "106",
    "log_date": "2025-09-21",
    "time_in": "08:09:05",
    "time_out": "19:22:35"
  },
  {
    "zk_id": "106",
    "log_date": "2025-09-22",
    "time_in": "08:18:27",
    "time_out": "08:18:27"
  },
  {
    "zk_id": "106",
    "log_date": "2025-09-27",
    "time_in": "08:00:26",
    "time_out": "20:16:52"
  },
  {
    "zk_id": "106",
    "log_date": "2025-09-28",
    "time_in": "19:32:43",
    "time_out": "19:32:43"
  },
  {
    "zk_id": "106",
    "log_date": "2025-09-29",
    "time_in": "08:18:49",
    "time_out": "08:18:49"
  },
  {
    "zk_id": "11",
    "log_date": "2025-09-02",
    "time_in": "07:34:01",
    "time_out": "07:34:01"
  },
  {
    "zk_id": "11",
    "log_date": "2025-09-03",
    "time_in": "07:28:29",
    "time_out": "17:16:02"
  },
  {
    "zk_id": "11",
    "log_date": "2025-09-04",
    "time_in": "07:38:35",
    "time_out": "20:15:08"
  },
  {
    "zk_id": "11",
    "log_date": "2025-09-05",
    "time_in": "20:14:11",
    "time_out": "20:14:11"
  },
  {
    "zk_id": "11",
    "log_date": "2025-09-06",
    "time_in": "19:12:10",
    "time_out": "19:12:10"
  },
  {
    "zk_id": "11",
    "log_date": "2025-09-07",
    "time_in": "08:10:15",
    "time_out": "19:40:47"
  },
  {
    "zk_id": "11",
    "log_date": "2025-09-08",
    "time_in": "08:17:29",
    "time_out": "08:17:29"
  },
  {
    "zk_id": "11",
    "log_date": "2025-09-10",
    "time_in": "07:31:24",
    "time_out": "07:31:24"
  },
  {
    "zk_id": "11",
    "log_date": "2025-09-11",
    "time_in": "07:43:35",
    "time_out": "17:14:00"
  },
  {
    "zk_id": "11",
    "log_date": "2025-09-12",
    "time_in": "07:42:49",
    "time_out": "20:15:16"
  },
  {
    "zk_id": "11",
    "log_date": "2025-09-13",
    "time_in": "20:14:39",
    "time_out": "20:14:39"
  },
  {
    "zk_id": "11",
    "log_date": "2025-09-14",
    "time_in": "19:24:31",
    "time_out": "19:24:31"
  },
  {
    "zk_id": "11",
    "log_date": "2025-09-15",
    "time_in": "08:15:37",
    "time_out": "19:26:35"
  },
  {
    "zk_id": "11",
    "log_date": "2025-09-16",
    "time_in": "08:17:33",
    "time_out": "08:17:33"
  },
  {
    "zk_id": "11",
    "log_date": "2025-09-18",
    "time_in": "07:48:00",
    "time_out": "07:48:00"
  },
  {
    "zk_id": "11",
    "log_date": "2025-09-19",
    "time_in": "07:56:35",
    "time_out": "17:16:28"
  },
  {
    "zk_id": "11",
    "log_date": "2025-09-20",
    "time_in": "07:49:12",
    "time_out": "20:15:32"
  },
  {
    "zk_id": "11",
    "log_date": "2025-09-21",
    "time_in": "20:13:28",
    "time_out": "20:13:28"
  },
  {
    "zk_id": "11",
    "log_date": "2025-09-22",
    "time_in": "19:43:36",
    "time_out": "19:43:36"
  },
  {
    "zk_id": "11",
    "log_date": "2025-09-23",
    "time_in": "08:13:25",
    "time_out": "19:30:32"
  },
  {
    "zk_id": "11",
    "log_date": "2025-09-24",
    "time_in": "08:16:30",
    "time_out": "08:16:30"
  },
  {
    "zk_id": "11",
    "log_date": "2025-09-26",
    "time_in": "07:55:58",
    "time_out": "07:55:58"
  },
  {
    "zk_id": "11",
    "log_date": "2025-09-27",
    "time_in": "07:52:55",
    "time_out": "17:16:26"
  },
  {
    "zk_id": "11",
    "log_date": "2025-09-28",
    "time_in": "07:27:11",
    "time_out": "20:10:46"
  },
  {
    "zk_id": "12",
    "log_date": "2025-08-31",
    "time_in": "07:26:33",
    "time_out": "07:26:33"
  },
  {
    "zk_id": "12",
    "log_date": "2025-09-01",
    "time_in": "07:16:26",
    "time_out": "17:16:23"
  },
  {
    "zk_id": "12",
    "log_date": "2025-09-02",
    "time_in": "07:15:45",
    "time_out": "17:09:40"
  },
  {
    "zk_id": "12",
    "log_date": "2025-09-03",
    "time_in": "07:13:19",
    "time_out": "17:15:25"
  },
  {
    "zk_id": "12",
    "log_date": "2025-09-04",
    "time_in": "07:15:20",
    "time_out": "20:11:17"
  },
  {
    "zk_id": "12",
    "log_date": "2025-09-05",
    "time_in": "20:13:04",
    "time_out": "20:13:04"
  },
  {
    "zk_id": "12",
    "log_date": "2025-09-07",
    "time_in": "19:09:43",
    "time_out": "19:09:43"
  },
  {
    "zk_id": "12",
    "log_date": "2025-09-08",
    "time_in": "08:15:53",
    "time_out": "08:15:53"
  },
  {
    "zk_id": "12",
    "log_date": "2025-09-10",
    "time_in": "07:24:22",
    "time_out": "07:24:22"
  },
  {
    "zk_id": "12",
    "log_date": "2025-09-11",
    "time_in": "07:17:01",
    "time_out": "17:14:41"
  },
  {
    "zk_id": "12",
    "log_date": "2025-09-12",
    "time_in": "07:18:43",
    "time_out": "20:15:20"
  },
  {
    "zk_id": "12",
    "log_date": "2025-09-13",
    "time_in": "20:11:44",
    "time_out": "20:11:44"
  },
  {
    "zk_id": "12",
    "log_date": "2025-09-14",
    "time_in": "19:11:33",
    "time_out": "19:11:33"
  },
  {
    "zk_id": "12",
    "log_date": "2025-09-15",
    "time_in": "08:09:34",
    "time_out": "19:02:02"
  },
  {
    "zk_id": "12",
    "log_date": "2025-09-16",
    "time_in": "08:09:38",
    "time_out": "08:09:38"
  },
  {
    "zk_id": "12",
    "log_date": "2025-09-18",
    "time_in": "07:16:54",
    "time_out": "07:16:54"
  },
  {
    "zk_id": "12",
    "log_date": "2025-09-19",
    "time_in": "07:17:51",
    "time_out": "17:15:58"
  },
  {
    "zk_id": "12",
    "log_date": "2025-09-20",
    "time_in": "07:15:00",
    "time_out": "20:12:40"
  },
  {
    "zk_id": "12",
    "log_date": "2025-09-21",
    "time_in": "20:13:38",
    "time_out": "20:13:38"
  },
  {
    "zk_id": "12",
    "log_date": "2025-09-22",
    "time_in": "19:08:25",
    "time_out": "19:08:25"
  },
  {
    "zk_id": "12",
    "log_date": "2025-09-23",
    "time_in": "08:10:41",
    "time_out": "19:15:05"
  },
  {
    "zk_id": "12",
    "log_date": "2025-09-24",
    "time_in": "08:09:58",
    "time_out": "08:09:58"
  },
  {
    "zk_id": "12",
    "log_date": "2025-09-26",
    "time_in": "07:14:12",
    "time_out": "07:14:12"
  },
  {
    "zk_id": "12",
    "log_date": "2025-09-27",
    "time_in": "07:04:49",
    "time_out": "17:15:47"
  },
  {
    "zk_id": "12",
    "log_date": "2025-09-28",
    "time_in": "07:13:50",
    "time_out": "20:10:41"
  },
  {
    "zk_id": "13",
    "log_date": "2025-09-02",
    "time_in": "19:00:16",
    "time_out": "19:00:16"
  },
  {
    "zk_id": "13",
    "log_date": "2025-09-04",
    "time_in": "05:33:13",
    "time_out": "05:33:13"
  },
  {
    "zk_id": "13",
    "log_date": "2025-09-05",
    "time_in": "05:30:25",
    "time_out": "19:00:14"
  },
  {
    "zk_id": "13",
    "log_date": "2025-09-06",
    "time_in": "19:00:52",
    "time_out": "19:00:52"
  },
  {
    "zk_id": "13",
    "log_date": "2025-09-07",
    "time_in": "05:57:16",
    "time_out": "05:57:16"
  },
  {
    "zk_id": "13",
    "log_date": "2025-09-08",
    "time_in": "05:58:17",
    "time_out": "19:01:08"
  },
  {
    "zk_id": "13",
    "log_date": "2025-09-09",
    "time_in": "19:01:43",
    "time_out": "19:01:43"
  },
  {
    "zk_id": "13",
    "log_date": "2025-09-11",
    "time_in": "05:36:19",
    "time_out": "05:36:19"
  },
  {
    "zk_id": "13",
    "log_date": "2025-09-12",
    "time_in": "05:42:30",
    "time_out": "19:02:53"
  },
  {
    "zk_id": "14",
    "log_date": "2025-08-31",
    "time_in": "07:31:27",
    "time_out": "07:31:27"
  },
  {
    "zk_id": "14",
    "log_date": "2025-09-01",
    "time_in": "07:36:07",
    "time_out": "17:17:29"
  },
  {
    "zk_id": "14",
    "log_date": "2025-09-02",
    "time_in": "07:38:42",
    "time_out": "17:17:16"
  },
  {
    "zk_id": "14",
    "log_date": "2025-09-03",
    "time_in": "07:31:28",
    "time_out": "17:15:37"
  },
  {
    "zk_id": "14",
    "log_date": "2025-09-04",
    "time_in": "07:36:48",
    "time_out": "17:18:06"
  },
  {
    "zk_id": "14",
    "log_date": "2025-09-05",
    "time_in": "07:31:04",
    "time_out": "17:19:27"
  },
  {
    "zk_id": "14",
    "log_date": "2025-09-06",
    "time_in": "17:12:06",
    "time_out": "17:12:06"
  },
  {
    "zk_id": "14",
    "log_date": "2025-09-07",
    "time_in": "07:32:10",
    "time_out": "07:32:10"
  },
  {
    "zk_id": "14",
    "log_date": "2025-09-08",
    "time_in": "07:33:21",
    "time_out": "17:09:19"
  },
  {
    "zk_id": "14",
    "log_date": "2025-09-09",
    "time_in": "07:36:00",
    "time_out": "17:13:10"
  },
  {
    "zk_id": "14",
    "log_date": "2025-09-10",
    "time_in": "07:32:14",
    "time_out": "17:17:28"
  },
  {
    "zk_id": "14",
    "log_date": "2025-09-11",
    "time_in": "07:46:08",
    "time_out": "17:14:20"
  },
  {
    "zk_id": "14",
    "log_date": "2025-09-12",
    "time_in": "07:44:44",
    "time_out": "17:09:03"
  },
  {
    "zk_id": "14",
    "log_date": "2025-09-13",
    "time_in": "17:16:48",
    "time_out": "17:16:48"
  },
  {
    "zk_id": "14",
    "log_date": "2025-09-14",
    "time_in": "07:38:12",
    "time_out": "07:38:12"
  },
  {
    "zk_id": "14",
    "log_date": "2025-09-15",
    "time_in": "07:27:23",
    "time_out": "17:16:43"
  },
  {
    "zk_id": "14",
    "log_date": "2025-09-16",
    "time_in": "07:36:07",
    "time_out": "17:17:46"
  },
  {
    "zk_id": "14",
    "log_date": "2025-09-17",
    "time_in": "07:34:42",
    "time_out": "17:16:19"
  },
  {
    "zk_id": "14",
    "log_date": "2025-09-18",
    "time_in": "07:17:14",
    "time_out": "17:17:01"
  },
  {
    "zk_id": "14",
    "log_date": "2025-09-19",
    "time_in": "07:38:04",
    "time_out": "17:18:52"
  },
  {
    "zk_id": "14",
    "log_date": "2025-09-20",
    "time_in": "17:16:32",
    "time_out": "17:16:32"
  },
  {
    "zk_id": "14",
    "log_date": "2025-09-21",
    "time_in": "07:44:52",
    "time_out": "07:44:52"
  },
  {
    "zk_id": "14",
    "log_date": "2025-09-22",
    "time_in": "07:38:03",
    "time_out": "17:16:29"
  },
  {
    "zk_id": "14",
    "log_date": "2025-09-23",
    "time_in": "07:42:54",
    "time_out": "17:15:52"
  },
  {
    "zk_id": "14",
    "log_date": "2025-09-24",
    "time_in": "07:51:06",
    "time_out": "17:19:41"
  },
  {
    "zk_id": "14",
    "log_date": "2025-09-25",
    "time_in": "07:37:37",
    "time_out": "17:13:50"
  },
  {
    "zk_id": "14",
    "log_date": "2025-09-26",
    "time_in": "07:45:20",
    "time_out": "17:15:24"
  },
  {
    "zk_id": "14",
    "log_date": "2025-09-27",
    "time_in": "17:16:46",
    "time_out": "17:16:46"
  },
  {
    "zk_id": "14",
    "log_date": "2025-09-28",
    "time_in": "07:38:35",
    "time_out": "07:38:35"
  },
  {
    "zk_id": "15",
    "log_date": "2025-08-31",
    "time_in": "07:52:44",
    "time_out": "07:52:44"
  },
  {
    "zk_id": "15",
    "log_date": "2025-09-01",
    "time_in": "20:21:00",
    "time_out": "20:21:00"
  },
  {
    "zk_id": "15",
    "log_date": "2025-09-02",
    "time_in": "19:30:09",
    "time_out": "19:30:09"
  },
  {
    "zk_id": "15",
    "log_date": "2025-09-03",
    "time_in": "08:14:50",
    "time_out": "19:26:49"
  },
  {
    "zk_id": "15",
    "log_date": "2025-09-04",
    "time_in": "08:19:31",
    "time_out": "08:19:31"
  },
  {
    "zk_id": "15",
    "log_date": "2025-09-06",
    "time_in": "07:42:31",
    "time_out": "07:42:31"
  },
  {
    "zk_id": "15",
    "log_date": "2025-09-07",
    "time_in": "07:46:44",
    "time_out": "17:16:21"
  },
  {
    "zk_id": "15",
    "log_date": "2025-09-08",
    "time_in": "07:41:36",
    "time_out": "20:13:38"
  },
  {
    "zk_id": "15",
    "log_date": "2025-09-09",
    "time_in": "20:16:16",
    "time_out": "20:16:16"
  },
  {
    "zk_id": "15",
    "log_date": "2025-09-10",
    "time_in": "19:33:50",
    "time_out": "19:33:50"
  },
  {
    "zk_id": "15",
    "log_date": "2025-09-11",
    "time_in": "08:09:22",
    "time_out": "19:56:42"
  },
  {
    "zk_id": "15",
    "log_date": "2025-09-12",
    "time_in": "08:30:31",
    "time_out": "08:30:31"
  },
  {
    "zk_id": "15",
    "log_date": "2025-09-14",
    "time_in": "07:47:24",
    "time_out": "07:47:24"
  },
  {
    "zk_id": "15",
    "log_date": "2025-09-15",
    "time_in": "12:16:56",
    "time_out": "12:16:56"
  },
  {
    "zk_id": "15",
    "log_date": "2025-09-16",
    "time_in": "07:41:44",
    "time_out": "07:41:44"
  },
  {
    "zk_id": "15",
    "log_date": "2025-09-17",
    "time_in": "20:11:41",
    "time_out": "20:11:41"
  },
  {
    "zk_id": "15",
    "log_date": "2025-09-18",
    "time_in": "06:15:42",
    "time_out": "19:23:51"
  },
  {
    "zk_id": "15",
    "log_date": "2025-09-19",
    "time_in": "19:23:02",
    "time_out": "19:23:02"
  },
  {
    "zk_id": "15",
    "log_date": "2025-09-20",
    "time_in": "08:13:11",
    "time_out": "08:13:11"
  },
  {
    "zk_id": "15",
    "log_date": "2025-09-22",
    "time_in": "07:54:30",
    "time_out": "07:54:30"
  },
  {
    "zk_id": "15",
    "log_date": "2025-09-23",
    "time_in": "17:16:19",
    "time_out": "17:16:19"
  },
  {
    "zk_id": "15",
    "log_date": "2025-09-24",
    "time_in": "07:54:50",
    "time_out": "20:10:51"
  },
  {
    "zk_id": "15",
    "log_date": "2025-09-25",
    "time_in": "20:18:20",
    "time_out": "20:18:20"
  },
  {
    "zk_id": "15",
    "log_date": "2025-09-26",
    "time_in": "19:24:08",
    "time_out": "19:24:08"
  },
  {
    "zk_id": "15",
    "log_date": "2025-09-27",
    "time_in": "08:17:58",
    "time_out": "08:17:58"
  },
  {
    "zk_id": "16",
    "log_date": "2025-09-01",
    "time_in": "07:51:48",
    "time_out": "07:51:48"
  },
  {
    "zk_id": "16",
    "log_date": "2025-09-02",
    "time_in": "20:14:24",
    "time_out": "20:14:24"
  },
  {
    "zk_id": "16",
    "log_date": "2025-09-03",
    "time_in": "12:00:51",
    "time_out": "20:09:39"
  },
  {
    "zk_id": "16",
    "log_date": "2025-09-05",
    "time_in": "20:00:44",
    "time_out": "20:00:44"
  },
  {
    "zk_id": "16",
    "log_date": "2025-09-06",
    "time_in": "07:51:28",
    "time_out": "08:15:04"
  },
  {
    "zk_id": "16",
    "log_date": "2025-09-07",
    "time_in": "19:16:54",
    "time_out": "19:16:54"
  },
  {
    "zk_id": "16",
    "log_date": "2025-09-09",
    "time_in": "07:59:09",
    "time_out": "07:59:09"
  },
  {
    "zk_id": "16",
    "log_date": "2025-09-10",
    "time_in": "07:53:27",
    "time_out": "20:14:00"
  },
  {
    "zk_id": "16",
    "log_date": "2025-09-11",
    "time_in": "20:11:10",
    "time_out": "20:11:10"
  },
  {
    "zk_id": "16",
    "log_date": "2025-09-12",
    "time_in": "20:04:17",
    "time_out": "20:04:17"
  },
  {
    "zk_id": "16",
    "log_date": "2025-09-13",
    "time_in": "08:17:05",
    "time_out": "19:53:43"
  },
  {
    "zk_id": "16",
    "log_date": "2025-09-14",
    "time_in": "08:11:53",
    "time_out": "08:11:53"
  },
  {
    "zk_id": "16",
    "log_date": "2025-09-16",
    "time_in": "07:57:37",
    "time_out": "07:57:37"
  },
  {
    "zk_id": "16",
    "log_date": "2025-09-17",
    "time_in": "07:52:32",
    "time_out": "17:15:22"
  },
  {
    "zk_id": "16",
    "log_date": "2025-09-18",
    "time_in": "07:48:03",
    "time_out": "20:15:19"
  },
  {
    "zk_id": "16",
    "log_date": "2025-09-19",
    "time_in": "20:17:01",
    "time_out": "20:17:01"
  },
  {
    "zk_id": "16",
    "log_date": "2025-09-20",
    "time_in": "19:51:37",
    "time_out": "19:51:37"
  },
  {
    "zk_id": "16",
    "log_date": "2025-09-21",
    "time_in": "08:16:09",
    "time_out": "19:42:10"
  },
  {
    "zk_id": "16",
    "log_date": "2025-09-22",
    "time_in": "08:16:15",
    "time_out": "08:16:15"
  },
  {
    "zk_id": "17",
    "log_date": "2025-09-01",
    "time_in": "07:19:15",
    "time_out": "17:15:40"
  },
  {
    "zk_id": "17",
    "log_date": "2025-09-02",
    "time_in": "07:25:18",
    "time_out": "20:15:44"
  },
  {
    "zk_id": "17",
    "log_date": "2025-09-03",
    "time_in": "20:12:48",
    "time_out": "20:12:48"
  },
  {
    "zk_id": "17",
    "log_date": "2025-09-04",
    "time_in": "19:26:35",
    "time_out": "19:26:35"
  },
  {
    "zk_id": "17",
    "log_date": "2025-09-05",
    "time_in": "08:22:00",
    "time_out": "19:35:45"
  },
  {
    "zk_id": "17",
    "log_date": "2025-09-06",
    "time_in": "08:14:58",
    "time_out": "08:14:58"
  },
  {
    "zk_id": "17",
    "log_date": "2025-09-09",
    "time_in": "07:25:30",
    "time_out": "07:25:30"
  },
  {
    "zk_id": "17",
    "log_date": "2025-09-10",
    "time_in": "07:23:56",
    "time_out": "20:14:03"
  },
  {
    "zk_id": "17",
    "log_date": "2025-09-11",
    "time_in": "20:15:30",
    "time_out": "20:15:30"
  },
  {
    "zk_id": "17",
    "log_date": "2025-09-12",
    "time_in": "19:36:33",
    "time_out": "19:36:33"
  },
  {
    "zk_id": "17",
    "log_date": "2025-09-13",
    "time_in": "08:16:09",
    "time_out": "19:30:04"
  },
  {
    "zk_id": "17",
    "log_date": "2025-09-14",
    "time_in": "08:15:11",
    "time_out": "08:15:11"
  },
  {
    "zk_id": "17",
    "log_date": "2025-09-16",
    "time_in": "07:09:07",
    "time_out": "07:09:07"
  },
  {
    "zk_id": "17",
    "log_date": "2025-09-17",
    "time_in": "07:20:00",
    "time_out": "17:15:15"
  },
  {
    "zk_id": "17",
    "log_date": "2025-09-18",
    "time_in": "07:23:00",
    "time_out": "20:15:53"
  },
  {
    "zk_id": "17",
    "log_date": "2025-09-19",
    "time_in": "20:15:45",
    "time_out": "20:15:45"
  },
  {
    "zk_id": "17",
    "log_date": "2025-09-20",
    "time_in": "19:24:34",
    "time_out": "19:24:34"
  },
  {
    "zk_id": "17",
    "log_date": "2025-09-21",
    "time_in": "08:16:06",
    "time_out": "19:21:10"
  },
  {
    "zk_id": "17",
    "log_date": "2025-09-22",
    "time_in": "08:16:05",
    "time_out": "08:16:05"
  },
  {
    "zk_id": "17",
    "log_date": "2025-09-25",
    "time_in": "07:20:44",
    "time_out": "07:20:44"
  },
  {
    "zk_id": "17",
    "log_date": "2025-09-26",
    "time_in": "07:29:15",
    "time_out": "20:13:19"
  },
  {
    "zk_id": "17",
    "log_date": "2025-09-27",
    "time_in": "20:15:24",
    "time_out": "20:15:24"
  },
  {
    "zk_id": "17",
    "log_date": "2025-09-28",
    "time_in": "19:24:30",
    "time_out": "19:24:30"
  },
  {
    "zk_id": "17",
    "log_date": "2025-09-29",
    "time_in": "08:15:15",
    "time_out": "08:15:15"
  },
  {
    "zk_id": "18",
    "log_date": "2025-09-11",
    "time_in": "08:06:03",
    "time_out": "08:06:03"
  },
  {
    "zk_id": "18",
    "log_date": "2025-09-12",
    "time_in": "08:36:32",
    "time_out": "19:35:16"
  },
  {
    "zk_id": "18",
    "log_date": "2025-09-13",
    "time_in": "08:10:41",
    "time_out": "08:10:41"
  },
  {
    "zk_id": "19",
    "log_date": "2025-08-31",
    "time_in": "07:34:05",
    "time_out": "07:34:05"
  },
  {
    "zk_id": "19",
    "log_date": "2025-09-01",
    "time_in": "20:20:55",
    "time_out": "20:20:55"
  },
  {
    "zk_id": "19",
    "log_date": "2025-09-03",
    "time_in": "08:15:19",
    "time_out": "19:35:57"
  },
  {
    "zk_id": "19",
    "log_date": "2025-09-04",
    "time_in": "08:13:00",
    "time_out": "08:13:00"
  },
  {
    "zk_id": "19",
    "log_date": "2025-09-07",
    "time_in": "07:44:45",
    "time_out": "07:44:45"
  },
  {
    "zk_id": "19",
    "log_date": "2025-09-08",
    "time_in": "07:33:34",
    "time_out": "20:10:56"
  },
  {
    "zk_id": "19",
    "log_date": "2025-09-09",
    "time_in": "20:09:47",
    "time_out": "20:09:47"
  },
  {
    "zk_id": "19",
    "log_date": "2025-09-10",
    "time_in": "19:26:37",
    "time_out": "19:26:37"
  },
  {
    "zk_id": "19",
    "log_date": "2025-09-11",
    "time_in": "08:09:18",
    "time_out": "19:31:18"
  },
  {
    "zk_id": "19",
    "log_date": "2025-09-12",
    "time_in": "08:32:24",
    "time_out": "08:32:24"
  },
  {
    "zk_id": "19",
    "log_date": "2025-09-14",
    "time_in": "07:28:46",
    "time_out": "07:28:46"
  },
  {
    "zk_id": "19",
    "log_date": "2025-09-15",
    "time_in": "07:29:16",
    "time_out": "17:11:31"
  },
  {
    "zk_id": "19",
    "log_date": "2025-09-16",
    "time_in": "07:31:53",
    "time_out": "20:12:23"
  },
  {
    "zk_id": "19",
    "log_date": "2025-09-17",
    "time_in": "20:11:45",
    "time_out": "20:11:45"
  },
  {
    "zk_id": "19",
    "log_date": "2025-09-18",
    "time_in": "19:21:43",
    "time_out": "19:21:43"
  },
  {
    "zk_id": "19",
    "log_date": "2025-09-19",
    "time_in": "08:15:24",
    "time_out": "19:18:38"
  },
  {
    "zk_id": "19",
    "log_date": "2025-09-20",
    "time_in": "08:15:38",
    "time_out": "08:15:38"
  },
  {
    "zk_id": "19",
    "log_date": "2025-09-22",
    "time_in": "07:43:26",
    "time_out": "07:43:26"
  },
  {
    "zk_id": "19",
    "log_date": "2025-09-23",
    "time_in": "07:39:42",
    "time_out": "17:17:57"
  },
  {
    "zk_id": "19",
    "log_date": "2025-09-24",
    "time_in": "07:37:27",
    "time_out": "20:15:55"
  },
  {
    "zk_id": "19",
    "log_date": "2025-09-25",
    "time_in": "20:18:17",
    "time_out": "20:18:17"
  },
  {
    "zk_id": "19",
    "log_date": "2025-09-26",
    "time_in": "19:18:36",
    "time_out": "19:18:36"
  },
  {
    "zk_id": "19",
    "log_date": "2025-09-27",
    "time_in": "08:12:51",
    "time_out": "19:32:13"
  },
  {
    "zk_id": "19",
    "log_date": "2025-09-28",
    "time_in": "08:11:58",
    "time_out": "08:11:58"
  },
  {
    "zk_id": "2",
    "log_date": "2025-09-03",
    "time_in": "07:34:31",
    "time_out": "07:34:31"
  },
  {
    "zk_id": "2",
    "log_date": "2025-09-04",
    "time_in": "07:54:25",
    "time_out": "20:11:54"
  },
  {
    "zk_id": "2",
    "log_date": "2025-09-05",
    "time_in": "20:12:53",
    "time_out": "20:12:53"
  },
  {
    "zk_id": "2",
    "log_date": "2025-09-06",
    "time_in": "19:43:23",
    "time_out": "19:43:23"
  },
  {
    "zk_id": "2",
    "log_date": "2025-09-07",
    "time_in": "08:17:02",
    "time_out": "19:43:20"
  },
  {
    "zk_id": "2",
    "log_date": "2025-09-10",
    "time_in": "07:53:21",
    "time_out": "07:53:21"
  },
  {
    "zk_id": "2",
    "log_date": "2025-09-11",
    "time_in": "07:50:52",
    "time_out": "17:14:53"
  },
  {
    "zk_id": "2",
    "log_date": "2025-09-12",
    "time_in": "20:15:56",
    "time_out": "20:15:56"
  },
  {
    "zk_id": "2",
    "log_date": "2025-09-15",
    "time_in": "19:44:30",
    "time_out": "19:44:30"
  },
  {
    "zk_id": "2",
    "log_date": "2025-09-16",
    "time_in": "08:24:25",
    "time_out": "08:24:25"
  },
  {
    "zk_id": "2",
    "log_date": "2025-09-18",
    "time_in": "07:46:26",
    "time_out": "07:46:26"
  },
  {
    "zk_id": "2",
    "log_date": "2025-09-19",
    "time_in": "07:58:29",
    "time_out": "17:15:10"
  },
  {
    "zk_id": "2",
    "log_date": "2025-09-20",
    "time_in": "07:52:10",
    "time_out": "20:15:20"
  },
  {
    "zk_id": "2",
    "log_date": "2025-09-21",
    "time_in": "20:15:08",
    "time_out": "20:15:08"
  },
  {
    "zk_id": "2",
    "log_date": "2025-09-22",
    "time_in": "19:53:14",
    "time_out": "19:53:14"
  },
  {
    "zk_id": "2",
    "log_date": "2025-09-23",
    "time_in": "08:17:13",
    "time_out": "19:46:23"
  },
  {
    "zk_id": "2",
    "log_date": "2025-09-24",
    "time_in": "08:09:59",
    "time_out": "08:09:59"
  },
  {
    "zk_id": "2",
    "log_date": "2025-09-27",
    "time_in": "08:11:36",
    "time_out": "17:15:58"
  },
  {
    "zk_id": "2",
    "log_date": "2025-09-28",
    "time_in": "07:49:03",
    "time_out": "07:49:03"
  },
  {
    "zk_id": "21",
    "log_date": "2025-09-01",
    "time_in": "07:29:09",
    "time_out": "07:29:09"
  },
  {
    "zk_id": "21",
    "log_date": "2025-09-02",
    "time_in": "20:15:42",
    "time_out": "20:15:42"
  },
  {
    "zk_id": "21",
    "log_date": "2025-09-04",
    "time_in": "19:44:38",
    "time_out": "19:44:38"
  },
  {
    "zk_id": "21",
    "log_date": "2025-09-05",
    "time_in": "08:24:17",
    "time_out": "08:24:17"
  },
  {
    "zk_id": "21",
    "log_date": "2025-09-09",
    "time_in": "07:51:47",
    "time_out": "07:51:47"
  },
  {
    "zk_id": "21",
    "log_date": "2025-09-10",
    "time_in": "07:39:26",
    "time_out": "20:09:26"
  },
  {
    "zk_id": "21",
    "log_date": "2025-09-11",
    "time_in": "20:11:21",
    "time_out": "20:11:21"
  },
  {
    "zk_id": "21",
    "log_date": "2025-09-12",
    "time_in": "19:34:53",
    "time_out": "19:34:53"
  },
  {
    "zk_id": "21",
    "log_date": "2025-09-13",
    "time_in": "08:10:54",
    "time_out": "19:35:04"
  },
  {
    "zk_id": "21",
    "log_date": "2025-09-14",
    "time_in": "08:08:44",
    "time_out": "08:08:44"
  },
  {
    "zk_id": "21",
    "log_date": "2025-09-16",
    "time_in": "07:47:06",
    "time_out": "07:47:06"
  },
  {
    "zk_id": "21",
    "log_date": "2025-09-17",
    "time_in": "07:34:52",
    "time_out": "17:17:40"
  },
  {
    "zk_id": "21",
    "log_date": "2025-09-18",
    "time_in": "20:16:03",
    "time_out": "20:16:03"
  },
  {
    "zk_id": "21",
    "log_date": "2025-09-20",
    "time_in": "19:29:34",
    "time_out": "19:29:34"
  },
  {
    "zk_id": "21",
    "log_date": "2025-09-21",
    "time_in": "08:09:13",
    "time_out": "19:59:59"
  },
  {
    "zk_id": "21",
    "log_date": "2025-09-22",
    "time_in": "08:16:29",
    "time_out": "08:16:29"
  },
  {
    "zk_id": "21",
    "log_date": "2025-09-25",
    "time_in": "07:40:59",
    "time_out": "07:40:59"
  },
  {
    "zk_id": "21",
    "log_date": "2025-09-26",
    "time_in": "07:57:13",
    "time_out": "20:16:17"
  },
  {
    "zk_id": "21",
    "log_date": "2025-09-27",
    "time_in": "20:16:44",
    "time_out": "20:16:44"
  },
  {
    "zk_id": "21",
    "log_date": "2025-09-28",
    "time_in": "18:46:45",
    "time_out": "18:46:45"
  },
  {
    "zk_id": "21",
    "log_date": "2025-09-29",
    "time_in": "08:16:57",
    "time_out": "08:16:57"
  },
  {
    "zk_id": "22",
    "log_date": "2025-09-01",
    "time_in": "07:28:55",
    "time_out": "07:28:55"
  },
  {
    "zk_id": "22",
    "log_date": "2025-09-02",
    "time_in": "07:30:01",
    "time_out": "20:16:24"
  },
  {
    "zk_id": "22",
    "log_date": "2025-09-03",
    "time_in": "20:09:22",
    "time_out": "20:09:22"
  },
  {
    "zk_id": "22",
    "log_date": "2025-09-04",
    "time_in": "19:24:39",
    "time_out": "19:24:39"
  },
  {
    "zk_id": "22",
    "log_date": "2025-09-05",
    "time_in": "08:25:00",
    "time_out": "19:17:50"
  },
  {
    "zk_id": "22",
    "log_date": "2025-09-06",
    "time_in": "08:17:29",
    "time_out": "08:17:29"
  },
  {
    "zk_id": "22",
    "log_date": "2025-09-10",
    "time_in": "07:23:22",
    "time_out": "07:23:22"
  },
  {
    "zk_id": "22",
    "log_date": "2025-09-11",
    "time_in": "20:11:24",
    "time_out": "20:11:24"
  },
  {
    "zk_id": "22",
    "log_date": "2025-09-12",
    "time_in": "19:27:34",
    "time_out": "19:27:34"
  },
  {
    "zk_id": "22",
    "log_date": "2025-09-13",
    "time_in": "08:10:46",
    "time_out": "19:17:26"
  },
  {
    "zk_id": "22",
    "log_date": "2025-09-14",
    "time_in": "08:18:19",
    "time_out": "08:18:19"
  },
  {
    "zk_id": "22",
    "log_date": "2025-09-16",
    "time_in": "07:34:49",
    "time_out": "07:34:49"
  },
  {
    "zk_id": "22",
    "log_date": "2025-09-17",
    "time_in": "07:26:19",
    "time_out": "17:17:53"
  },
  {
    "zk_id": "22",
    "log_date": "2025-09-18",
    "time_in": "07:20:56",
    "time_out": "20:16:08"
  },
  {
    "zk_id": "22",
    "log_date": "2025-09-19",
    "time_in": "20:18:51",
    "time_out": "20:18:51"
  },
  {
    "zk_id": "22",
    "log_date": "2025-09-20",
    "time_in": "19:29:26",
    "time_out": "19:29:26"
  },
  {
    "zk_id": "22",
    "log_date": "2025-09-21",
    "time_in": "08:08:30",
    "time_out": "08:08:30"
  },
  {
    "zk_id": "22",
    "log_date": "2025-09-25",
    "time_in": "07:36:38",
    "time_out": "07:36:38"
  },
  {
    "zk_id": "22",
    "log_date": "2025-09-26",
    "time_in": "07:40:06",
    "time_out": "20:18:08"
  },
  {
    "zk_id": "22",
    "log_date": "2025-09-27",
    "time_in": "20:16:49",
    "time_out": "20:16:49"
  },
  {
    "zk_id": "22",
    "log_date": "2025-09-29",
    "time_in": "08:16:59",
    "time_out": "08:16:59"
  },
  {
    "zk_id": "23",
    "log_date": "2025-08-31",
    "time_in": "07:12:17",
    "time_out": "07:12:17"
  },
  {
    "zk_id": "23",
    "log_date": "2025-09-01",
    "time_in": "07:15:26",
    "time_out": "20:21:03"
  },
  {
    "zk_id": "23",
    "log_date": "2025-09-02",
    "time_in": "17:09:27",
    "time_out": "19:57:37"
  },
  {
    "zk_id": "23",
    "log_date": "2025-09-03",
    "time_in": "17:17:30",
    "time_out": "19:42:01"
  },
  {
    "zk_id": "23",
    "log_date": "2025-09-04",
    "time_in": "17:17:51",
    "time_out": "17:17:51"
  },
  {
    "zk_id": "23",
    "log_date": "2025-09-06",
    "time_in": "07:30:02",
    "time_out": "07:30:02"
  },
  {
    "zk_id": "23",
    "log_date": "2025-09-07",
    "time_in": "07:28:15",
    "time_out": "17:17:23"
  },
  {
    "zk_id": "23",
    "log_date": "2025-09-08",
    "time_in": "07:36:22",
    "time_out": "20:13:30"
  },
  {
    "zk_id": "23",
    "log_date": "2025-09-09",
    "time_in": "20:16:13",
    "time_out": "20:16:13"
  },
  {
    "zk_id": "23",
    "log_date": "2025-09-10",
    "time_in": "19:33:55",
    "time_out": "19:33:55"
  },
  {
    "zk_id": "23",
    "log_date": "2025-09-11",
    "time_in": "08:17:06",
    "time_out": "19:45:17"
  },
  {
    "zk_id": "23",
    "log_date": "2025-09-12",
    "time_in": "08:31:55",
    "time_out": "08:31:55"
  },
  {
    "zk_id": "24",
    "log_date": "2025-09-01",
    "time_in": "08:13:11",
    "time_out": "18:37:11"
  },
  {
    "zk_id": "24",
    "log_date": "2025-09-02",
    "time_in": "08:30:02",
    "time_out": "08:30:02"
  },
  {
    "zk_id": "24",
    "log_date": "2025-09-03",
    "time_in": "07:29:24",
    "time_out": "07:29:24"
  },
  {
    "zk_id": "24",
    "log_date": "2025-09-04",
    "time_in": "07:47:47",
    "time_out": "17:14:52"
  },
  {
    "zk_id": "24",
    "log_date": "2025-09-05",
    "time_in": "07:34:51",
    "time_out": "17:08:43"
  },
  {
    "zk_id": "24",
    "log_date": "2025-09-06",
    "time_in": "07:42:34",
    "time_out": "20:08:42"
  },
  {
    "zk_id": "24",
    "log_date": "2025-09-07",
    "time_in": "20:07:50",
    "time_out": "20:07:50"
  },
  {
    "zk_id": "24",
    "log_date": "2025-09-08",
    "time_in": "18:29:54",
    "time_out": "18:29:54"
  },
  {
    "zk_id": "24",
    "log_date": "2025-09-09",
    "time_in": "08:22:57",
    "time_out": "18:17:10"
  },
  {
    "zk_id": "24",
    "log_date": "2025-09-10",
    "time_in": "08:15:18",
    "time_out": "08:15:18"
  },
  {
    "zk_id": "24",
    "log_date": "2025-09-12",
    "time_in": "07:30:03",
    "time_out": "07:30:03"
  },
  {
    "zk_id": "24",
    "log_date": "2025-09-13",
    "time_in": "07:28:54",
    "time_out": "17:14:55"
  },
  {
    "zk_id": "24",
    "log_date": "2025-09-14",
    "time_in": "07:28:10",
    "time_out": "20:10:38"
  },
  {
    "zk_id": "24",
    "log_date": "2025-09-16",
    "time_in": "08:17:53",
    "time_out": "18:29:05"
  },
  {
    "zk_id": "24",
    "log_date": "2025-09-17",
    "time_in": "08:19:39",
    "time_out": "18:20:37"
  },
  {
    "zk_id": "24",
    "log_date": "2025-09-18",
    "time_in": "08:16:19",
    "time_out": "08:16:19"
  },
  {
    "zk_id": "24",
    "log_date": "2025-09-20",
    "time_in": "07:37:46",
    "time_out": "07:37:46"
  },
  {
    "zk_id": "24",
    "log_date": "2025-09-21",
    "time_in": "17:11:14",
    "time_out": "17:11:14"
  },
  {
    "zk_id": "24",
    "log_date": "2025-09-22",
    "time_in": "08:10:28",
    "time_out": "20:12:03"
  },
  {
    "zk_id": "24",
    "log_date": "2025-09-23",
    "time_in": "08:01:46",
    "time_out": "20:14:27"
  },
  {
    "zk_id": "24",
    "log_date": "2025-09-24",
    "time_in": "18:24:32",
    "time_out": "18:24:32"
  },
  {
    "zk_id": "24",
    "log_date": "2025-09-25",
    "time_in": "08:20:24",
    "time_out": "18:40:15"
  },
  {
    "zk_id": "24",
    "log_date": "2025-09-26",
    "time_in": "08:16:34",
    "time_out": "08:16:34"
  },
  {
    "zk_id": "24",
    "log_date": "2025-09-29",
    "time_in": "08:04:57",
    "time_out": "08:04:57"
  },
  {
    "zk_id": "25",
    "log_date": "2025-08-31",
    "time_in": "07:08:15",
    "time_out": "07:08:15"
  },
  {
    "zk_id": "25",
    "log_date": "2025-09-01",
    "time_in": "06:43:16",
    "time_out": "17:16:08"
  },
  {
    "zk_id": "25",
    "log_date": "2025-09-02",
    "time_in": "17:09:37",
    "time_out": "17:09:37"
  },
  {
    "zk_id": "25",
    "log_date": "2025-09-03",
    "time_in": "17:17:07",
    "time_out": "17:17:07"
  },
  {
    "zk_id": "25",
    "log_date": "2025-09-04",
    "time_in": "07:00:26",
    "time_out": "17:18:00"
  },
  {
    "zk_id": "25",
    "log_date": "2025-09-05",
    "time_in": "06:45:38",
    "time_out": "16:15:42"
  },
  {
    "zk_id": "25",
    "log_date": "2025-09-06",
    "time_in": "17:10:42",
    "time_out": "17:10:42"
  },
  {
    "zk_id": "25",
    "log_date": "2025-09-08",
    "time_in": "06:55:49",
    "time_out": "06:55:49"
  },
  {
    "zk_id": "25",
    "log_date": "2025-09-09",
    "time_in": "07:02:36",
    "time_out": "17:10:55"
  },
  {
    "zk_id": "25",
    "log_date": "2025-09-10",
    "time_in": "07:37:28",
    "time_out": "17:16:14"
  },
  {
    "zk_id": "25",
    "log_date": "2025-09-11",
    "time_in": "07:49:41",
    "time_out": "17:14:44"
  },
  {
    "zk_id": "25",
    "log_date": "2025-09-12",
    "time_in": "07:55:27",
    "time_out": "17:09:16"
  },
  {
    "zk_id": "25",
    "log_date": "2025-09-13",
    "time_in": "17:18:22",
    "time_out": "17:18:22"
  },
  {
    "zk_id": "25",
    "log_date": "2025-09-14",
    "time_in": "07:44:59",
    "time_out": "07:44:59"
  },
  {
    "zk_id": "25",
    "log_date": "2025-09-15",
    "time_in": "07:01:46",
    "time_out": "17:11:35"
  },
  {
    "zk_id": "25",
    "log_date": "2025-09-16",
    "time_in": "17:08:13",
    "time_out": "17:08:13"
  },
  {
    "zk_id": "25",
    "log_date": "2025-09-17",
    "time_in": "07:34:04",
    "time_out": "17:17:50"
  },
  {
    "zk_id": "25",
    "log_date": "2025-09-18",
    "time_in": "17:17:10",
    "time_out": "17:17:10"
  },
  {
    "zk_id": "25",
    "log_date": "2025-09-19",
    "time_in": "06:58:49",
    "time_out": "06:58:49"
  },
  {
    "zk_id": "25",
    "log_date": "2025-09-20",
    "time_in": "17:09:30",
    "time_out": "17:09:30"
  },
  {
    "zk_id": "25",
    "log_date": "2025-09-21",
    "time_in": "07:14:05",
    "time_out": "07:14:05"
  },
  {
    "zk_id": "25",
    "log_date": "2025-09-22",
    "time_in": "17:16:50",
    "time_out": "17:16:50"
  },
  {
    "zk_id": "25",
    "log_date": "2025-09-23",
    "time_in": "12:34:31",
    "time_out": "17:17:28"
  },
  {
    "zk_id": "25",
    "log_date": "2025-09-24",
    "time_in": "07:41:15",
    "time_out": "07:41:15"
  },
  {
    "zk_id": "25",
    "log_date": "2025-09-25",
    "time_in": "15:16:07",
    "time_out": "15:16:07"
  },
  {
    "zk_id": "25",
    "log_date": "2025-09-26",
    "time_in": "06:46:15",
    "time_out": "17:10:43"
  },
  {
    "zk_id": "25",
    "log_date": "2025-09-27",
    "time_in": "17:16:33",
    "time_out": "17:16:33"
  },
  {
    "zk_id": "25",
    "log_date": "2025-09-28",
    "time_in": "06:54:54",
    "time_out": "06:54:54"
  },
  {
    "zk_id": "26",
    "log_date": "2025-09-01",
    "time_in": "19:20:19",
    "time_out": "19:20:19"
  },
  {
    "zk_id": "26",
    "log_date": "2025-09-02",
    "time_in": "08:31:45",
    "time_out": "08:31:45"
  },
  {
    "zk_id": "26",
    "log_date": "2025-09-03",
    "time_in": "07:22:37",
    "time_out": "07:22:37"
  },
  {
    "zk_id": "26",
    "log_date": "2025-09-04",
    "time_in": "17:15:06",
    "time_out": "17:15:06"
  },
  {
    "zk_id": "26",
    "log_date": "2025-09-13",
    "time_in": "07:52:44",
    "time_out": "07:52:44"
  },
  {
    "zk_id": "26",
    "log_date": "2025-09-14",
    "time_in": "07:07:23",
    "time_out": "20:02:00"
  },
  {
    "zk_id": "26",
    "log_date": "2025-09-15",
    "time_in": "20:00:46",
    "time_out": "20:00:46"
  },
  {
    "zk_id": "26",
    "log_date": "2025-09-16",
    "time_in": "18:58:23",
    "time_out": "18:58:23"
  },
  {
    "zk_id": "26",
    "log_date": "2025-09-17",
    "time_in": "08:22:14",
    "time_out": "19:11:33"
  },
  {
    "zk_id": "26",
    "log_date": "2025-09-18",
    "time_in": "08:15:44",
    "time_out": "08:15:44"
  },
  {
    "zk_id": "26",
    "log_date": "2025-09-21",
    "time_in": "07:29:42",
    "time_out": "07:29:42"
  },
  {
    "zk_id": "26",
    "log_date": "2025-09-22",
    "time_in": "07:19:15",
    "time_out": "20:00:02"
  },
  {
    "zk_id": "26",
    "log_date": "2025-09-23",
    "time_in": "20:14:59",
    "time_out": "20:14:59"
  },
  {
    "zk_id": "26",
    "log_date": "2025-09-24",
    "time_in": "19:20:55",
    "time_out": "19:20:55"
  },
  {
    "zk_id": "26",
    "log_date": "2025-09-25",
    "time_in": "08:20:02",
    "time_out": "18:31:10"
  },
  {
    "zk_id": "26",
    "log_date": "2025-09-26",
    "time_in": "08:19:33",
    "time_out": "08:19:33"
  },
  {
    "zk_id": "26",
    "log_date": "2025-09-28",
    "time_in": "07:44:09",
    "time_out": "07:44:09"
  },
  {
    "zk_id": "27",
    "log_date": "2025-08-31",
    "time_in": "06:34:12",
    "time_out": "06:34:12"
  },
  {
    "zk_id": "27",
    "log_date": "2025-09-01",
    "time_in": "06:45:20",
    "time_out": "16:07:28"
  },
  {
    "zk_id": "27",
    "log_date": "2025-09-02",
    "time_in": "06:43:18",
    "time_out": "16:03:57"
  },
  {
    "zk_id": "27",
    "log_date": "2025-09-03",
    "time_in": "06:42:59",
    "time_out": "16:05:30"
  },
  {
    "zk_id": "27",
    "log_date": "2025-09-04",
    "time_in": "06:38:04",
    "time_out": "16:08:07"
  },
  {
    "zk_id": "27",
    "log_date": "2025-09-05",
    "time_in": "06:40:44",
    "time_out": "16:04:44"
  },
  {
    "zk_id": "27",
    "log_date": "2025-09-06",
    "time_in": "06:52:24",
    "time_out": "16:07:45"
  },
  {
    "zk_id": "27",
    "log_date": "2025-09-07",
    "time_in": "06:53:47",
    "time_out": "16:03:58"
  },
  {
    "zk_id": "27",
    "log_date": "2025-09-08",
    "time_in": "16:04:42",
    "time_out": "16:04:42"
  },
  {
    "zk_id": "27",
    "log_date": "2025-09-09",
    "time_in": "06:42:50",
    "time_out": "06:42:50"
  },
  {
    "zk_id": "27",
    "log_date": "2025-09-10",
    "time_in": "06:42:14",
    "time_out": "16:05:14"
  },
  {
    "zk_id": "27",
    "log_date": "2025-09-11",
    "time_in": "07:06:11",
    "time_out": "16:16:50"
  },
  {
    "zk_id": "27",
    "log_date": "2025-09-12",
    "time_in": "07:02:59",
    "time_out": "19:03:11"
  },
  {
    "zk_id": "27",
    "log_date": "2025-09-13",
    "time_in": "06:51:21",
    "time_out": "16:10:56"
  },
  {
    "zk_id": "27",
    "log_date": "2025-09-14",
    "time_in": "06:34:21",
    "time_out": "16:03:23"
  },
  {
    "zk_id": "27",
    "log_date": "2025-09-15",
    "time_in": "06:59:37",
    "time_out": "20:11:17"
  },
  {
    "zk_id": "27",
    "log_date": "2025-09-16",
    "time_in": "07:00:52",
    "time_out": "16:06:29"
  },
  {
    "zk_id": "27",
    "log_date": "2025-09-17",
    "time_in": "06:50:30",
    "time_out": "16:08:18"
  },
  {
    "zk_id": "27",
    "log_date": "2025-09-18",
    "time_in": "06:54:27",
    "time_out": "19:00:31"
  },
  {
    "zk_id": "27",
    "log_date": "2025-09-19",
    "time_in": "06:54:46",
    "time_out": "19:05:37"
  },
  {
    "zk_id": "27",
    "log_date": "2025-09-20",
    "time_in": "07:00:07",
    "time_out": "16:06:52"
  },
  {
    "zk_id": "27",
    "log_date": "2025-09-21",
    "time_in": "07:05:51",
    "time_out": "16:04:29"
  },
  {
    "zk_id": "27",
    "log_date": "2025-09-22",
    "time_in": "06:57:20",
    "time_out": "16:07:10"
  },
  {
    "zk_id": "27",
    "log_date": "2025-09-23",
    "time_in": "06:37:02",
    "time_out": "16:05:34"
  },
  {
    "zk_id": "27",
    "log_date": "2025-09-24",
    "time_in": "06:51:02",
    "time_out": "16:06:58"
  },
  {
    "zk_id": "27",
    "log_date": "2025-09-25",
    "time_in": "07:05:27",
    "time_out": "17:29:17"
  },
  {
    "zk_id": "27",
    "log_date": "2025-09-26",
    "time_in": "07:00:27",
    "time_out": "16:01:42"
  },
  {
    "zk_id": "27",
    "log_date": "2025-09-27",
    "time_in": "06:57:45",
    "time_out": "16:05:58"
  },
  {
    "zk_id": "27",
    "log_date": "2025-09-28",
    "time_in": "06:52:46",
    "time_out": "16:01:42"
  },
  {
    "zk_id": "28",
    "log_date": "2025-09-01",
    "time_in": "07:49:34",
    "time_out": "17:15:54"
  },
  {
    "zk_id": "28",
    "log_date": "2025-09-02",
    "time_in": "07:52:11",
    "time_out": "20:16:19"
  },
  {
    "zk_id": "28",
    "log_date": "2025-09-03",
    "time_in": "20:09:18",
    "time_out": "20:09:18"
  },
  {
    "zk_id": "28",
    "log_date": "2025-09-04",
    "time_in": "19:44:36",
    "time_out": "19:44:36"
  },
  {
    "zk_id": "28",
    "log_date": "2025-09-05",
    "time_in": "08:25:10",
    "time_out": "19:43:54"
  },
  {
    "zk_id": "28",
    "log_date": "2025-09-06",
    "time_in": "08:17:20",
    "time_out": "08:17:20"
  },
  {
    "zk_id": "28",
    "log_date": "2025-09-10",
    "time_in": "07:48:59",
    "time_out": "07:48:59"
  },
  {
    "zk_id": "28",
    "log_date": "2025-09-11",
    "time_in": "18:06:57",
    "time_out": "18:06:57"
  },
  {
    "zk_id": "28",
    "log_date": "2025-09-17",
    "time_in": "07:57:39",
    "time_out": "07:57:39"
  },
  {
    "zk_id": "28",
    "log_date": "2025-09-18",
    "time_in": "07:59:41",
    "time_out": "20:16:06"
  },
  {
    "zk_id": "28",
    "log_date": "2025-09-19",
    "time_in": "20:18:54",
    "time_out": "20:18:54"
  },
  {
    "zk_id": "28",
    "log_date": "2025-09-20",
    "time_in": "19:56:13",
    "time_out": "19:56:13"
  },
  {
    "zk_id": "28",
    "log_date": "2025-09-21",
    "time_in": "08:08:58",
    "time_out": "08:08:58"
  },
  {
    "zk_id": "28",
    "log_date": "2025-09-22",
    "time_in": "08:16:31",
    "time_out": "08:16:31"
  },
  {
    "zk_id": "28",
    "log_date": "2025-09-26",
    "time_in": "08:24:48",
    "time_out": "20:18:14"
  },
  {
    "zk_id": "28",
    "log_date": "2025-09-28",
    "time_in": "19:47:32",
    "time_out": "19:47:32"
  },
  {
    "zk_id": "28",
    "log_date": "2025-09-29",
    "time_in": "08:17:02",
    "time_out": "08:17:02"
  },
  {
    "zk_id": "29",
    "log_date": "2025-09-03",
    "time_in": "07:34:43",
    "time_out": "07:34:43"
  },
  {
    "zk_id": "29",
    "log_date": "2025-09-04",
    "time_in": "07:21:09",
    "time_out": "20:11:27"
  },
  {
    "zk_id": "29",
    "log_date": "2025-09-05",
    "time_in": "20:12:45",
    "time_out": "20:12:45"
  },
  {
    "zk_id": "29",
    "log_date": "2025-09-06",
    "time_in": "19:29:57",
    "time_out": "19:29:57"
  },
  {
    "zk_id": "29",
    "log_date": "2025-09-07",
    "time_in": "08:09:53",
    "time_out": "19:18:45"
  },
  {
    "zk_id": "29",
    "log_date": "2025-09-08",
    "time_in": "08:17:02",
    "time_out": "08:17:02"
  },
  {
    "zk_id": "29",
    "log_date": "2025-09-10",
    "time_in": "07:42:20",
    "time_out": "07:42:20"
  },
  {
    "zk_id": "29",
    "log_date": "2025-09-11",
    "time_in": "07:27:00",
    "time_out": "17:14:11"
  },
  {
    "zk_id": "29",
    "log_date": "2025-09-12",
    "time_in": "07:44:20",
    "time_out": "20:15:41"
  },
  {
    "zk_id": "29",
    "log_date": "2025-09-13",
    "time_in": "20:11:27",
    "time_out": "20:11:27"
  },
  {
    "zk_id": "29",
    "log_date": "2025-09-14",
    "time_in": "19:52:05",
    "time_out": "19:52:05"
  },
  {
    "zk_id": "29",
    "log_date": "2025-09-15",
    "time_in": "08:09:28",
    "time_out": "19:10:14"
  },
  {
    "zk_id": "29",
    "log_date": "2025-09-16",
    "time_in": "08:09:48",
    "time_out": "08:09:48"
  },
  {
    "zk_id": "29",
    "log_date": "2025-09-18",
    "time_in": "07:45:47",
    "time_out": "07:45:47"
  },
  {
    "zk_id": "29",
    "log_date": "2025-09-19",
    "time_in": "07:31:42",
    "time_out": "17:15:50"
  },
  {
    "zk_id": "29",
    "log_date": "2025-09-20",
    "time_in": "07:41:41",
    "time_out": "20:12:47"
  },
  {
    "zk_id": "29",
    "log_date": "2025-09-21",
    "time_in": "20:13:24",
    "time_out": "20:13:24"
  },
  {
    "zk_id": "29",
    "log_date": "2025-09-22",
    "time_in": "19:28:19",
    "time_out": "19:28:19"
  },
  {
    "zk_id": "29",
    "log_date": "2025-09-23",
    "time_in": "08:10:34",
    "time_out": "19:07:37"
  },
  {
    "zk_id": "29",
    "log_date": "2025-09-24",
    "time_in": "08:09:42",
    "time_out": "08:09:42"
  },
  {
    "zk_id": "29",
    "log_date": "2025-09-26",
    "time_in": "07:38:15",
    "time_out": "07:38:15"
  },
  {
    "zk_id": "29",
    "log_date": "2025-09-27",
    "time_in": "07:21:17",
    "time_out": "17:15:42"
  },
  {
    "zk_id": "29",
    "log_date": "2025-09-28",
    "time_in": "07:50:04",
    "time_out": "20:10:38"
  },
  {
    "zk_id": "3",
    "log_date": "2025-09-01",
    "time_in": "17:15:49",
    "time_out": "17:15:49"
  },
  {
    "zk_id": "3",
    "log_date": "2025-09-02",
    "time_in": "07:14:32",
    "time_out": "20:16:47"
  },
  {
    "zk_id": "3",
    "log_date": "2025-09-03",
    "time_in": "20:12:52",
    "time_out": "20:12:52"
  },
  {
    "zk_id": "3",
    "log_date": "2025-09-04",
    "time_in": "19:30:33",
    "time_out": "19:30:33"
  },
  {
    "zk_id": "3",
    "log_date": "2025-09-05",
    "time_in": "08:22:09",
    "time_out": "19:35:57"
  },
  {
    "zk_id": "3",
    "log_date": "2025-09-06",
    "time_in": "08:17:25",
    "time_out": "08:17:25"
  },
  {
    "zk_id": "3",
    "log_date": "2025-09-09",
    "time_in": "07:41:32",
    "time_out": "07:41:32"
  },
  {
    "zk_id": "3",
    "log_date": "2025-09-10",
    "time_in": "20:14:16",
    "time_out": "20:14:16"
  },
  {
    "zk_id": "3",
    "log_date": "2025-09-12",
    "time_in": "19:36:42",
    "time_out": "19:36:42"
  },
  {
    "zk_id": "3",
    "log_date": "2025-09-13",
    "time_in": "08:17:40",
    "time_out": "19:30:08"
  },
  {
    "zk_id": "3",
    "log_date": "2025-09-14",
    "time_in": "08:11:43",
    "time_out": "08:11:43"
  },
  {
    "zk_id": "3",
    "log_date": "2025-09-16",
    "time_in": "07:50:33",
    "time_out": "07:50:33"
  },
  {
    "zk_id": "3",
    "log_date": "2025-09-17",
    "time_in": "07:42:55",
    "time_out": "17:15:37"
  },
  {
    "zk_id": "3",
    "log_date": "2025-09-18",
    "time_in": "07:37:33",
    "time_out": "20:16:18"
  },
  {
    "zk_id": "3",
    "log_date": "2025-09-19",
    "time_in": "20:17:39",
    "time_out": "20:17:39"
  },
  {
    "zk_id": "3",
    "log_date": "2025-09-20",
    "time_in": "19:28:59",
    "time_out": "19:28:59"
  },
  {
    "zk_id": "3",
    "log_date": "2025-09-21",
    "time_in": "08:08:38",
    "time_out": "19:43:45"
  },
  {
    "zk_id": "3",
    "log_date": "2025-09-22",
    "time_in": "08:18:21",
    "time_out": "08:18:21"
  },
  {
    "zk_id": "3",
    "log_date": "2025-09-25",
    "time_in": "07:40:12",
    "time_out": "07:40:12"
  },
  {
    "zk_id": "3",
    "log_date": "2025-09-26",
    "time_in": "07:46:09",
    "time_out": "20:13:23"
  },
  {
    "zk_id": "3",
    "log_date": "2025-09-27",
    "time_in": "20:15:21",
    "time_out": "20:15:21"
  },
  {
    "zk_id": "3",
    "log_date": "2025-09-28",
    "time_in": "19:32:21",
    "time_out": "19:32:21"
  },
  {
    "zk_id": "3",
    "log_date": "2025-09-29",
    "time_in": "08:15:13",
    "time_out": "08:15:13"
  },
  {
    "zk_id": "30",
    "log_date": "2025-08-31",
    "time_in": "07:26:28",
    "time_out": "07:26:28"
  },
  {
    "zk_id": "30",
    "log_date": "2025-09-01",
    "time_in": "07:16:32",
    "time_out": "17:16:25"
  },
  {
    "zk_id": "30",
    "log_date": "2025-09-02",
    "time_in": "07:23:43",
    "time_out": "17:09:24"
  },
  {
    "zk_id": "30",
    "log_date": "2025-09-03",
    "time_in": "07:19:22",
    "time_out": "17:15:52"
  },
  {
    "zk_id": "30",
    "log_date": "2025-09-04",
    "time_in": "07:27:32",
    "time_out": "20:11:24"
  },
  {
    "zk_id": "30",
    "log_date": "2025-09-05",
    "time_in": "20:13:01",
    "time_out": "20:13:01"
  },
  {
    "zk_id": "30",
    "log_date": "2025-09-06",
    "time_in": "19:24:22",
    "time_out": "19:24:22"
  },
  {
    "zk_id": "30",
    "log_date": "2025-09-07",
    "time_in": "08:09:59",
    "time_out": "19:09:39"
  },
  {
    "zk_id": "30",
    "log_date": "2025-09-08",
    "time_in": "08:17:55",
    "time_out": "08:17:55"
  },
  {
    "zk_id": "30",
    "log_date": "2025-09-10",
    "time_in": "07:25:41",
    "time_out": "07:25:41"
  },
  {
    "zk_id": "30",
    "log_date": "2025-09-11",
    "time_in": "07:02:39",
    "time_out": "17:14:38"
  },
  {
    "zk_id": "30",
    "log_date": "2025-09-12",
    "time_in": "07:36:43",
    "time_out": "20:15:31"
  },
  {
    "zk_id": "30",
    "log_date": "2025-09-13",
    "time_in": "20:11:35",
    "time_out": "20:11:35"
  },
  {
    "zk_id": "30",
    "log_date": "2025-09-14",
    "time_in": "19:28:13",
    "time_out": "19:28:13"
  },
  {
    "zk_id": "30",
    "log_date": "2025-09-15",
    "time_in": "08:09:37",
    "time_out": "19:21:46"
  },
  {
    "zk_id": "30",
    "log_date": "2025-09-16",
    "time_in": "08:17:06",
    "time_out": "08:17:06"
  },
  {
    "zk_id": "30",
    "log_date": "2025-09-17",
    "time_in": "19:30:26",
    "time_out": "19:30:26"
  },
  {
    "zk_id": "30",
    "log_date": "2025-09-18",
    "time_in": "06:31:58",
    "time_out": "08:17:42"
  },
  {
    "zk_id": "30",
    "log_date": "2025-09-19",
    "time_in": "07:12:14",
    "time_out": "17:16:43"
  },
  {
    "zk_id": "30",
    "log_date": "2025-09-20",
    "time_in": "07:32:34",
    "time_out": "20:12:43"
  },
  {
    "zk_id": "30",
    "log_date": "2025-09-21",
    "time_in": "20:13:39",
    "time_out": "20:13:39"
  },
  {
    "zk_id": "30",
    "log_date": "2025-09-22",
    "time_in": "19:23:54",
    "time_out": "19:23:54"
  },
  {
    "zk_id": "30",
    "log_date": "2025-09-23",
    "time_in": "08:10:29",
    "time_out": "19:27:15"
  },
  {
    "zk_id": "30",
    "log_date": "2025-09-24",
    "time_in": "07:09:12",
    "time_out": "08:09:56"
  },
  {
    "zk_id": "30",
    "log_date": "2025-09-25",
    "time_in": "07:49:29",
    "time_out": "17:12:39"
  },
  {
    "zk_id": "30",
    "log_date": "2025-09-26",
    "time_in": "07:22:34",
    "time_out": "17:10:39"
  },
  {
    "zk_id": "30",
    "log_date": "2025-09-27",
    "time_in": "07:21:13",
    "time_out": "17:16:29"
  },
  {
    "zk_id": "30",
    "log_date": "2025-09-28",
    "time_in": "07:24:00",
    "time_out": "20:10:49"
  },
  {
    "zk_id": "31",
    "log_date": "2025-08-31",
    "time_in": "07:08:20",
    "time_out": "07:08:20"
  },
  {
    "zk_id": "31",
    "log_date": "2025-09-01",
    "time_in": "19:20:36",
    "time_out": "19:20:36"
  },
  {
    "zk_id": "31",
    "log_date": "2025-09-02",
    "time_in": "19:12:43",
    "time_out": "19:12:43"
  },
  {
    "zk_id": "31",
    "log_date": "2025-09-03",
    "time_in": "08:14:06",
    "time_out": "19:22:21"
  },
  {
    "zk_id": "31",
    "log_date": "2025-09-04",
    "time_in": "08:17:06",
    "time_out": "08:17:06"
  },
  {
    "zk_id": "31",
    "log_date": "2025-09-06",
    "time_in": "07:34:32",
    "time_out": "07:34:32"
  },
  {
    "zk_id": "31",
    "log_date": "2025-09-07",
    "time_in": "07:18:18",
    "time_out": "17:11:06"
  },
  {
    "zk_id": "31",
    "log_date": "2025-09-08",
    "time_in": "07:32:33",
    "time_out": "20:14:16"
  },
  {
    "zk_id": "31",
    "log_date": "2025-09-09",
    "time_in": "20:13:26",
    "time_out": "20:13:26"
  },
  {
    "zk_id": "31",
    "log_date": "2025-09-10",
    "time_in": "19:13:15",
    "time_out": "19:13:15"
  },
  {
    "zk_id": "31",
    "log_date": "2025-09-11",
    "time_in": "08:12:52",
    "time_out": "19:18:39"
  },
  {
    "zk_id": "31",
    "log_date": "2025-09-12",
    "time_in": "08:28:13",
    "time_out": "08:28:13"
  },
  {
    "zk_id": "31",
    "log_date": "2025-09-14",
    "time_in": "07:34:41",
    "time_out": "07:34:41"
  },
  {
    "zk_id": "31",
    "log_date": "2025-09-15",
    "time_in": "07:36:46",
    "time_out": "17:15:27"
  },
  {
    "zk_id": "31",
    "log_date": "2025-09-16",
    "time_in": "07:09:04",
    "time_out": "07:09:04"
  },
  {
    "zk_id": "31",
    "log_date": "2025-09-17",
    "time_in": "20:14:27",
    "time_out": "20:14:27"
  },
  {
    "zk_id": "31",
    "log_date": "2025-09-18",
    "time_in": "19:06:31",
    "time_out": "19:06:31"
  },
  {
    "zk_id": "31",
    "log_date": "2025-09-19",
    "time_in": "08:15:03",
    "time_out": "19:03:48"
  },
  {
    "zk_id": "31",
    "log_date": "2025-09-20",
    "time_in": "08:12:53",
    "time_out": "08:12:53"
  },
  {
    "zk_id": "31",
    "log_date": "2025-09-22",
    "time_in": "07:16:36",
    "time_out": "07:16:36"
  },
  {
    "zk_id": "31",
    "log_date": "2025-09-23",
    "time_in": "07:29:39",
    "time_out": "12:16:25"
  },
  {
    "zk_id": "31",
    "log_date": "2025-09-24",
    "time_in": "07:45:16",
    "time_out": "20:15:52"
  },
  {
    "zk_id": "31",
    "log_date": "2025-09-25",
    "time_in": "20:13:58",
    "time_out": "20:13:58"
  },
  {
    "zk_id": "31",
    "log_date": "2025-09-26",
    "time_in": "19:19:16",
    "time_out": "19:19:16"
  },
  {
    "zk_id": "31",
    "log_date": "2025-09-27",
    "time_in": "08:15:10",
    "time_out": "19:23:56"
  },
  {
    "zk_id": "31",
    "log_date": "2025-09-28",
    "time_in": "08:15:39",
    "time_out": "08:15:39"
  },
  {
    "zk_id": "33",
    "log_date": "2025-09-01",
    "time_in": "20:19:10",
    "time_out": "20:19:10"
  },
  {
    "zk_id": "33",
    "log_date": "2025-09-03",
    "time_in": "08:15:32",
    "time_out": "19:35:46"
  },
  {
    "zk_id": "33",
    "log_date": "2025-09-04",
    "time_in": "08:12:41",
    "time_out": "08:12:41"
  },
  {
    "zk_id": "33",
    "log_date": "2025-09-07",
    "time_in": "07:26:27",
    "time_out": "07:26:27"
  },
  {
    "zk_id": "33",
    "log_date": "2025-09-08",
    "time_in": "07:22:38",
    "time_out": "20:10:53"
  },
  {
    "zk_id": "33",
    "log_date": "2025-09-09",
    "time_in": "20:16:32",
    "time_out": "20:16:32"
  },
  {
    "zk_id": "33",
    "log_date": "2025-09-10",
    "time_in": "19:33:48",
    "time_out": "19:33:48"
  },
  {
    "zk_id": "33",
    "log_date": "2025-09-11",
    "time_in": "08:12:03",
    "time_out": "19:29:27"
  },
  {
    "zk_id": "33",
    "log_date": "2025-09-12",
    "time_in": "08:32:14",
    "time_out": "08:32:14"
  },
  {
    "zk_id": "33",
    "log_date": "2025-09-14",
    "time_in": "07:38:04",
    "time_out": "07:38:04"
  },
  {
    "zk_id": "33",
    "log_date": "2025-09-15",
    "time_in": "07:29:19",
    "time_out": "17:16:25"
  },
  {
    "zk_id": "33",
    "log_date": "2025-09-16",
    "time_in": "07:31:51",
    "time_out": "20:12:20"
  },
  {
    "zk_id": "33",
    "log_date": "2025-09-17",
    "time_in": "20:11:33",
    "time_out": "20:11:33"
  },
  {
    "zk_id": "33",
    "log_date": "2025-09-18",
    "time_in": "19:21:53",
    "time_out": "19:21:53"
  },
  {
    "zk_id": "33",
    "log_date": "2025-09-19",
    "time_in": "08:18:25",
    "time_out": "19:18:35"
  },
  {
    "zk_id": "33",
    "log_date": "2025-09-20",
    "time_in": "08:15:19",
    "time_out": "08:15:19"
  },
  {
    "zk_id": "33",
    "log_date": "2025-09-22",
    "time_in": "07:33:35",
    "time_out": "07:33:35"
  },
  {
    "zk_id": "33",
    "log_date": "2025-09-23",
    "time_in": "17:17:54",
    "time_out": "17:17:54"
  },
  {
    "zk_id": "33",
    "log_date": "2025-09-26",
    "time_in": "19:33:34",
    "time_out": "19:33:34"
  },
  {
    "zk_id": "33",
    "log_date": "2025-09-27",
    "time_in": "08:12:46",
    "time_out": "19:26:37"
  },
  {
    "zk_id": "33",
    "log_date": "2025-09-28",
    "time_in": "08:16:51",
    "time_out": "08:16:51"
  },
  {
    "zk_id": "34",
    "log_date": "2025-09-03",
    "time_in": "08:14:10",
    "time_out": "20:01:12"
  },
  {
    "zk_id": "34",
    "log_date": "2025-09-04",
    "time_in": "08:17:00",
    "time_out": "08:17:00"
  },
  {
    "zk_id": "34",
    "log_date": "2025-09-07",
    "time_in": "07:41:52",
    "time_out": "17:11:04"
  },
  {
    "zk_id": "34",
    "log_date": "2025-09-08",
    "time_in": "20:14:08",
    "time_out": "20:14:08"
  },
  {
    "zk_id": "34",
    "log_date": "2025-09-09",
    "time_in": "08:04:59",
    "time_out": "20:12:57"
  },
  {
    "zk_id": "34",
    "log_date": "2025-09-10",
    "time_in": "19:50:44",
    "time_out": "19:50:44"
  },
  {
    "zk_id": "34",
    "log_date": "2025-09-11",
    "time_in": "08:11:57",
    "time_out": "19:53:56"
  },
  {
    "zk_id": "34",
    "log_date": "2025-09-12",
    "time_in": "08:28:22",
    "time_out": "08:28:22"
  },
  {
    "zk_id": "34",
    "log_date": "2025-09-14",
    "time_in": "07:57:03",
    "time_out": "07:57:03"
  },
  {
    "zk_id": "34",
    "log_date": "2025-09-15",
    "time_in": "17:15:14",
    "time_out": "17:15:14"
  },
  {
    "zk_id": "34",
    "log_date": "2025-09-16",
    "time_in": "07:49:41",
    "time_out": "20:14:22"
  },
  {
    "zk_id": "34",
    "log_date": "2025-09-17",
    "time_in": "20:14:30",
    "time_out": "20:14:30"
  },
  {
    "zk_id": "34",
    "log_date": "2025-09-18",
    "time_in": "19:59:06",
    "time_out": "19:59:06"
  },
  {
    "zk_id": "34",
    "log_date": "2025-09-19",
    "time_in": "08:14:52",
    "time_out": "19:52:10"
  },
  {
    "zk_id": "34",
    "log_date": "2025-09-20",
    "time_in": "08:19:36",
    "time_out": "08:19:36"
  },
  {
    "zk_id": "34",
    "log_date": "2025-09-22",
    "time_in": "07:58:17",
    "time_out": "07:58:17"
  },
  {
    "zk_id": "34",
    "log_date": "2025-09-23",
    "time_in": "07:56:41",
    "time_out": "17:14:37"
  },
  {
    "zk_id": "34",
    "log_date": "2025-09-24",
    "time_in": "07:55:40",
    "time_out": "20:15:06"
  },
  {
    "zk_id": "34",
    "log_date": "2025-09-25",
    "time_in": "20:14:01",
    "time_out": "20:14:01"
  },
  {
    "zk_id": "34",
    "log_date": "2025-09-26",
    "time_in": "19:45:02",
    "time_out": "19:45:02"
  },
  {
    "zk_id": "34",
    "log_date": "2025-09-27",
    "time_in": "08:14:31",
    "time_out": "19:56:01"
  },
  {
    "zk_id": "34",
    "log_date": "2025-09-28",
    "time_in": "08:14:56",
    "time_out": "08:14:56"
  },
  {
    "zk_id": "35",
    "log_date": "2025-09-01",
    "time_in": "07:40:18",
    "time_out": "17:15:43"
  },
  {
    "zk_id": "35",
    "log_date": "2025-09-02",
    "time_in": "07:43:37",
    "time_out": "20:16:43"
  },
  {
    "zk_id": "35",
    "log_date": "2025-09-03",
    "time_in": "20:12:45",
    "time_out": "20:12:45"
  },
  {
    "zk_id": "35",
    "log_date": "2025-09-04",
    "time_in": "19:33:29",
    "time_out": "19:33:29"
  },
  {
    "zk_id": "35",
    "log_date": "2025-09-05",
    "time_in": "08:22:03",
    "time_out": "19:40:11"
  },
  {
    "zk_id": "35",
    "log_date": "2025-09-06",
    "time_in": "08:17:14",
    "time_out": "08:17:14"
  },
  {
    "zk_id": "35",
    "log_date": "2025-09-09",
    "time_in": "07:53:10",
    "time_out": "07:53:10"
  },
  {
    "zk_id": "35",
    "log_date": "2025-09-10",
    "time_in": "07:40:19",
    "time_out": "20:14:13"
  },
  {
    "zk_id": "35",
    "log_date": "2025-09-12",
    "time_in": "08:28:02",
    "time_out": "19:36:36"
  },
  {
    "zk_id": "35",
    "log_date": "2025-09-13",
    "time_in": "08:17:43",
    "time_out": "19:19:06"
  },
  {
    "zk_id": "35",
    "log_date": "2025-09-14",
    "time_in": "08:15:13",
    "time_out": "08:15:13"
  },
  {
    "zk_id": "35",
    "log_date": "2025-09-16",
    "time_in": "07:39:01",
    "time_out": "07:39:01"
  },
  {
    "zk_id": "35",
    "log_date": "2025-09-17",
    "time_in": "17:15:34",
    "time_out": "17:15:34"
  },
  {
    "zk_id": "35",
    "log_date": "2025-09-18",
    "time_in": "20:15:55",
    "time_out": "20:15:55"
  },
  {
    "zk_id": "35",
    "log_date": "2025-09-19",
    "time_in": "20:17:35",
    "time_out": "20:17:35"
  },
  {
    "zk_id": "35",
    "log_date": "2025-09-20",
    "time_in": "19:42:40",
    "time_out": "19:42:40"
  },
  {
    "zk_id": "35",
    "log_date": "2025-09-21",
    "time_in": "08:16:41",
    "time_out": "19:41:23"
  },
  {
    "zk_id": "35",
    "log_date": "2025-09-22",
    "time_in": "08:18:13",
    "time_out": "08:18:13"
  },
  {
    "zk_id": "35",
    "log_date": "2025-09-25",
    "time_in": "07:40:01",
    "time_out": "07:40:01"
  },
  {
    "zk_id": "35",
    "log_date": "2025-09-26",
    "time_in": "07:31:36",
    "time_out": "20:13:27"
  },
  {
    "zk_id": "35",
    "log_date": "2025-09-27",
    "time_in": "20:16:11",
    "time_out": "20:16:11"
  },
  {
    "zk_id": "35",
    "log_date": "2025-09-28",
    "time_in": "19:32:16",
    "time_out": "19:32:16"
  },
  {
    "zk_id": "35",
    "log_date": "2025-09-29",
    "time_in": "08:15:11",
    "time_out": "08:15:11"
  },
  {
    "zk_id": "36",
    "log_date": "2025-09-01",
    "time_in": "08:12:58",
    "time_out": "19:04:36"
  },
  {
    "zk_id": "36",
    "log_date": "2025-09-02",
    "time_in": "08:30:20",
    "time_out": "08:30:20"
  },
  {
    "zk_id": "36",
    "log_date": "2025-09-03",
    "time_in": "07:15:17",
    "time_out": "07:15:17"
  },
  {
    "zk_id": "36",
    "log_date": "2025-09-04",
    "time_in": "07:33:27",
    "time_out": "17:14:54"
  },
  {
    "zk_id": "36",
    "log_date": "2025-09-05",
    "time_in": "07:36:04",
    "time_out": "17:12:32"
  },
  {
    "zk_id": "36",
    "log_date": "2025-09-06",
    "time_in": "20:11:33",
    "time_out": "20:11:33"
  },
  {
    "zk_id": "36",
    "log_date": "2025-09-08",
    "time_in": "19:06:45",
    "time_out": "19:06:45"
  },
  {
    "zk_id": "36",
    "log_date": "2025-09-09",
    "time_in": "08:21:43",
    "time_out": "19:16:39"
  },
  {
    "zk_id": "36",
    "log_date": "2025-09-10",
    "time_in": "08:11:29",
    "time_out": "08:11:29"
  },
  {
    "zk_id": "36",
    "log_date": "2025-09-12",
    "time_in": "07:47:08",
    "time_out": "07:47:08"
  },
  {
    "zk_id": "36",
    "log_date": "2025-09-13",
    "time_in": "17:16:01",
    "time_out": "17:16:01"
  },
  {
    "zk_id": "36",
    "log_date": "2025-09-16",
    "time_in": "19:12:29",
    "time_out": "19:12:29"
  },
  {
    "zk_id": "36",
    "log_date": "2025-09-17",
    "time_in": "08:17:10",
    "time_out": "18:59:37"
  },
  {
    "zk_id": "36",
    "log_date": "2025-09-18",
    "time_in": "08:16:05",
    "time_out": "08:16:05"
  },
  {
    "zk_id": "36",
    "log_date": "2025-09-20",
    "time_in": "07:22:43",
    "time_out": "07:22:43"
  },
  {
    "zk_id": "36",
    "log_date": "2025-09-21",
    "time_in": "07:50:38",
    "time_out": "17:11:17"
  },
  {
    "zk_id": "36",
    "log_date": "2025-09-22",
    "time_in": "07:33:44",
    "time_out": "20:15:20"
  },
  {
    "zk_id": "36",
    "log_date": "2025-09-23",
    "time_in": "20:14:20",
    "time_out": "20:14:20"
  },
  {
    "zk_id": "36",
    "log_date": "2025-09-24",
    "time_in": "19:59:48",
    "time_out": "19:59:48"
  },
  {
    "zk_id": "36",
    "log_date": "2025-09-25",
    "time_in": "08:20:18",
    "time_out": "20:00:59"
  },
  {
    "zk_id": "36",
    "log_date": "2025-09-26",
    "time_in": "08:16:52",
    "time_out": "08:16:52"
  },
  {
    "zk_id": "37",
    "log_date": "2025-09-05",
    "time_in": "20:13:27",
    "time_out": "20:13:27"
  },
  {
    "zk_id": "37",
    "log_date": "2025-09-06",
    "time_in": "19:26:13",
    "time_out": "19:26:13"
  },
  {
    "zk_id": "37",
    "log_date": "2025-09-07",
    "time_in": "08:10:02",
    "time_out": "19:28:18"
  },
  {
    "zk_id": "37",
    "log_date": "2025-09-08",
    "time_in": "08:18:34",
    "time_out": "09:39:55"
  },
  {
    "zk_id": "37",
    "log_date": "2025-09-10",
    "time_in": "07:38:41",
    "time_out": "07:38:41"
  },
  {
    "zk_id": "37",
    "log_date": "2025-09-11",
    "time_in": "07:41:29",
    "time_out": "17:14:58"
  },
  {
    "zk_id": "37",
    "log_date": "2025-09-12",
    "time_in": "07:37:19",
    "time_out": "20:15:45"
  },
  {
    "zk_id": "37",
    "log_date": "2025-09-13",
    "time_in": "20:02:02",
    "time_out": "20:02:02"
  },
  {
    "zk_id": "37",
    "log_date": "2025-09-14",
    "time_in": "08:18:25",
    "time_out": "19:01:01"
  },
  {
    "zk_id": "37",
    "log_date": "2025-09-15",
    "time_in": "08:15:49",
    "time_out": "19:14:22"
  },
  {
    "zk_id": "37",
    "log_date": "2025-09-16",
    "time_in": "08:18:05",
    "time_out": "08:18:05"
  },
  {
    "zk_id": "37",
    "log_date": "2025-09-18",
    "time_in": "07:47:48",
    "time_out": "07:47:48"
  },
  {
    "zk_id": "37",
    "log_date": "2025-09-19",
    "time_in": "07:51:05",
    "time_out": "17:16:41"
  },
  {
    "zk_id": "37",
    "log_date": "2025-09-20",
    "time_in": "07:54:58",
    "time_out": "20:15:35"
  },
  {
    "zk_id": "37",
    "log_date": "2025-09-21",
    "time_in": "20:13:46",
    "time_out": "20:13:46"
  },
  {
    "zk_id": "37",
    "log_date": "2025-09-22",
    "time_in": "19:11:26",
    "time_out": "19:11:26"
  },
  {
    "zk_id": "37",
    "log_date": "2025-09-23",
    "time_in": "08:10:37",
    "time_out": "19:27:20"
  },
  {
    "zk_id": "37",
    "log_date": "2025-09-24",
    "time_in": "08:19:25",
    "time_out": "08:19:25"
  },
  {
    "zk_id": "37",
    "log_date": "2025-09-25",
    "time_in": "07:39:59",
    "time_out": "17:12:36"
  },
  {
    "zk_id": "37",
    "log_date": "2025-09-26",
    "time_in": "07:32:47",
    "time_out": "17:10:48"
  },
  {
    "zk_id": "37",
    "log_date": "2025-09-27",
    "time_in": "17:16:41",
    "time_out": "17:16:41"
  },
  {
    "zk_id": "37",
    "log_date": "2025-09-28",
    "time_in": "08:04:03",
    "time_out": "20:10:53"
  },
  {
    "zk_id": "37",
    "log_date": "2025-09-29",
    "time_in": "08:14:56",
    "time_out": "08:14:56"
  },
  {
    "zk_id": "39",
    "log_date": "2025-09-01",
    "time_in": "07:29:17",
    "time_out": "07:29:17"
  },
  {
    "zk_id": "39",
    "log_date": "2025-09-02",
    "time_in": "07:28:15",
    "time_out": "20:15:33"
  },
  {
    "zk_id": "39",
    "log_date": "2025-09-03",
    "time_in": "19:10:26",
    "time_out": "19:10:26"
  },
  {
    "zk_id": "39",
    "log_date": "2025-09-04",
    "time_in": "07:10:09",
    "time_out": "19:24:43"
  },
  {
    "zk_id": "39",
    "log_date": "2025-09-05",
    "time_in": "19:17:40",
    "time_out": "19:17:40"
  },
  {
    "zk_id": "39",
    "log_date": "2025-09-06",
    "time_in": "08:15:06",
    "time_out": "08:15:06"
  },
  {
    "zk_id": "39",
    "log_date": "2025-09-09",
    "time_in": "07:39:48",
    "time_out": "07:39:48"
  },
  {
    "zk_id": "39",
    "log_date": "2025-09-10",
    "time_in": "07:18:39",
    "time_out": "20:09:31"
  },
  {
    "zk_id": "39",
    "log_date": "2025-09-11",
    "time_in": "20:11:15",
    "time_out": "20:11:15"
  },
  {
    "zk_id": "39",
    "log_date": "2025-09-12",
    "time_in": "19:27:28",
    "time_out": "19:27:28"
  },
  {
    "zk_id": "39",
    "log_date": "2025-09-13",
    "time_in": "06:17:27",
    "time_out": "19:17:17"
  },
  {
    "zk_id": "39",
    "log_date": "2025-09-16",
    "time_in": "07:47:04",
    "time_out": "07:47:04"
  },
  {
    "zk_id": "39",
    "log_date": "2025-09-17",
    "time_in": "07:38:38",
    "time_out": "17:17:12"
  },
  {
    "zk_id": "39",
    "log_date": "2025-09-18",
    "time_in": "07:34:26",
    "time_out": "20:15:48"
  },
  {
    "zk_id": "39",
    "log_date": "2025-09-19",
    "time_in": "20:13:29",
    "time_out": "20:13:29"
  },
  {
    "zk_id": "39",
    "log_date": "2025-09-20",
    "time_in": "08:00:50",
    "time_out": "19:29:30"
  },
  {
    "zk_id": "39",
    "log_date": "2025-09-21",
    "time_in": "08:08:27",
    "time_out": "19:22:40"
  },
  {
    "zk_id": "39",
    "log_date": "2025-09-22",
    "time_in": "08:16:26",
    "time_out": "08:16:26"
  },
  {
    "zk_id": "39",
    "log_date": "2025-09-25",
    "time_in": "07:53:13",
    "time_out": "07:53:13"
  },
  {
    "zk_id": "39",
    "log_date": "2025-09-26",
    "time_in": "07:48:40",
    "time_out": "20:18:11"
  },
  {
    "zk_id": "39",
    "log_date": "2025-09-27",
    "time_in": "20:16:38",
    "time_out": "20:16:38"
  },
  {
    "zk_id": "39",
    "log_date": "2025-09-28",
    "time_in": "18:48:17",
    "time_out": "18:48:17"
  },
  {
    "zk_id": "39",
    "log_date": "2025-09-29",
    "time_in": "08:16:33",
    "time_out": "08:16:33"
  },
  {
    "zk_id": "4",
    "log_date": "2025-09-03",
    "time_in": "07:06:26",
    "time_out": "07:06:26"
  },
  {
    "zk_id": "4",
    "log_date": "2025-09-04",
    "time_in": "07:21:57",
    "time_out": "17:15:02"
  },
  {
    "zk_id": "4",
    "log_date": "2025-09-05",
    "time_in": "07:19:07",
    "time_out": "17:12:25"
  },
  {
    "zk_id": "4",
    "log_date": "2025-09-06",
    "time_in": "06:57:31",
    "time_out": "20:11:42"
  },
  {
    "zk_id": "4",
    "log_date": "2025-09-07",
    "time_in": "20:07:54",
    "time_out": "20:07:54"
  },
  {
    "zk_id": "4",
    "log_date": "2025-09-08",
    "time_in": "18:18:25",
    "time_out": "18:18:25"
  },
  {
    "zk_id": "4",
    "log_date": "2025-09-09",
    "time_in": "08:22:55",
    "time_out": "18:29:29"
  },
  {
    "zk_id": "4",
    "log_date": "2025-09-10",
    "time_in": "08:15:31",
    "time_out": "08:15:31"
  },
  {
    "zk_id": "4",
    "log_date": "2025-09-11",
    "time_in": "18:03:21",
    "time_out": "18:03:21"
  },
  {
    "zk_id": "4",
    "log_date": "2025-09-12",
    "time_in": "07:37:01",
    "time_out": "08:28:00"
  },
  {
    "zk_id": "4",
    "log_date": "2025-09-13",
    "time_in": "06:59:14",
    "time_out": "17:14:50"
  },
  {
    "zk_id": "4",
    "log_date": "2025-09-14",
    "time_in": "07:16:13",
    "time_out": "20:15:28"
  },
  {
    "zk_id": "4",
    "log_date": "2025-09-16",
    "time_in": "08:17:00",
    "time_out": "18:33:10"
  },
  {
    "zk_id": "4",
    "log_date": "2025-09-17",
    "time_in": "08:17:26",
    "time_out": "18:19:32"
  },
  {
    "zk_id": "4",
    "log_date": "2025-09-18",
    "time_in": "08:16:11",
    "time_out": "08:16:11"
  },
  {
    "zk_id": "4",
    "log_date": "2025-09-20",
    "time_in": "07:04:22",
    "time_out": "07:04:22"
  },
  {
    "zk_id": "4",
    "log_date": "2025-09-21",
    "time_in": "07:18:04",
    "time_out": "17:19:34"
  },
  {
    "zk_id": "4",
    "log_date": "2025-09-22",
    "time_in": "20:14:57",
    "time_out": "20:14:57"
  },
  {
    "zk_id": "4",
    "log_date": "2025-09-23",
    "time_in": "08:30:42",
    "time_out": "20:14:51"
  },
  {
    "zk_id": "4",
    "log_date": "2025-09-24",
    "time_in": "18:27:28",
    "time_out": "18:27:28"
  },
  {
    "zk_id": "4",
    "log_date": "2025-09-25",
    "time_in": "08:20:21",
    "time_out": "18:02:09"
  },
  {
    "zk_id": "4",
    "log_date": "2025-09-26",
    "time_in": "08:15:35",
    "time_out": "08:15:35"
  },
  {
    "zk_id": "4",
    "log_date": "2025-09-27",
    "time_in": "18:29:40",
    "time_out": "18:29:40"
  },
  {
    "zk_id": "4",
    "log_date": "2025-09-28",
    "time_in": "08:16:40",
    "time_out": "08:16:40"
  },
  {
    "zk_id": "4",
    "log_date": "2025-09-29",
    "time_in": "08:15:06",
    "time_out": "08:15:06"
  },
  {
    "zk_id": "40",
    "log_date": "2025-08-31",
    "time_in": "07:35:10",
    "time_out": "07:35:10"
  },
  {
    "zk_id": "40",
    "log_date": "2025-09-01",
    "time_in": "20:19:15",
    "time_out": "20:19:15"
  },
  {
    "zk_id": "40",
    "log_date": "2025-09-03",
    "time_in": "08:15:08",
    "time_out": "19:41:59"
  },
  {
    "zk_id": "40",
    "log_date": "2025-09-04",
    "time_in": "08:19:26",
    "time_out": "08:19:26"
  },
  {
    "zk_id": "40",
    "log_date": "2025-09-06",
    "time_in": "07:29:59",
    "time_out": "07:29:59"
  },
  {
    "zk_id": "40",
    "log_date": "2025-09-07",
    "time_in": "07:26:42",
    "time_out": "17:16:18"
  },
  {
    "zk_id": "40",
    "log_date": "2025-09-08",
    "time_in": "07:36:19",
    "time_out": "20:10:46"
  },
  {
    "zk_id": "40",
    "log_date": "2025-09-09",
    "time_in": "20:16:22",
    "time_out": "20:16:22"
  },
  {
    "zk_id": "40",
    "log_date": "2025-09-10",
    "time_in": "19:26:41",
    "time_out": "19:26:41"
  },
  {
    "zk_id": "40",
    "log_date": "2025-09-11",
    "time_in": "08:16:38",
    "time_out": "19:45:21"
  },
  {
    "zk_id": "40",
    "log_date": "2025-09-12",
    "time_in": "08:30:39",
    "time_out": "08:30:39"
  },
  {
    "zk_id": "40",
    "log_date": "2025-09-14",
    "time_in": "07:25:23",
    "time_out": "07:25:23"
  },
  {
    "zk_id": "40",
    "log_date": "2025-09-15",
    "time_in": "07:37:23",
    "time_out": "17:16:38"
  },
  {
    "zk_id": "40",
    "log_date": "2025-09-16",
    "time_in": "07:25:41",
    "time_out": "20:12:32"
  },
  {
    "zk_id": "40",
    "log_date": "2025-09-17",
    "time_in": "20:11:23",
    "time_out": "20:11:23"
  },
  {
    "zk_id": "40",
    "log_date": "2025-09-18",
    "time_in": "19:27:52",
    "time_out": "19:27:52"
  },
  {
    "zk_id": "40",
    "log_date": "2025-09-19",
    "time_in": "08:18:20",
    "time_out": "19:34:29"
  },
  {
    "zk_id": "40",
    "log_date": "2025-09-20",
    "time_in": "08:15:23",
    "time_out": "08:15:23"
  },
  {
    "zk_id": "40",
    "log_date": "2025-09-22",
    "time_in": "07:41:06",
    "time_out": "07:41:06"
  },
  {
    "zk_id": "40",
    "log_date": "2025-09-23",
    "time_in": "07:36:42",
    "time_out": "17:17:10"
  },
  {
    "zk_id": "40",
    "log_date": "2025-09-24",
    "time_in": "07:35:26",
    "time_out": "20:11:10"
  },
  {
    "zk_id": "40",
    "log_date": "2025-09-25",
    "time_in": "20:18:23",
    "time_out": "20:18:23"
  },
  {
    "zk_id": "40",
    "log_date": "2025-09-26",
    "time_in": "19:33:43",
    "time_out": "19:33:43"
  },
  {
    "zk_id": "40",
    "log_date": "2025-09-27",
    "time_in": "08:18:11",
    "time_out": "19:26:46"
  },
  {
    "zk_id": "40",
    "log_date": "2025-09-28",
    "time_in": "08:16:48",
    "time_out": "08:16:48"
  },
  {
    "zk_id": "41",
    "log_date": "2025-09-02",
    "time_in": "07:47:35",
    "time_out": "07:47:35"
  },
  {
    "zk_id": "41",
    "log_date": "2025-09-03",
    "time_in": "07:34:18",
    "time_out": "17:15:43"
  },
  {
    "zk_id": "41",
    "log_date": "2025-09-04",
    "time_in": "07:55:09",
    "time_out": "20:15:12"
  },
  {
    "zk_id": "41",
    "log_date": "2025-09-05",
    "time_in": "20:14:20",
    "time_out": "20:14:20"
  },
  {
    "zk_id": "41",
    "log_date": "2025-09-06",
    "time_in": "19:42:19",
    "time_out": "19:42:19"
  },
  {
    "zk_id": "41",
    "log_date": "2025-09-07",
    "time_in": "08:10:18",
    "time_out": "19:43:23"
  },
  {
    "zk_id": "41",
    "log_date": "2025-09-08",
    "time_in": "08:17:13",
    "time_out": "08:17:13"
  },
  {
    "zk_id": "41",
    "log_date": "2025-09-10",
    "time_in": "07:23:26",
    "time_out": "07:23:26"
  },
  {
    "zk_id": "41",
    "log_date": "2025-09-11",
    "time_in": "07:52:50",
    "time_out": "17:14:30"
  },
  {
    "zk_id": "41",
    "log_date": "2025-09-12",
    "time_in": "07:47:40",
    "time_out": "20:15:26"
  },
  {
    "zk_id": "41",
    "log_date": "2025-09-13",
    "time_in": "20:11:40",
    "time_out": "20:11:40"
  },
  {
    "zk_id": "41",
    "log_date": "2025-09-14",
    "time_in": "18:07:28",
    "time_out": "18:07:28"
  },
  {
    "zk_id": "41",
    "log_date": "2025-09-15",
    "time_in": "08:09:31",
    "time_out": "19:44:09"
  },
  {
    "zk_id": "41",
    "log_date": "2025-09-16",
    "time_in": "08:17:11",
    "time_out": "08:17:11"
  },
  {
    "zk_id": "41",
    "log_date": "2025-09-18",
    "time_in": "07:53:02",
    "time_out": "07:53:02"
  },
  {
    "zk_id": "41",
    "log_date": "2025-09-19",
    "time_in": "07:58:21",
    "time_out": "17:15:35"
  },
  {
    "zk_id": "41",
    "log_date": "2025-09-20",
    "time_in": "07:52:07",
    "time_out": "20:15:25"
  },
  {
    "zk_id": "41",
    "log_date": "2025-09-21",
    "time_in": "20:15:11",
    "time_out": "20:15:11"
  },
  {
    "zk_id": "41",
    "log_date": "2025-09-22",
    "time_in": "19:53:09",
    "time_out": "19:53:09"
  },
  {
    "zk_id": "41",
    "log_date": "2025-09-23",
    "time_in": "08:16:12",
    "time_out": "19:46:26"
  },
  {
    "zk_id": "41",
    "log_date": "2025-09-24",
    "time_in": "08:16:38",
    "time_out": "08:16:38"
  },
  {
    "zk_id": "41",
    "log_date": "2025-09-27",
    "time_in": "08:11:38",
    "time_out": "17:15:55"
  },
  {
    "zk_id": "41",
    "log_date": "2025-09-28",
    "time_in": "07:35:13",
    "time_out": "20:15:32"
  },
  {
    "zk_id": "42",
    "log_date": "2025-08-31",
    "time_in": "07:45:54",
    "time_out": "07:45:54"
  },
  {
    "zk_id": "42",
    "log_date": "2025-09-01",
    "time_in": "07:52:04",
    "time_out": "20:21:10"
  },
  {
    "zk_id": "42",
    "log_date": "2025-09-02",
    "time_in": "17:13:00",
    "time_out": "19:59:51"
  },
  {
    "zk_id": "42",
    "log_date": "2025-09-03",
    "time_in": "17:20:21",
    "time_out": "19:54:26"
  },
  {
    "zk_id": "42",
    "log_date": "2025-09-04",
    "time_in": "07:55:02",
    "time_out": "17:17:57"
  },
  {
    "zk_id": "42",
    "log_date": "2025-09-05",
    "time_in": "20:13:10",
    "time_out": "20:13:10"
  },
  {
    "zk_id": "42",
    "log_date": "2025-09-07",
    "time_in": "07:36:51",
    "time_out": "07:36:51"
  },
  {
    "zk_id": "42",
    "log_date": "2025-09-08",
    "time_in": "07:51:58",
    "time_out": "20:10:51"
  },
  {
    "zk_id": "42",
    "log_date": "2025-09-09",
    "time_in": "13:36:12",
    "time_out": "13:36:12"
  },
  {
    "zk_id": "42",
    "log_date": "2025-09-10",
    "time_in": "19:53:45",
    "time_out": "19:53:45"
  },
  {
    "zk_id": "42",
    "log_date": "2025-09-11",
    "time_in": "08:09:27",
    "time_out": "20:26:54"
  },
  {
    "zk_id": "42",
    "log_date": "2025-09-12",
    "time_in": "08:32:07",
    "time_out": "20:00:58"
  },
  {
    "zk_id": "42",
    "log_date": "2025-09-13",
    "time_in": "08:16:57",
    "time_out": "08:16:57"
  },
  {
    "zk_id": "42",
    "log_date": "2025-09-14",
    "time_in": "07:54:42",
    "time_out": "07:54:42"
  },
  {
    "zk_id": "42",
    "log_date": "2025-09-15",
    "time_in": "07:57:44",
    "time_out": "17:15:37"
  },
  {
    "zk_id": "42",
    "log_date": "2025-09-16",
    "time_in": "07:50:17",
    "time_out": "20:12:28"
  },
  {
    "zk_id": "42",
    "log_date": "2025-09-18",
    "time_in": "08:17:48",
    "time_out": "19:42:03"
  },
  {
    "zk_id": "42",
    "log_date": "2025-09-19",
    "time_in": "08:15:31",
    "time_out": "19:55:41"
  },
  {
    "zk_id": "42",
    "log_date": "2025-09-20",
    "time_in": "07:58:34",
    "time_out": "17:09:44"
  },
  {
    "zk_id": "42",
    "log_date": "2025-09-21",
    "time_in": "17:20:42",
    "time_out": "17:20:42"
  },
  {
    "zk_id": "42",
    "log_date": "2025-09-22",
    "time_in": "07:49:37",
    "time_out": "07:49:37"
  },
  {
    "zk_id": "42",
    "log_date": "2025-09-23",
    "time_in": "07:59:07",
    "time_out": "17:17:15"
  },
  {
    "zk_id": "42",
    "log_date": "2025-09-24",
    "time_in": "07:46:56",
    "time_out": "20:11:03"
  },
  {
    "zk_id": "42",
    "log_date": "2025-09-25",
    "time_in": "20:10:03",
    "time_out": "20:10:03"
  },
  {
    "zk_id": "42",
    "log_date": "2025-09-26",
    "time_in": "19:54:55",
    "time_out": "19:54:55"
  },
  {
    "zk_id": "42",
    "log_date": "2025-09-27",
    "time_in": "08:12:42",
    "time_out": "19:49:45"
  },
  {
    "zk_id": "42",
    "log_date": "2025-09-28",
    "time_in": "07:44:04",
    "time_out": "17:00:10"
  },
  {
    "zk_id": "44",
    "log_date": "2025-09-01",
    "time_in": "08:15:09",
    "time_out": "08:15:09"
  },
  {
    "zk_id": "44",
    "log_date": "2025-09-04",
    "time_in": "07:04:35",
    "time_out": "07:04:35"
  },
  {
    "zk_id": "44",
    "log_date": "2025-09-05",
    "time_in": "07:04:55",
    "time_out": "17:08:47"
  },
  {
    "zk_id": "44",
    "log_date": "2025-09-06",
    "time_in": "07:04:00",
    "time_out": "20:08:38"
  },
  {
    "zk_id": "44",
    "log_date": "2025-09-07",
    "time_in": "18:13:13",
    "time_out": "18:13:13"
  },
  {
    "zk_id": "44",
    "log_date": "2025-09-09",
    "time_in": "19:13:29",
    "time_out": "19:13:29"
  },
  {
    "zk_id": "44",
    "log_date": "2025-09-10",
    "time_in": "08:15:43",
    "time_out": "08:15:43"
  },
  {
    "zk_id": "44",
    "log_date": "2025-09-12",
    "time_in": "07:26:41",
    "time_out": "07:26:41"
  },
  {
    "zk_id": "44",
    "log_date": "2025-09-13",
    "time_in": "06:48:55",
    "time_out": "17:14:46"
  },
  {
    "zk_id": "44",
    "log_date": "2025-09-14",
    "time_in": "06:47:45",
    "time_out": "20:10:34"
  },
  {
    "zk_id": "44",
    "log_date": "2025-09-15",
    "time_in": "20:13:59",
    "time_out": "20:13:59"
  },
  {
    "zk_id": "44",
    "log_date": "2025-09-16",
    "time_in": "19:04:20",
    "time_out": "19:04:20"
  },
  {
    "zk_id": "44",
    "log_date": "2025-09-17",
    "time_in": "08:19:45",
    "time_out": "18:47:39"
  },
  {
    "zk_id": "44",
    "log_date": "2025-09-18",
    "time_in": "08:15:49",
    "time_out": "08:15:49"
  },
  {
    "zk_id": "44",
    "log_date": "2025-09-21",
    "time_in": "07:43:09",
    "time_out": "07:43:09"
  },
  {
    "zk_id": "44",
    "log_date": "2025-09-22",
    "time_in": "07:19:11",
    "time_out": "20:14:43"
  },
  {
    "zk_id": "44",
    "log_date": "2025-09-23",
    "time_in": "20:15:32",
    "time_out": "20:15:32"
  },
  {
    "zk_id": "44",
    "log_date": "2025-09-24",
    "time_in": "18:56:25",
    "time_out": "18:56:25"
  },
  {
    "zk_id": "44",
    "log_date": "2025-09-25",
    "time_in": "08:22:38",
    "time_out": "18:21:04"
  },
  {
    "zk_id": "44",
    "log_date": "2025-09-26",
    "time_in": "08:15:44",
    "time_out": "08:15:44"
  },
  {
    "zk_id": "44",
    "log_date": "2025-09-28",
    "time_in": "07:01:51",
    "time_out": "07:01:51"
  },
  {
    "zk_id": "45",
    "log_date": "2025-09-01",
    "time_in": "06:14:29",
    "time_out": "19:20:24"
  },
  {
    "zk_id": "45",
    "log_date": "2025-09-03",
    "time_in": "07:22:47",
    "time_out": "07:22:47"
  },
  {
    "zk_id": "45",
    "log_date": "2025-09-04",
    "time_in": "07:33:33",
    "time_out": "17:15:15"
  },
  {
    "zk_id": "45",
    "log_date": "2025-09-05",
    "time_in": "07:21:45",
    "time_out": "17:08:34"
  },
  {
    "zk_id": "45",
    "log_date": "2025-09-06",
    "time_in": "07:36:03",
    "time_out": "20:11:47"
  },
  {
    "zk_id": "45",
    "log_date": "2025-09-07",
    "time_in": "20:00:05",
    "time_out": "20:00:05"
  },
  {
    "zk_id": "45",
    "log_date": "2025-09-08",
    "time_in": "19:31:03",
    "time_out": "19:31:03"
  },
  {
    "zk_id": "45",
    "log_date": "2025-09-09",
    "time_in": "08:21:12",
    "time_out": "19:37:42"
  },
  {
    "zk_id": "45",
    "log_date": "2025-09-10",
    "time_in": "08:20:33",
    "time_out": "08:20:33"
  },
  {
    "zk_id": "45",
    "log_date": "2025-09-12",
    "time_in": "07:28:35",
    "time_out": "07:28:35"
  },
  {
    "zk_id": "45",
    "log_date": "2025-09-13",
    "time_in": "07:25:31",
    "time_out": "17:00:29"
  },
  {
    "zk_id": "45",
    "log_date": "2025-09-14",
    "time_in": "07:25:20",
    "time_out": "20:01:55"
  },
  {
    "zk_id": "45",
    "log_date": "2025-09-15",
    "time_in": "20:09:08",
    "time_out": "20:09:08"
  },
  {
    "zk_id": "45",
    "log_date": "2025-09-20",
    "time_in": "07:25:35",
    "time_out": "07:25:35"
  },
  {
    "zk_id": "45",
    "log_date": "2025-09-21",
    "time_in": "07:38:25",
    "time_out": "17:11:21"
  },
  {
    "zk_id": "45",
    "log_date": "2025-09-22",
    "time_in": "07:33:40",
    "time_out": "20:00:06"
  },
  {
    "zk_id": "45",
    "log_date": "2025-09-23",
    "time_in": "20:15:01",
    "time_out": "20:15:01"
  },
  {
    "zk_id": "45",
    "log_date": "2025-09-24",
    "time_in": "19:20:58",
    "time_out": "19:20:58"
  },
  {
    "zk_id": "45",
    "log_date": "2025-09-25",
    "time_in": "08:20:12",
    "time_out": "19:22:47"
  },
  {
    "zk_id": "45",
    "log_date": "2025-09-26",
    "time_in": "08:20:15",
    "time_out": "08:20:15"
  },
  {
    "zk_id": "45",
    "log_date": "2025-09-28",
    "time_in": "07:19:16",
    "time_out": "07:19:16"
  },
  {
    "zk_id": "46",
    "log_date": "2025-08-31",
    "time_in": "07:29:53",
    "time_out": "07:29:53"
  },
  {
    "zk_id": "46",
    "log_date": "2025-09-01",
    "time_in": "20:24:24",
    "time_out": "20:24:24"
  },
  {
    "zk_id": "46",
    "log_date": "2025-09-02",
    "time_in": "19:16:50",
    "time_out": "19:16:50"
  },
  {
    "zk_id": "46",
    "log_date": "2025-09-03",
    "time_in": "08:14:03",
    "time_out": "19:22:18"
  },
  {
    "zk_id": "46",
    "log_date": "2025-09-04",
    "time_in": "08:12:44",
    "time_out": "08:12:44"
  },
  {
    "zk_id": "46",
    "log_date": "2025-09-05",
    "time_in": "07:49:38",
    "time_out": "07:49:38"
  },
  {
    "zk_id": "46",
    "log_date": "2025-09-06",
    "time_in": "07:34:47",
    "time_out": "20:00:11"
  },
  {
    "zk_id": "46",
    "log_date": "2025-09-07",
    "time_in": "07:05:14",
    "time_out": "20:00:02"
  },
  {
    "zk_id": "46",
    "log_date": "2025-09-08",
    "time_in": "07:32:36",
    "time_out": "20:00:50"
  },
  {
    "zk_id": "46",
    "log_date": "2025-09-10",
    "time_in": "08:16:28",
    "time_out": "19:26:31"
  },
  {
    "zk_id": "46",
    "log_date": "2025-09-11",
    "time_in": "08:09:29",
    "time_out": "19:25:59"
  },
  {
    "zk_id": "46",
    "log_date": "2025-09-12",
    "time_in": "08:30:27",
    "time_out": "08:30:27"
  },
  {
    "zk_id": "46",
    "log_date": "2025-09-13",
    "time_in": "07:52:41",
    "time_out": "07:52:41"
  },
  {
    "zk_id": "46",
    "log_date": "2025-09-14",
    "time_in": "07:07:33",
    "time_out": "20:02:05"
  },
  {
    "zk_id": "46",
    "log_date": "2025-09-15",
    "time_in": "07:21:40",
    "time_out": "20:01:00"
  },
  {
    "zk_id": "46",
    "log_date": "2025-09-16",
    "time_in": "07:49:51",
    "time_out": "20:00:27"
  },
  {
    "zk_id": "46",
    "log_date": "2025-09-18",
    "time_in": "08:15:39",
    "time_out": "19:18:31"
  },
  {
    "zk_id": "46",
    "log_date": "2025-09-19",
    "time_in": "08:15:20",
    "time_out": "19:21:00"
  },
  {
    "zk_id": "46",
    "log_date": "2025-09-20",
    "time_in": "08:10:24",
    "time_out": "08:10:24"
  },
  {
    "zk_id": "46",
    "log_date": "2025-09-21",
    "time_in": "07:48:03",
    "time_out": "07:48:03"
  },
  {
    "zk_id": "46",
    "log_date": "2025-09-22",
    "time_in": "07:19:19",
    "time_out": "20:00:08"
  },
  {
    "zk_id": "46",
    "log_date": "2025-09-23",
    "time_in": "07:29:36",
    "time_out": "20:00:05"
  },
  {
    "zk_id": "46",
    "log_date": "2025-09-24",
    "time_in": "20:00:35",
    "time_out": "20:00:35"
  },
  {
    "zk_id": "46",
    "log_date": "2025-09-25",
    "time_in": "08:00:48",
    "time_out": "08:00:48"
  },
  {
    "zk_id": "46",
    "log_date": "2025-09-26",
    "time_in": "08:19:35",
    "time_out": "19:41:28"
  },
  {
    "zk_id": "46",
    "log_date": "2025-09-27",
    "time_in": "08:16:46",
    "time_out": "19:29:12"
  },
  {
    "zk_id": "46",
    "log_date": "2025-09-28",
    "time_in": "07:43:53",
    "time_out": "08:12:00"
  },
  {
    "zk_id": "47",
    "log_date": "2025-08-31",
    "time_in": "07:42:09",
    "time_out": "07:42:09"
  },
  {
    "zk_id": "47",
    "log_date": "2025-09-01",
    "time_in": "20:20:58",
    "time_out": "20:20:58"
  },
  {
    "zk_id": "47",
    "log_date": "2025-09-02",
    "time_in": "19:30:01",
    "time_out": "19:30:01"
  },
  {
    "zk_id": "47",
    "log_date": "2025-09-03",
    "time_in": "08:15:37",
    "time_out": "19:35:51"
  },
  {
    "zk_id": "47",
    "log_date": "2025-09-04",
    "time_in": "08:19:37",
    "time_out": "08:19:37"
  },
  {
    "zk_id": "47",
    "log_date": "2025-09-06",
    "time_in": "07:49:08",
    "time_out": "07:49:08"
  },
  {
    "zk_id": "47",
    "log_date": "2025-09-07",
    "time_in": "07:45:40",
    "time_out": "17:17:17"
  },
  {
    "zk_id": "47",
    "log_date": "2025-09-08",
    "time_in": "20:13:45",
    "time_out": "20:13:45"
  },
  {
    "zk_id": "47",
    "log_date": "2025-09-09",
    "time_in": "08:00:41",
    "time_out": "20:16:38"
  },
  {
    "zk_id": "47",
    "log_date": "2025-09-10",
    "time_in": "19:40:10",
    "time_out": "19:40:10"
  },
  {
    "zk_id": "47",
    "log_date": "2025-09-11",
    "time_in": "08:16:56",
    "time_out": "19:26:04"
  },
  {
    "zk_id": "47",
    "log_date": "2025-09-12",
    "time_in": "08:30:47",
    "time_out": "08:30:47"
  },
  {
    "zk_id": "47",
    "log_date": "2025-09-14",
    "time_in": "07:50:10",
    "time_out": "07:50:10"
  },
  {
    "zk_id": "47",
    "log_date": "2025-09-15",
    "time_in": "17:11:14",
    "time_out": "17:11:14"
  },
  {
    "zk_id": "47",
    "log_date": "2025-09-16",
    "time_in": "07:43:42",
    "time_out": "20:12:16"
  },
  {
    "zk_id": "47",
    "log_date": "2025-09-17",
    "time_in": "20:11:39",
    "time_out": "20:11:39"
  },
  {
    "zk_id": "47",
    "log_date": "2025-09-18",
    "time_in": "19:18:36",
    "time_out": "19:18:36"
  },
  {
    "zk_id": "47",
    "log_date": "2025-09-19",
    "time_in": "08:18:23",
    "time_out": "19:43:31"
  },
  {
    "zk_id": "47",
    "log_date": "2025-09-20",
    "time_in": "08:17:47",
    "time_out": "08:17:47"
  },
  {
    "zk_id": "47",
    "log_date": "2025-09-22",
    "time_in": "07:59:49",
    "time_out": "07:59:49"
  },
  {
    "zk_id": "47",
    "log_date": "2025-09-23",
    "time_in": "17:17:36",
    "time_out": "17:17:36"
  },
  {
    "zk_id": "47",
    "log_date": "2025-09-26",
    "time_in": "19:18:39",
    "time_out": "19:18:39"
  },
  {
    "zk_id": "47",
    "log_date": "2025-09-27",
    "time_in": "08:15:14",
    "time_out": "19:29:18"
  },
  {
    "zk_id": "47",
    "log_date": "2025-09-28",
    "time_in": "08:17:12",
    "time_out": "08:17:12"
  },
  {
    "zk_id": "48",
    "log_date": "2025-09-01",
    "time_in": "07:49:24",
    "time_out": "17:15:47"
  },
  {
    "zk_id": "48",
    "log_date": "2025-09-02",
    "time_in": "07:41:06",
    "time_out": "20:16:15"
  },
  {
    "zk_id": "48",
    "log_date": "2025-09-03",
    "time_in": "20:09:35",
    "time_out": "20:09:35"
  },
  {
    "zk_id": "48",
    "log_date": "2025-09-05",
    "time_in": "19:17:47",
    "time_out": "19:17:47"
  },
  {
    "zk_id": "48",
    "log_date": "2025-09-06",
    "time_in": "08:17:32",
    "time_out": "08:17:32"
  },
  {
    "zk_id": "48",
    "log_date": "2025-09-09",
    "time_in": "07:37:43",
    "time_out": "07:37:43"
  },
  {
    "zk_id": "48",
    "log_date": "2025-09-10",
    "time_in": "07:41:43",
    "time_out": "20:14:24"
  },
  {
    "zk_id": "48",
    "log_date": "2025-09-11",
    "time_in": "20:11:19",
    "time_out": "20:11:19"
  },
  {
    "zk_id": "48",
    "log_date": "2025-09-12",
    "time_in": "07:15:19",
    "time_out": "19:35:01"
  },
  {
    "zk_id": "48",
    "log_date": "2025-09-13",
    "time_in": "19:48:57",
    "time_out": "19:48:57"
  },
  {
    "zk_id": "48",
    "log_date": "2025-09-14",
    "time_in": "08:18:22",
    "time_out": "08:18:22"
  },
  {
    "zk_id": "48",
    "log_date": "2025-09-16",
    "time_in": "07:47:09",
    "time_out": "07:47:09"
  },
  {
    "zk_id": "48",
    "log_date": "2025-09-17",
    "time_in": "07:28:31",
    "time_out": "17:17:38"
  },
  {
    "zk_id": "48",
    "log_date": "2025-09-18",
    "time_in": "07:34:29",
    "time_out": "20:15:58"
  },
  {
    "zk_id": "48",
    "log_date": "2025-09-19",
    "time_in": "20:18:47",
    "time_out": "20:18:47"
  },
  {
    "zk_id": "48",
    "log_date": "2025-09-26",
    "time_in": "07:38:19",
    "time_out": "20:10:29"
  },
  {
    "zk_id": "48",
    "log_date": "2025-09-27",
    "time_in": "20:16:57",
    "time_out": "20:16:57"
  },
  {
    "zk_id": "48",
    "log_date": "2025-09-28",
    "time_in": "19:33:19",
    "time_out": "19:33:19"
  },
  {
    "zk_id": "48",
    "log_date": "2025-09-29",
    "time_in": "08:17:05",
    "time_out": "08:17:05"
  },
  {
    "zk_id": "49",
    "log_date": "2025-09-01",
    "time_in": "17:15:52",
    "time_out": "17:15:52"
  },
  {
    "zk_id": "49",
    "log_date": "2025-09-02",
    "time_in": "07:41:19",
    "time_out": "20:16:38"
  },
  {
    "zk_id": "49",
    "log_date": "2025-09-03",
    "time_in": "20:08:32",
    "time_out": "20:08:32"
  },
  {
    "zk_id": "49",
    "log_date": "2025-09-04",
    "time_in": "19:24:52",
    "time_out": "19:24:52"
  },
  {
    "zk_id": "49",
    "log_date": "2025-09-05",
    "time_in": "08:22:06",
    "time_out": "19:10:11"
  },
  {
    "zk_id": "49",
    "log_date": "2025-09-06",
    "time_in": "08:16:13",
    "time_out": "08:16:13"
  },
  {
    "zk_id": "49",
    "log_date": "2025-09-09",
    "time_in": "07:37:51",
    "time_out": "07:37:51"
  },
  {
    "zk_id": "49",
    "log_date": "2025-09-10",
    "time_in": "07:56:43",
    "time_out": "20:14:06"
  },
  {
    "zk_id": "49",
    "log_date": "2025-09-11",
    "time_in": "18:48:04",
    "time_out": "18:48:04"
  },
  {
    "zk_id": "49",
    "log_date": "2025-09-12",
    "time_in": "08:27:49",
    "time_out": "19:47:37"
  },
  {
    "zk_id": "49",
    "log_date": "2025-09-13",
    "time_in": "08:17:37",
    "time_out": "19:29:16"
  },
  {
    "zk_id": "49",
    "log_date": "2025-09-14",
    "time_in": "08:11:49",
    "time_out": "19:32:53"
  },
  {
    "zk_id": "49",
    "log_date": "2025-09-15",
    "time_in": "08:15:56",
    "time_out": "19:44:13"
  },
  {
    "zk_id": "49",
    "log_date": "2025-09-16",
    "time_in": "07:48:01",
    "time_out": "08:17:13"
  },
  {
    "zk_id": "49",
    "log_date": "2025-09-17",
    "time_in": "07:34:50",
    "time_out": "17:14:43"
  },
  {
    "zk_id": "49",
    "log_date": "2025-09-18",
    "time_in": "07:37:28",
    "time_out": "20:16:15"
  },
  {
    "zk_id": "49",
    "log_date": "2025-09-19",
    "time_in": "20:17:33",
    "time_out": "20:17:33"
  },
  {
    "zk_id": "49",
    "log_date": "2025-09-20",
    "time_in": "19:02:14",
    "time_out": "19:02:14"
  },
  {
    "zk_id": "49",
    "log_date": "2025-09-21",
    "time_in": "08:16:50",
    "time_out": "19:42:07"
  },
  {
    "zk_id": "49",
    "log_date": "2025-09-22",
    "time_in": "08:18:09",
    "time_out": "08:18:09"
  },
  {
    "zk_id": "49",
    "log_date": "2025-09-26",
    "time_in": "07:29:19",
    "time_out": "20:16:20"
  },
  {
    "zk_id": "49",
    "log_date": "2025-09-27",
    "time_in": "20:16:54",
    "time_out": "20:16:54"
  },
  {
    "zk_id": "49",
    "log_date": "2025-09-28",
    "time_in": "19:33:14",
    "time_out": "19:33:14"
  },
  {
    "zk_id": "49",
    "log_date": "2025-09-29",
    "time_in": "08:16:26",
    "time_out": "08:16:26"
  },
  {
    "zk_id": "5",
    "log_date": "2025-08-31",
    "time_in": "07:52:41",
    "time_out": "07:52:41"
  },
  {
    "zk_id": "5",
    "log_date": "2025-09-01",
    "time_in": "20:24:28",
    "time_out": "20:24:28"
  },
  {
    "zk_id": "5",
    "log_date": "2025-09-02",
    "time_in": "19:46:47",
    "time_out": "19:46:47"
  },
  {
    "zk_id": "5",
    "log_date": "2025-09-03",
    "time_in": "08:15:34",
    "time_out": "19:42:07"
  },
  {
    "zk_id": "5",
    "log_date": "2025-09-04",
    "time_in": "08:17:13",
    "time_out": "08:17:13"
  },
  {
    "zk_id": "5",
    "log_date": "2025-09-07",
    "time_in": "07:49:24",
    "time_out": "07:49:24"
  },
  {
    "zk_id": "5",
    "log_date": "2025-09-08",
    "time_in": "20:14:24",
    "time_out": "20:14:24"
  },
  {
    "zk_id": "5",
    "log_date": "2025-09-09",
    "time_in": "08:20:22",
    "time_out": "20:13:32"
  },
  {
    "zk_id": "5",
    "log_date": "2025-09-10",
    "time_in": "19:45:06",
    "time_out": "19:45:06"
  },
  {
    "zk_id": "5",
    "log_date": "2025-09-11",
    "time_in": "08:12:49",
    "time_out": "19:47:47"
  },
  {
    "zk_id": "5",
    "log_date": "2025-09-12",
    "time_in": "08:29:13",
    "time_out": "19:50:12"
  },
  {
    "zk_id": "5",
    "log_date": "2025-09-13",
    "time_in": "08:16:12",
    "time_out": "19:55:31"
  },
  {
    "zk_id": "5",
    "log_date": "2025-09-14",
    "time_in": "07:46:40",
    "time_out": "08:15:16"
  },
  {
    "zk_id": "5",
    "log_date": "2025-09-15",
    "time_in": "17:15:32",
    "time_out": "17:15:32"
  },
  {
    "zk_id": "5",
    "log_date": "2025-09-16",
    "time_in": "08:07:53",
    "time_out": "20:14:57"
  },
  {
    "zk_id": "5",
    "log_date": "2025-09-17",
    "time_in": "08:11:52",
    "time_out": "08:11:52"
  },
  {
    "zk_id": "5",
    "log_date": "2025-09-18",
    "time_in": "08:16:15",
    "time_out": "19:38:34"
  },
  {
    "zk_id": "5",
    "log_date": "2025-09-19",
    "time_in": "08:15:10",
    "time_out": "19:35:32"
  },
  {
    "zk_id": "5",
    "log_date": "2025-09-20",
    "time_in": "08:13:07",
    "time_out": "08:13:07"
  },
  {
    "zk_id": "5",
    "log_date": "2025-09-22",
    "time_in": "07:49:40",
    "time_out": "07:49:40"
  },
  {
    "zk_id": "5",
    "log_date": "2025-09-23",
    "time_in": "07:59:30",
    "time_out": "17:14:41"
  },
  {
    "zk_id": "5",
    "log_date": "2025-09-24",
    "time_in": "20:15:10",
    "time_out": "20:15:10"
  },
  {
    "zk_id": "5",
    "log_date": "2025-09-25",
    "time_in": "08:02:07",
    "time_out": "20:14:11"
  },
  {
    "zk_id": "5",
    "log_date": "2025-09-26",
    "time_in": "19:44:39",
    "time_out": "19:44:39"
  },
  {
    "zk_id": "5",
    "log_date": "2025-09-27",
    "time_in": "08:15:24",
    "time_out": "19:37:12"
  },
  {
    "zk_id": "5",
    "log_date": "2025-09-28",
    "time_in": "08:15:46",
    "time_out": "08:15:46"
  },
  {
    "zk_id": "50",
    "log_date": "2025-09-01",
    "time_in": "08:16:50",
    "time_out": "19:55:14"
  },
  {
    "zk_id": "50",
    "log_date": "2025-09-02",
    "time_in": "08:32:51",
    "time_out": "08:32:51"
  },
  {
    "zk_id": "50",
    "log_date": "2025-09-04",
    "time_in": "08:02:01",
    "time_out": "17:15:12"
  },
  {
    "zk_id": "50",
    "log_date": "2025-09-05",
    "time_in": "07:30:04",
    "time_out": "17:10:47"
  },
  {
    "zk_id": "50",
    "log_date": "2025-09-06",
    "time_in": "07:29:28",
    "time_out": "20:08:44"
  },
  {
    "zk_id": "50",
    "log_date": "2025-09-07",
    "time_in": "20:11:16",
    "time_out": "20:11:16"
  },
  {
    "zk_id": "50",
    "log_date": "2025-09-08",
    "time_in": "19:37:23",
    "time_out": "19:37:23"
  },
  {
    "zk_id": "50",
    "log_date": "2025-09-09",
    "time_in": "08:23:14",
    "time_out": "20:00:03"
  },
  {
    "zk_id": "50",
    "log_date": "2025-09-10",
    "time_in": "20:14:21",
    "time_out": "20:14:21"
  },
  {
    "zk_id": "50",
    "log_date": "2025-09-11",
    "time_in": "19:41:04",
    "time_out": "19:41:04"
  },
  {
    "zk_id": "50",
    "log_date": "2025-09-12",
    "time_in": "07:55:14",
    "time_out": "08:36:28"
  },
  {
    "zk_id": "50",
    "log_date": "2025-09-13",
    "time_in": "07:49:17",
    "time_out": "17:18:24"
  },
  {
    "zk_id": "50",
    "log_date": "2025-09-14",
    "time_in": "20:17:06",
    "time_out": "20:17:06"
  },
  {
    "zk_id": "50",
    "log_date": "2025-09-15",
    "time_in": "08:13:05",
    "time_out": "20:13:53"
  },
  {
    "zk_id": "50",
    "log_date": "2025-09-16",
    "time_in": "19:59:28",
    "time_out": "19:59:28"
  },
  {
    "zk_id": "50",
    "log_date": "2025-09-17",
    "time_in": "08:19:56",
    "time_out": "19:41:12"
  },
  {
    "zk_id": "50",
    "log_date": "2025-09-18",
    "time_in": "07:54:49",
    "time_out": "17:16:36"
  },
  {
    "zk_id": "50",
    "log_date": "2025-09-19",
    "time_in": "17:16:34",
    "time_out": "17:16:34"
  },
  {
    "zk_id": "50",
    "log_date": "2025-09-20",
    "time_in": "07:53:59",
    "time_out": "17:09:22"
  },
  {
    "zk_id": "50",
    "log_date": "2025-09-21",
    "time_in": "17:36:40",
    "time_out": "17:36:40"
  },
  {
    "zk_id": "50",
    "log_date": "2025-09-22",
    "time_in": "08:07:47",
    "time_out": "20:12:12"
  },
  {
    "zk_id": "50",
    "log_date": "2025-09-23",
    "time_in": "08:02:12",
    "time_out": "20:15:17"
  },
  {
    "zk_id": "50",
    "log_date": "2025-09-24",
    "time_in": "19:54:16",
    "time_out": "19:54:16"
  },
  {
    "zk_id": "50",
    "log_date": "2025-09-25",
    "time_in": "08:25:19",
    "time_out": "19:41:02"
  },
  {
    "zk_id": "50",
    "log_date": "2025-09-26",
    "time_in": "08:16:55",
    "time_out": "08:16:55"
  },
  {
    "zk_id": "50",
    "log_date": "2025-09-27",
    "time_in": "19:45:30",
    "time_out": "19:45:30"
  },
  {
    "zk_id": "50",
    "log_date": "2025-09-28",
    "time_in": "08:18:07",
    "time_out": "19:48:55"
  },
  {
    "zk_id": "51",
    "log_date": "2025-09-03",
    "time_in": "07:55:14",
    "time_out": "07:55:14"
  },
  {
    "zk_id": "51",
    "log_date": "2025-09-04",
    "time_in": "20:15:04",
    "time_out": "20:15:04"
  },
  {
    "zk_id": "51",
    "log_date": "2025-09-05",
    "time_in": "12:08:40",
    "time_out": "20:14:13"
  },
  {
    "zk_id": "51",
    "log_date": "2025-09-06",
    "time_in": "19:37:55",
    "time_out": "19:37:55"
  },
  {
    "zk_id": "51",
    "log_date": "2025-09-07",
    "time_in": "08:10:05",
    "time_out": "19:51:48"
  },
  {
    "zk_id": "51",
    "log_date": "2025-09-08",
    "time_in": "08:17:22",
    "time_out": "08:17:22"
  },
  {
    "zk_id": "51",
    "log_date": "2025-09-10",
    "time_in": "07:51:37",
    "time_out": "07:51:37"
  },
  {
    "zk_id": "51",
    "log_date": "2025-09-11",
    "time_in": "07:48:37",
    "time_out": "17:14:49"
  },
  {
    "zk_id": "51",
    "log_date": "2025-09-12",
    "time_in": "07:46:05",
    "time_out": "20:15:52"
  },
  {
    "zk_id": "51",
    "log_date": "2025-09-13",
    "time_in": "20:14:47",
    "time_out": "20:14:47"
  },
  {
    "zk_id": "51",
    "log_date": "2025-09-14",
    "time_in": "19:38:29",
    "time_out": "19:38:29"
  },
  {
    "zk_id": "51",
    "log_date": "2025-09-15",
    "time_in": "08:15:51",
    "time_out": "19:44:33"
  },
  {
    "zk_id": "51",
    "log_date": "2025-09-16",
    "time_in": "08:17:28",
    "time_out": "08:17:28"
  },
  {
    "zk_id": "51",
    "log_date": "2025-09-18",
    "time_in": "07:47:52",
    "time_out": "07:47:52"
  },
  {
    "zk_id": "51",
    "log_date": "2025-09-19",
    "time_in": "07:52:22",
    "time_out": "17:15:30"
  },
  {
    "zk_id": "51",
    "log_date": "2025-09-20",
    "time_in": "07:35:52",
    "time_out": "20:15:17"
  },
  {
    "zk_id": "51",
    "log_date": "2025-09-21",
    "time_in": "20:15:13",
    "time_out": "20:15:13"
  },
  {
    "zk_id": "51",
    "log_date": "2025-09-22",
    "time_in": "19:42:54",
    "time_out": "19:42:54"
  },
  {
    "zk_id": "51",
    "log_date": "2025-09-23",
    "time_in": "08:16:09",
    "time_out": "19:35:29"
  },
  {
    "zk_id": "51",
    "log_date": "2025-09-24",
    "time_in": "08:15:02",
    "time_out": "08:15:02"
  },
  {
    "zk_id": "51",
    "log_date": "2025-09-26",
    "time_in": "07:40:51",
    "time_out": "07:40:51"
  },
  {
    "zk_id": "51",
    "log_date": "2025-09-27",
    "time_in": "07:57:05",
    "time_out": "17:15:33"
  },
  {
    "zk_id": "51",
    "log_date": "2025-09-28",
    "time_in": "07:50:10",
    "time_out": "18:35:11"
  },
  {
    "zk_id": "52",
    "log_date": "2025-09-01",
    "time_in": "08:05:11",
    "time_out": "19:24:50"
  },
  {
    "zk_id": "52",
    "log_date": "2025-09-02",
    "time_in": "08:32:00",
    "time_out": "08:32:00"
  },
  {
    "zk_id": "52",
    "log_date": "2025-09-03",
    "time_in": "07:46:22",
    "time_out": "07:46:22"
  },
  {
    "zk_id": "52",
    "log_date": "2025-09-04",
    "time_in": "07:43:25",
    "time_out": "17:15:09"
  },
  {
    "zk_id": "52",
    "log_date": "2025-09-05",
    "time_in": "07:38:07",
    "time_out": "17:01:01"
  },
  {
    "zk_id": "52",
    "log_date": "2025-09-06",
    "time_in": "07:42:28",
    "time_out": "20:08:50"
  },
  {
    "zk_id": "52",
    "log_date": "2025-09-07",
    "time_in": "20:00:16",
    "time_out": "20:00:16"
  },
  {
    "zk_id": "52",
    "log_date": "2025-09-08",
    "time_in": "19:32:27",
    "time_out": "19:32:27"
  },
  {
    "zk_id": "52",
    "log_date": "2025-09-09",
    "time_in": "08:26:05",
    "time_out": "19:34:10"
  },
  {
    "zk_id": "52",
    "log_date": "2025-09-10",
    "time_in": "08:21:30",
    "time_out": "08:21:30"
  },
  {
    "zk_id": "52",
    "log_date": "2025-09-12",
    "time_in": "07:50:33",
    "time_out": "07:50:33"
  },
  {
    "zk_id": "52",
    "log_date": "2025-09-13",
    "time_in": "07:39:22",
    "time_out": "17:15:53"
  },
  {
    "zk_id": "52",
    "log_date": "2025-09-14",
    "time_in": "07:55:11",
    "time_out": "20:12:49"
  },
  {
    "zk_id": "52",
    "log_date": "2025-09-15",
    "time_in": "20:08:54",
    "time_out": "20:08:54"
  },
  {
    "zk_id": "52",
    "log_date": "2025-09-16",
    "time_in": "19:34:21",
    "time_out": "19:34:21"
  },
  {
    "zk_id": "52",
    "log_date": "2025-09-17",
    "time_in": "08:12:04",
    "time_out": "19:19:31"
  },
  {
    "zk_id": "52",
    "log_date": "2025-09-18",
    "time_in": "08:15:34",
    "time_out": "08:15:34"
  },
  {
    "zk_id": "52",
    "log_date": "2025-09-20",
    "time_in": "07:49:07",
    "time_out": "17:09:38"
  },
  {
    "zk_id": "52",
    "log_date": "2025-09-21",
    "time_in": "07:45:53",
    "time_out": "17:11:01"
  },
  {
    "zk_id": "52",
    "log_date": "2025-09-22",
    "time_in": "07:54:01",
    "time_out": "20:08:43"
  },
  {
    "zk_id": "52",
    "log_date": "2025-09-23",
    "time_in": "20:15:26",
    "time_out": "20:15:26"
  },
  {
    "zk_id": "52",
    "log_date": "2025-09-24",
    "time_in": "19:28:09",
    "time_out": "19:28:09"
  },
  {
    "zk_id": "52",
    "log_date": "2025-09-25",
    "time_in": "08:21:14",
    "time_out": "19:29:05"
  },
  {
    "zk_id": "52",
    "log_date": "2025-09-26",
    "time_in": "08:19:59",
    "time_out": "08:19:59"
  },
  {
    "zk_id": "52",
    "log_date": "2025-09-27",
    "time_in": "19:41:33",
    "time_out": "19:41:33"
  },
  {
    "zk_id": "52",
    "log_date": "2025-09-28",
    "time_in": "08:17:57",
    "time_out": "19:41:26"
  },
  {
    "zk_id": "52",
    "log_date": "2025-09-29",
    "time_in": "08:18:46",
    "time_out": "08:18:46"
  },
  {
    "zk_id": "53",
    "log_date": "2025-09-01",
    "time_in": "07:17:16",
    "time_out": "07:17:16"
  },
  {
    "zk_id": "53",
    "log_date": "2025-09-02",
    "time_in": "07:41:17",
    "time_out": "20:15:21"
  },
  {
    "zk_id": "53",
    "log_date": "2025-09-03",
    "time_in": "20:09:32",
    "time_out": "20:09:32"
  },
  {
    "zk_id": "53",
    "log_date": "2025-09-04",
    "time_in": "19:30:00",
    "time_out": "19:30:00"
  },
  {
    "zk_id": "53",
    "log_date": "2025-09-05",
    "time_in": "08:25:05",
    "time_out": "19:33:58"
  },
  {
    "zk_id": "53",
    "log_date": "2025-09-06",
    "time_in": "08:15:36",
    "time_out": "08:15:36"
  },
  {
    "zk_id": "53",
    "log_date": "2025-09-09",
    "time_in": "07:38:14",
    "time_out": "07:38:14"
  },
  {
    "zk_id": "53",
    "log_date": "2025-09-10",
    "time_in": "07:42:56",
    "time_out": "20:09:34"
  },
  {
    "zk_id": "53",
    "log_date": "2025-09-11",
    "time_in": "20:11:34",
    "time_out": "20:11:34"
  },
  {
    "zk_id": "53",
    "log_date": "2025-09-12",
    "time_in": "19:53:11",
    "time_out": "19:53:11"
  },
  {
    "zk_id": "53",
    "log_date": "2025-09-13",
    "time_in": "08:10:36",
    "time_out": "19:39:35"
  },
  {
    "zk_id": "53",
    "log_date": "2025-09-14",
    "time_in": "08:18:17",
    "time_out": "08:18:17"
  },
  {
    "zk_id": "53",
    "log_date": "2025-09-16",
    "time_in": "07:47:21",
    "time_out": "07:47:21"
  },
  {
    "zk_id": "53",
    "log_date": "2025-09-17",
    "time_in": "07:58:41",
    "time_out": "17:17:56"
  },
  {
    "zk_id": "53",
    "log_date": "2025-09-18",
    "time_in": "07:37:02",
    "time_out": "20:17:18"
  },
  {
    "zk_id": "53",
    "log_date": "2025-09-19",
    "time_in": "20:13:45",
    "time_out": "20:13:45"
  },
  {
    "zk_id": "53",
    "log_date": "2025-09-20",
    "time_in": "19:27:54",
    "time_out": "19:27:54"
  },
  {
    "zk_id": "53",
    "log_date": "2025-09-21",
    "time_in": "08:09:11",
    "time_out": "19:28:32"
  },
  {
    "zk_id": "53",
    "log_date": "2025-09-22",
    "time_in": "08:16:41",
    "time_out": "08:16:41"
  },
  {
    "zk_id": "53",
    "log_date": "2025-09-26",
    "time_in": "07:58:24",
    "time_out": "20:18:19"
  },
  {
    "zk_id": "53",
    "log_date": "2025-09-27",
    "time_in": "20:17:03",
    "time_out": "20:17:03"
  },
  {
    "zk_id": "53",
    "log_date": "2025-09-28",
    "time_in": "19:21:21",
    "time_out": "19:21:21"
  },
  {
    "zk_id": "53",
    "log_date": "2025-09-29",
    "time_in": "08:16:50",
    "time_out": "08:16:50"
  },
  {
    "zk_id": "54",
    "log_date": "2025-09-02",
    "time_in": "07:49:01",
    "time_out": "07:49:01"
  },
  {
    "zk_id": "54",
    "log_date": "2025-09-03",
    "time_in": "17:16:14",
    "time_out": "17:16:14"
  },
  {
    "zk_id": "54",
    "log_date": "2025-09-04",
    "time_in": "08:01:03",
    "time_out": "20:13:57"
  },
  {
    "zk_id": "54",
    "log_date": "2025-09-05",
    "time_in": "08:05:30",
    "time_out": "20:14:48"
  },
  {
    "zk_id": "54",
    "log_date": "2025-09-06",
    "time_in": "19:37:11",
    "time_out": "19:37:11"
  },
  {
    "zk_id": "54",
    "log_date": "2025-09-07",
    "time_in": "08:16:20",
    "time_out": "19:54:26"
  },
  {
    "zk_id": "54",
    "log_date": "2025-09-08",
    "time_in": "08:17:16",
    "time_out": "08:17:16"
  },
  {
    "zk_id": "54",
    "log_date": "2025-09-11",
    "time_in": "07:55:54",
    "time_out": "17:14:36"
  },
  {
    "zk_id": "54",
    "log_date": "2025-09-12",
    "time_in": "07:48:20",
    "time_out": "20:15:23"
  },
  {
    "zk_id": "54",
    "log_date": "2025-09-13",
    "time_in": "20:14:50",
    "time_out": "20:14:50"
  },
  {
    "zk_id": "54",
    "log_date": "2025-09-14",
    "time_in": "19:52:02",
    "time_out": "19:52:02"
  },
  {
    "zk_id": "54",
    "log_date": "2025-09-15",
    "time_in": "08:15:40",
    "time_out": "19:50:42"
  },
  {
    "zk_id": "54",
    "log_date": "2025-09-16",
    "time_in": "08:17:49",
    "time_out": "08:17:49"
  },
  {
    "zk_id": "54",
    "log_date": "2025-09-18",
    "time_in": "07:49:31",
    "time_out": "07:49:31"
  },
  {
    "zk_id": "54",
    "log_date": "2025-09-19",
    "time_in": "17:16:10",
    "time_out": "17:16:10"
  },
  {
    "zk_id": "54",
    "log_date": "2025-09-20",
    "time_in": "07:46:00",
    "time_out": "20:15:44"
  },
  {
    "zk_id": "54",
    "log_date": "2025-09-21",
    "time_in": "20:15:23",
    "time_out": "20:15:23"
  },
  {
    "zk_id": "54",
    "log_date": "2025-09-22",
    "time_in": "19:19:52",
    "time_out": "19:19:52"
  },
  {
    "zk_id": "54",
    "log_date": "2025-09-23",
    "time_in": "08:16:04",
    "time_out": "19:34:20"
  },
  {
    "zk_id": "54",
    "log_date": "2025-09-24",
    "time_in": "08:20:03",
    "time_out": "08:20:03"
  },
  {
    "zk_id": "54",
    "log_date": "2025-09-25",
    "time_in": "08:01:31",
    "time_out": "17:11:49"
  },
  {
    "zk_id": "54",
    "log_date": "2025-09-27",
    "time_in": "08:04:03",
    "time_out": "17:16:13"
  },
  {
    "zk_id": "54",
    "log_date": "2025-09-28",
    "time_in": "08:04:00",
    "time_out": "20:16:04"
  },
  {
    "zk_id": "54",
    "log_date": "2025-09-29",
    "time_in": "08:04:07",
    "time_out": "08:04:07"
  },
  {
    "zk_id": "55",
    "log_date": "2025-09-01",
    "time_in": "08:13:06",
    "time_out": "19:49:57"
  },
  {
    "zk_id": "55",
    "log_date": "2025-09-02",
    "time_in": "08:32:04",
    "time_out": "08:32:04"
  },
  {
    "zk_id": "55",
    "log_date": "2025-09-03",
    "time_in": "07:41:42",
    "time_out": "07:41:42"
  },
  {
    "zk_id": "55",
    "log_date": "2025-09-04",
    "time_in": "07:52:07",
    "time_out": "17:15:20"
  },
  {
    "zk_id": "55",
    "log_date": "2025-09-05",
    "time_in": "07:56:51",
    "time_out": "17:12:29"
  },
  {
    "zk_id": "55",
    "log_date": "2025-09-06",
    "time_in": "20:11:35",
    "time_out": "20:11:35"
  },
  {
    "zk_id": "55",
    "log_date": "2025-09-08",
    "time_in": "19:43:31",
    "time_out": "19:43:31"
  },
  {
    "zk_id": "55",
    "log_date": "2025-09-09",
    "time_in": "08:22:48",
    "time_out": "19:53:36"
  },
  {
    "zk_id": "55",
    "log_date": "2025-09-10",
    "time_in": "08:15:15",
    "time_out": "08:15:15"
  },
  {
    "zk_id": "55",
    "log_date": "2025-09-11",
    "time_in": "19:56:02",
    "time_out": "19:56:02"
  },
  {
    "zk_id": "55",
    "log_date": "2025-09-12",
    "time_in": "07:51:29",
    "time_out": "08:29:15"
  },
  {
    "zk_id": "55",
    "log_date": "2025-09-13",
    "time_in": "07:42:49",
    "time_out": "17:16:03"
  },
  {
    "zk_id": "55",
    "log_date": "2025-09-14",
    "time_in": "07:55:16",
    "time_out": "20:15:25"
  },
  {
    "zk_id": "55",
    "log_date": "2025-09-16",
    "time_in": "08:17:20",
    "time_out": "08:17:20"
  },
  {
    "zk_id": "55",
    "log_date": "2025-09-17",
    "time_in": "19:38:21",
    "time_out": "19:38:21"
  },
  {
    "zk_id": "55",
    "log_date": "2025-09-18",
    "time_in": "08:16:21",
    "time_out": "19:43:47"
  },
  {
    "zk_id": "55",
    "log_date": "2025-09-19",
    "time_in": "07:58:32",
    "time_out": "17:16:00"
  },
  {
    "zk_id": "55",
    "log_date": "2025-09-20",
    "time_in": "07:55:10",
    "time_out": "17:12:19"
  },
  {
    "zk_id": "55",
    "log_date": "2025-09-21",
    "time_in": "17:11:19",
    "time_out": "17:11:19"
  },
  {
    "zk_id": "55",
    "log_date": "2025-09-22",
    "time_in": "07:56:48",
    "time_out": "20:15:06"
  },
  {
    "zk_id": "55",
    "log_date": "2025-09-23",
    "time_in": "20:14:23",
    "time_out": "20:14:23"
  },
  {
    "zk_id": "55",
    "log_date": "2025-09-24",
    "time_in": "19:47:11",
    "time_out": "19:47:11"
  },
  {
    "zk_id": "55",
    "log_date": "2025-09-25",
    "time_in": "08:20:26",
    "time_out": "19:50:40"
  },
  {
    "zk_id": "55",
    "log_date": "2025-09-26",
    "time_in": "08:16:37",
    "time_out": "19:52:34"
  },
  {
    "zk_id": "55",
    "log_date": "2025-09-27",
    "time_in": "08:15:36",
    "time_out": "20:00:32"
  },
  {
    "zk_id": "55",
    "log_date": "2025-09-28",
    "time_in": "07:47:45",
    "time_out": "08:18:00"
  },
  {
    "zk_id": "56",
    "log_date": "2025-09-01",
    "time_in": "07:51:59",
    "time_out": "07:51:59"
  },
  {
    "zk_id": "56",
    "log_date": "2025-09-02",
    "time_in": "07:49:03",
    "time_out": "20:16:12"
  },
  {
    "zk_id": "56",
    "log_date": "2025-09-03",
    "time_in": "20:08:39",
    "time_out": "20:08:39"
  },
  {
    "zk_id": "56",
    "log_date": "2025-09-04",
    "time_in": "06:37:52",
    "time_out": "19:46:51"
  },
  {
    "zk_id": "56",
    "log_date": "2025-09-09",
    "time_in": "07:55:29",
    "time_out": "07:55:29"
  },
  {
    "zk_id": "56",
    "log_date": "2025-09-10",
    "time_in": "20:09:44",
    "time_out": "20:09:44"
  },
  {
    "zk_id": "56",
    "log_date": "2025-09-11",
    "time_in": "08:00:06",
    "time_out": "20:11:13"
  },
  {
    "zk_id": "56",
    "log_date": "2025-09-12",
    "time_in": "19:38:15",
    "time_out": "19:38:15"
  },
  {
    "zk_id": "56",
    "log_date": "2025-09-13",
    "time_in": "08:10:56",
    "time_out": "08:10:56"
  },
  {
    "zk_id": "56",
    "log_date": "2025-09-16",
    "time_in": "07:57:32",
    "time_out": "07:57:32"
  },
  {
    "zk_id": "56",
    "log_date": "2025-09-17",
    "time_in": "07:46:48",
    "time_out": "17:17:47"
  },
  {
    "zk_id": "56",
    "log_date": "2025-09-18",
    "time_in": "07:58:12",
    "time_out": "20:08:44"
  },
  {
    "zk_id": "56",
    "log_date": "2025-09-19",
    "time_in": "17:05:05",
    "time_out": "17:05:05"
  },
  {
    "zk_id": "56",
    "log_date": "2025-09-20",
    "time_in": "19:43:21",
    "time_out": "19:43:21"
  },
  {
    "zk_id": "56",
    "log_date": "2025-09-21",
    "time_in": "08:09:09",
    "time_out": "19:55:49"
  },
  {
    "zk_id": "56",
    "log_date": "2025-09-22",
    "time_in": "08:16:24",
    "time_out": "08:16:24"
  },
  {
    "zk_id": "56",
    "log_date": "2025-09-25",
    "time_in": "07:55:40",
    "time_out": "07:55:40"
  },
  {
    "zk_id": "56",
    "log_date": "2025-09-26",
    "time_in": "20:10:35",
    "time_out": "20:10:35"
  },
  {
    "zk_id": "56",
    "log_date": "2025-09-27",
    "time_in": "08:01:02",
    "time_out": "16:17:26"
  },
  {
    "zk_id": "56",
    "log_date": "2025-09-28",
    "time_in": "19:41:21",
    "time_out": "19:41:21"
  },
  {
    "zk_id": "56",
    "log_date": "2025-09-29",
    "time_in": "08:20:20",
    "time_out": "08:20:20"
  },
  {
    "zk_id": "57",
    "log_date": "2025-09-01",
    "time_in": "08:13:02",
    "time_out": "19:21:47"
  },
  {
    "zk_id": "57",
    "log_date": "2025-09-02",
    "time_in": "08:31:57",
    "time_out": "08:31:57"
  },
  {
    "zk_id": "57",
    "log_date": "2025-09-03",
    "time_in": "07:56:29",
    "time_out": "07:56:29"
  },
  {
    "zk_id": "57",
    "log_date": "2025-09-04",
    "time_in": "07:38:37",
    "time_out": "17:14:59"
  },
  {
    "zk_id": "57",
    "log_date": "2025-09-05",
    "time_in": "07:30:39",
    "time_out": "17:12:34"
  },
  {
    "zk_id": "57",
    "log_date": "2025-09-06",
    "time_in": "07:49:38",
    "time_out": "20:11:37"
  },
  {
    "zk_id": "57",
    "log_date": "2025-09-07",
    "time_in": "20:07:35",
    "time_out": "20:07:35"
  },
  {
    "zk_id": "57",
    "log_date": "2025-09-08",
    "time_in": "19:19:17",
    "time_out": "19:19:17"
  },
  {
    "zk_id": "57",
    "log_date": "2025-09-09",
    "time_in": "08:22:50",
    "time_out": "19:37:36"
  },
  {
    "zk_id": "57",
    "log_date": "2025-09-10",
    "time_in": "08:11:27",
    "time_out": "08:11:27"
  },
  {
    "zk_id": "57",
    "log_date": "2025-09-12",
    "time_in": "07:46:58",
    "time_out": "07:46:58"
  },
  {
    "zk_id": "57",
    "log_date": "2025-09-13",
    "time_in": "17:15:56",
    "time_out": "17:15:56"
  },
  {
    "zk_id": "57",
    "log_date": "2025-09-14",
    "time_in": "07:28:49",
    "time_out": "07:28:49"
  },
  {
    "zk_id": "57",
    "log_date": "2025-09-16",
    "time_in": "08:17:55",
    "time_out": "19:32:42"
  },
  {
    "zk_id": "57",
    "log_date": "2025-09-17",
    "time_in": "08:19:37",
    "time_out": "19:09:38"
  },
  {
    "zk_id": "57",
    "log_date": "2025-09-18",
    "time_in": "08:16:09",
    "time_out": "19:39:47"
  },
  {
    "zk_id": "57",
    "log_date": "2025-09-19",
    "time_in": "08:16:23",
    "time_out": "08:16:23"
  },
  {
    "zk_id": "57",
    "log_date": "2025-09-20",
    "time_in": "07:43:24",
    "time_out": "07:43:24"
  },
  {
    "zk_id": "57",
    "log_date": "2025-09-21",
    "time_in": "07:48:06",
    "time_out": "17:19:30"
  },
  {
    "zk_id": "57",
    "log_date": "2025-09-22",
    "time_in": "07:51:42",
    "time_out": "20:13:34"
  },
  {
    "zk_id": "57",
    "log_date": "2025-09-23",
    "time_in": "20:15:06",
    "time_out": "20:15:06"
  },
  {
    "zk_id": "57",
    "log_date": "2025-09-24",
    "time_in": "19:07:41",
    "time_out": "19:07:41"
  },
  {
    "zk_id": "57",
    "log_date": "2025-09-25",
    "time_in": "08:20:14",
    "time_out": "19:34:49"
  },
  {
    "zk_id": "57",
    "log_date": "2025-09-26",
    "time_in": "08:15:24",
    "time_out": "08:15:24"
  },
  {
    "zk_id": "57",
    "log_date": "2025-09-28",
    "time_in": "07:48:52",
    "time_out": "07:48:52"
  },
  {
    "zk_id": "58",
    "log_date": "2025-09-12",
    "time_in": "07:47:37",
    "time_out": "07:47:37"
  },
  {
    "zk_id": "58",
    "log_date": "2025-09-13",
    "time_in": "20:11:53",
    "time_out": "20:11:53"
  },
  {
    "zk_id": "58",
    "log_date": "2025-09-14",
    "time_in": "19:36:13",
    "time_out": "19:36:13"
  },
  {
    "zk_id": "58",
    "log_date": "2025-09-15",
    "time_in": "08:09:26",
    "time_out": "19:43:53"
  },
  {
    "zk_id": "58",
    "log_date": "2025-09-16",
    "time_in": "08:17:03",
    "time_out": "08:17:03"
  },
  {
    "zk_id": "58",
    "log_date": "2025-09-18",
    "time_in": "07:47:38",
    "time_out": "07:47:38"
  },
  {
    "zk_id": "58",
    "log_date": "2025-09-19",
    "time_in": "07:45:38",
    "time_out": "17:15:32"
  },
  {
    "zk_id": "58",
    "log_date": "2025-09-20",
    "time_in": "07:41:34",
    "time_out": "20:15:28"
  },
  {
    "zk_id": "58",
    "log_date": "2025-09-21",
    "time_in": "20:15:33",
    "time_out": "20:15:33"
  },
  {
    "zk_id": "58",
    "log_date": "2025-09-22",
    "time_in": "19:23:51",
    "time_out": "19:23:51"
  },
  {
    "zk_id": "58",
    "log_date": "2025-09-23",
    "time_in": "08:16:15",
    "time_out": "19:46:11"
  },
  {
    "zk_id": "58",
    "log_date": "2025-09-24",
    "time_in": "08:16:44",
    "time_out": "08:16:44"
  },
  {
    "zk_id": "58",
    "log_date": "2025-09-26",
    "time_in": "07:43:32",
    "time_out": "07:43:32"
  },
  {
    "zk_id": "58",
    "log_date": "2025-09-27",
    "time_in": "07:39:49",
    "time_out": "17:15:54"
  },
  {
    "zk_id": "58",
    "log_date": "2025-09-28",
    "time_in": "07:43:58",
    "time_out": "20:10:55"
  },
  {
    "zk_id": "59",
    "log_date": "2025-09-02",
    "time_in": "07:47:30",
    "time_out": "20:15:38"
  },
  {
    "zk_id": "59",
    "log_date": "2025-09-03",
    "time_in": "20:09:25",
    "time_out": "20:09:25"
  },
  {
    "zk_id": "59",
    "log_date": "2025-09-04",
    "time_in": "19:24:48",
    "time_out": "19:24:48"
  },
  {
    "zk_id": "59",
    "log_date": "2025-09-05",
    "time_in": "08:24:57",
    "time_out": "19:46:04"
  },
  {
    "zk_id": "59",
    "log_date": "2025-09-06",
    "time_in": "08:15:08",
    "time_out": "08:15:08"
  },
  {
    "zk_id": "59",
    "log_date": "2025-09-09",
    "time_in": "07:54:42",
    "time_out": "07:54:42"
  },
  {
    "zk_id": "59",
    "log_date": "2025-09-10",
    "time_in": "07:56:45",
    "time_out": "20:09:28"
  },
  {
    "zk_id": "59",
    "log_date": "2025-09-12",
    "time_in": "08:30:34",
    "time_out": "19:35:19"
  },
  {
    "zk_id": "59",
    "log_date": "2025-09-13",
    "time_in": "08:10:15",
    "time_out": "19:36:19"
  },
  {
    "zk_id": "59",
    "log_date": "2025-09-14",
    "time_in": "08:18:42",
    "time_out": "08:18:42"
  },
  {
    "zk_id": "59",
    "log_date": "2025-09-17",
    "time_in": "07:42:50",
    "time_out": "17:18:36"
  },
  {
    "zk_id": "59",
    "log_date": "2025-09-18",
    "time_in": "20:15:50",
    "time_out": "20:15:50"
  },
  {
    "zk_id": "59",
    "log_date": "2025-09-19",
    "time_in": "08:00:25",
    "time_out": "20:16:35"
  },
  {
    "zk_id": "59",
    "log_date": "2025-09-20",
    "time_in": "19:42:29",
    "time_out": "19:42:29"
  },
  {
    "zk_id": "59",
    "log_date": "2025-09-21",
    "time_in": "08:09:16",
    "time_out": "08:09:16"
  },
  {
    "zk_id": "59",
    "log_date": "2025-09-26",
    "time_in": "08:33:11",
    "time_out": "20:10:39"
  },
  {
    "zk_id": "59",
    "log_date": "2025-09-27",
    "time_in": "08:00:24",
    "time_out": "20:16:59"
  },
  {
    "zk_id": "59",
    "log_date": "2025-09-28",
    "time_in": "19:32:50",
    "time_out": "19:32:50"
  },
  {
    "zk_id": "59",
    "log_date": "2025-09-29",
    "time_in": "08:16:29",
    "time_out": "08:16:29"
  },
  {
    "zk_id": "6",
    "log_date": "2025-08-31",
    "time_in": "07:29:37",
    "time_out": "07:29:37"
  },
  {
    "zk_id": "6",
    "log_date": "2025-09-03",
    "time_in": "08:14:56",
    "time_out": "18:41:47"
  },
  {
    "zk_id": "6",
    "log_date": "2025-09-04",
    "time_in": "08:17:08",
    "time_out": "08:17:08"
  },
  {
    "zk_id": "6",
    "log_date": "2025-09-06",
    "time_in": "07:34:38",
    "time_out": "07:34:38"
  },
  {
    "zk_id": "6",
    "log_date": "2025-09-07",
    "time_in": "07:26:30",
    "time_out": "17:13:57"
  },
  {
    "zk_id": "6",
    "log_date": "2025-09-08",
    "time_in": "07:32:30",
    "time_out": "20:14:17"
  },
  {
    "zk_id": "6",
    "log_date": "2025-09-09",
    "time_in": "20:12:55",
    "time_out": "20:12:55"
  },
  {
    "zk_id": "6",
    "log_date": "2025-09-10",
    "time_in": "18:15:24",
    "time_out": "18:15:24"
  },
  {
    "zk_id": "6",
    "log_date": "2025-09-11",
    "time_in": "08:12:07",
    "time_out": "18:09:25"
  },
  {
    "zk_id": "6",
    "log_date": "2025-09-12",
    "time_in": "08:29:11",
    "time_out": "18:46:53"
  },
  {
    "zk_id": "6",
    "log_date": "2025-09-13",
    "time_in": "08:16:16",
    "time_out": "18:42:24"
  },
  {
    "zk_id": "6",
    "log_date": "2025-09-14",
    "time_in": "08:15:20",
    "time_out": "17:58:49"
  },
  {
    "zk_id": "6",
    "log_date": "2025-09-15",
    "time_in": "07:41:56",
    "time_out": "17:15:20"
  },
  {
    "zk_id": "6",
    "log_date": "2025-09-16",
    "time_in": "07:36:40",
    "time_out": "20:14:15"
  },
  {
    "zk_id": "6",
    "log_date": "2025-09-17",
    "time_in": "18:31:47",
    "time_out": "18:31:47"
  },
  {
    "zk_id": "6",
    "log_date": "2025-09-18",
    "time_in": "08:16:17",
    "time_out": "18:24:17"
  },
  {
    "zk_id": "6",
    "log_date": "2025-09-19",
    "time_in": "08:15:08",
    "time_out": "18:04:32"
  },
  {
    "zk_id": "6",
    "log_date": "2025-09-20",
    "time_in": "08:19:41",
    "time_out": "08:19:41"
  },
  {
    "zk_id": "6",
    "log_date": "2025-09-22",
    "time_in": "07:33:46",
    "time_out": "07:33:46"
  },
  {
    "zk_id": "6",
    "log_date": "2025-09-23",
    "time_in": "07:39:28",
    "time_out": "12:16:27"
  },
  {
    "zk_id": "6",
    "log_date": "2025-09-24",
    "time_in": "07:45:19",
    "time_out": "20:15:08"
  },
  {
    "zk_id": "6",
    "log_date": "2025-09-25",
    "time_in": "20:14:07",
    "time_out": "20:14:07"
  },
  {
    "zk_id": "6",
    "log_date": "2025-09-27",
    "time_in": "18:15:22",
    "time_out": "18:15:22"
  },
  {
    "zk_id": "6",
    "log_date": "2025-09-28",
    "time_in": "08:15:44",
    "time_out": "08:15:44"
  },
  {
    "zk_id": "60",
    "log_date": "2025-09-01",
    "time_in": "08:16:42",
    "time_out": "19:41:56"
  },
  {
    "zk_id": "60",
    "log_date": "2025-09-02",
    "time_in": "08:34:03",
    "time_out": "08:34:03"
  },
  {
    "zk_id": "60",
    "log_date": "2025-09-03",
    "time_in": "07:35:16",
    "time_out": "07:35:16"
  },
  {
    "zk_id": "60",
    "log_date": "2025-09-04",
    "time_in": "07:55:55",
    "time_out": "17:15:07"
  },
  {
    "zk_id": "60",
    "log_date": "2025-09-05",
    "time_in": "07:40:52",
    "time_out": "17:10:52"
  },
  {
    "zk_id": "60",
    "log_date": "2025-09-06",
    "time_in": "07:58:46",
    "time_out": "20:08:31"
  },
  {
    "zk_id": "60",
    "log_date": "2025-09-07",
    "time_in": "20:11:20",
    "time_out": "20:11:20"
  },
  {
    "zk_id": "60",
    "log_date": "2025-09-08",
    "time_in": "19:37:28",
    "time_out": "19:37:28"
  },
  {
    "zk_id": "60",
    "log_date": "2025-09-09",
    "time_in": "08:18:27",
    "time_out": "19:48:09"
  },
  {
    "zk_id": "60",
    "log_date": "2025-09-10",
    "time_in": "08:21:26",
    "time_out": "08:21:26"
  },
  {
    "zk_id": "60",
    "log_date": "2025-09-11",
    "time_in": "19:29:16",
    "time_out": "19:29:16"
  },
  {
    "zk_id": "60",
    "log_date": "2025-09-12",
    "time_in": "07:48:47",
    "time_out": "08:36:36"
  },
  {
    "zk_id": "60",
    "log_date": "2025-09-13",
    "time_in": "07:50:23",
    "time_out": "17:18:17"
  },
  {
    "zk_id": "60",
    "log_date": "2025-09-14",
    "time_in": "07:29:50",
    "time_out": "20:17:11"
  },
  {
    "zk_id": "60",
    "log_date": "2025-09-15",
    "time_in": "20:08:59",
    "time_out": "20:08:59"
  },
  {
    "zk_id": "60",
    "log_date": "2025-09-16",
    "time_in": "19:24:19",
    "time_out": "19:24:19"
  },
  {
    "zk_id": "60",
    "log_date": "2025-09-17",
    "time_in": "08:11:56",
    "time_out": "19:24:21"
  },
  {
    "zk_id": "60",
    "log_date": "2025-09-18",
    "time_in": "07:49:27",
    "time_out": "17:16:32"
  },
  {
    "zk_id": "60",
    "log_date": "2025-09-19",
    "time_in": "07:40:58",
    "time_out": "17:16:03"
  },
  {
    "zk_id": "60",
    "log_date": "2025-09-20",
    "time_in": "07:45:52",
    "time_out": "17:09:24"
  },
  {
    "zk_id": "60",
    "log_date": "2025-09-21",
    "time_in": "07:58:29",
    "time_out": "17:19:28"
  },
  {
    "zk_id": "60",
    "log_date": "2025-09-22",
    "time_in": "07:51:01",
    "time_out": "20:12:10"
  },
  {
    "zk_id": "60",
    "log_date": "2025-09-23",
    "time_in": "20:15:52",
    "time_out": "20:15:52"
  },
  {
    "zk_id": "60",
    "log_date": "2025-09-24",
    "time_in": "19:59:50",
    "time_out": "19:59:50"
  },
  {
    "zk_id": "60",
    "log_date": "2025-09-25",
    "time_in": "08:21:19",
    "time_out": "19:10:35"
  },
  {
    "zk_id": "60",
    "log_date": "2025-09-26",
    "time_in": "08:17:03",
    "time_out": "08:17:03"
  },
  {
    "zk_id": "60",
    "log_date": "2025-09-28",
    "time_in": "07:53:44",
    "time_out": "07:53:44"
  },
  {
    "zk_id": "62",
    "log_date": "2025-09-01",
    "time_in": "08:10:14",
    "time_out": "19:25:25"
  },
  {
    "zk_id": "62",
    "log_date": "2025-09-02",
    "time_in": "08:31:40",
    "time_out": "08:31:40"
  },
  {
    "zk_id": "62",
    "log_date": "2025-09-03",
    "time_in": "07:22:39",
    "time_out": "07:22:39"
  },
  {
    "zk_id": "62",
    "log_date": "2025-09-04",
    "time_in": "07:43:32",
    "time_out": "17:15:25"
  },
  {
    "zk_id": "62",
    "log_date": "2025-09-05",
    "time_in": "07:35:57",
    "time_out": "17:08:37"
  },
  {
    "zk_id": "62",
    "log_date": "2025-09-06",
    "time_in": "07:45:13",
    "time_out": "20:08:46"
  },
  {
    "zk_id": "62",
    "log_date": "2025-09-08",
    "time_in": "08:17:08",
    "time_out": "19:31:06"
  },
  {
    "zk_id": "62",
    "log_date": "2025-09-09",
    "time_in": "08:21:17",
    "time_out": "19:27:09"
  },
  {
    "zk_id": "62",
    "log_date": "2025-09-10",
    "time_in": "20:09:40",
    "time_out": "20:09:40"
  },
  {
    "zk_id": "62",
    "log_date": "2025-09-11",
    "time_in": "19:20:27",
    "time_out": "19:20:27"
  },
  {
    "zk_id": "62",
    "log_date": "2025-09-12",
    "time_in": "07:48:05",
    "time_out": "08:32:01"
  },
  {
    "zk_id": "62",
    "log_date": "2025-09-13",
    "time_in": "07:19:09",
    "time_out": "20:11:57"
  },
  {
    "zk_id": "62",
    "log_date": "2025-09-14",
    "time_in": "07:13:52",
    "time_out": "20:09:05"
  },
  {
    "zk_id": "62",
    "log_date": "2025-09-16",
    "time_in": "08:09:57",
    "time_out": "19:48:02"
  },
  {
    "zk_id": "62",
    "log_date": "2025-09-17",
    "time_in": "08:11:32",
    "time_out": "19:34:27"
  },
  {
    "zk_id": "62",
    "log_date": "2025-09-18",
    "time_in": "07:46:15",
    "time_out": "17:16:55"
  },
  {
    "zk_id": "62",
    "log_date": "2025-09-19",
    "time_in": "07:49:10",
    "time_out": "17:15:37"
  },
  {
    "zk_id": "62",
    "log_date": "2025-09-20",
    "time_in": "07:44:51",
    "time_out": "17:09:13"
  },
  {
    "zk_id": "62",
    "log_date": "2025-09-21",
    "time_in": "07:38:21",
    "time_out": "17:11:07"
  },
  {
    "zk_id": "62",
    "log_date": "2025-09-22",
    "time_in": "07:45:06",
    "time_out": "20:08:33"
  },
  {
    "zk_id": "62",
    "log_date": "2025-09-23",
    "time_in": "20:15:58",
    "time_out": "20:15:58"
  },
  {
    "zk_id": "62",
    "log_date": "2025-09-24",
    "time_in": "18:39:37",
    "time_out": "18:39:37"
  },
  {
    "zk_id": "62",
    "log_date": "2025-09-25",
    "time_in": "08:14:49",
    "time_out": "19:29:21"
  },
  {
    "zk_id": "62",
    "log_date": "2025-09-26",
    "time_in": "08:19:56",
    "time_out": "08:19:56"
  },
  {
    "zk_id": "62",
    "log_date": "2025-09-27",
    "time_in": "19:32:32",
    "time_out": "19:32:32"
  },
  {
    "zk_id": "62",
    "log_date": "2025-09-28",
    "time_in": "07:42:12",
    "time_out": "08:16:44"
  },
  {
    "zk_id": "63",
    "log_date": "2025-09-01",
    "time_in": "07:40:15",
    "time_out": "07:40:15"
  },
  {
    "zk_id": "63",
    "log_date": "2025-09-02",
    "time_in": "07:37:57",
    "time_out": "17:09:47"
  },
  {
    "zk_id": "63",
    "log_date": "2025-09-03",
    "time_in": "07:42:52",
    "time_out": "17:16:09"
  },
  {
    "zk_id": "63",
    "log_date": "2025-09-04",
    "time_in": "07:39:25",
    "time_out": "20:14:49"
  },
  {
    "zk_id": "63",
    "log_date": "2025-09-05",
    "time_in": "20:14:53",
    "time_out": "20:14:53"
  },
  {
    "zk_id": "63",
    "log_date": "2025-09-07",
    "time_in": "08:16:50",
    "time_out": "19:40:53"
  },
  {
    "zk_id": "63",
    "log_date": "2025-09-08",
    "time_in": "08:15:58",
    "time_out": "08:15:58"
  },
  {
    "zk_id": "63",
    "log_date": "2025-09-10",
    "time_in": "07:40:10",
    "time_out": "07:40:10"
  },
  {
    "zk_id": "63",
    "log_date": "2025-09-11",
    "time_in": "07:00:51",
    "time_out": "17:14:27"
  },
  {
    "zk_id": "63",
    "log_date": "2025-09-12",
    "time_in": "07:33:11",
    "time_out": "20:15:29"
  },
  {
    "zk_id": "63",
    "log_date": "2025-09-13",
    "time_in": "20:14:53",
    "time_out": "20:14:53"
  },
  {
    "zk_id": "63",
    "log_date": "2025-09-14",
    "time_in": "19:32:55",
    "time_out": "19:32:55"
  },
  {
    "zk_id": "63",
    "log_date": "2025-09-15",
    "time_in": "08:15:54",
    "time_out": "19:45:42"
  },
  {
    "zk_id": "63",
    "log_date": "2025-09-16",
    "time_in": "08:18:00",
    "time_out": "08:18:00"
  },
  {
    "zk_id": "63",
    "log_date": "2025-09-18",
    "time_in": "07:20:41",
    "time_out": "07:20:41"
  },
  {
    "zk_id": "63",
    "log_date": "2025-09-19",
    "time_in": "07:53:17",
    "time_out": "17:15:14"
  },
  {
    "zk_id": "63",
    "log_date": "2025-09-20",
    "time_in": "07:38:23",
    "time_out": "20:15:40"
  },
  {
    "zk_id": "63",
    "log_date": "2025-09-21",
    "time_in": "20:15:16",
    "time_out": "20:15:16"
  },
  {
    "zk_id": "63",
    "log_date": "2025-09-22",
    "time_in": "19:37:35",
    "time_out": "19:37:35"
  },
  {
    "zk_id": "63",
    "log_date": "2025-09-23",
    "time_in": "08:16:41",
    "time_out": "19:29:42"
  },
  {
    "zk_id": "63",
    "log_date": "2025-09-24",
    "time_in": "07:37:34",
    "time_out": "08:19:59"
  },
  {
    "zk_id": "63",
    "log_date": "2025-09-25",
    "time_in": "07:47:49",
    "time_out": "17:11:42"
  },
  {
    "zk_id": "63",
    "log_date": "2025-09-26",
    "time_in": "07:37:07",
    "time_out": "17:10:27"
  },
  {
    "zk_id": "63",
    "log_date": "2025-09-27",
    "time_in": "07:47:49",
    "time_out": "17:16:08"
  },
  {
    "zk_id": "63",
    "log_date": "2025-09-28",
    "time_in": "07:15:42",
    "time_out": "20:16:09"
  },
  {
    "zk_id": "64",
    "log_date": "2025-09-03",
    "time_in": "07:55:10",
    "time_out": "07:55:10"
  },
  {
    "zk_id": "64",
    "log_date": "2025-09-04",
    "time_in": "20:15:06",
    "time_out": "20:15:06"
  },
  {
    "zk_id": "64",
    "log_date": "2025-09-10",
    "time_in": "07:51:43",
    "time_out": "07:51:43"
  },
  {
    "zk_id": "64",
    "log_date": "2025-09-11",
    "time_in": "07:48:26",
    "time_out": "17:14:55"
  },
  {
    "zk_id": "64",
    "log_date": "2025-09-12",
    "time_in": "20:15:54",
    "time_out": "20:15:54"
  },
  {
    "zk_id": "64",
    "log_date": "2025-09-18",
    "time_in": "07:47:57",
    "time_out": "07:47:57"
  },
  {
    "zk_id": "64",
    "log_date": "2025-09-19",
    "time_in": "07:52:38",
    "time_out": "17:15:02"
  },
  {
    "zk_id": "64",
    "log_date": "2025-09-20",
    "time_in": "20:15:22",
    "time_out": "20:15:22"
  },
  {
    "zk_id": "64",
    "log_date": "2025-09-21",
    "time_in": "08:05:11",
    "time_out": "20:15:06"
  },
  {
    "zk_id": "64",
    "log_date": "2025-09-22",
    "time_in": "19:52:14",
    "time_out": "19:52:14"
  },
  {
    "zk_id": "64",
    "log_date": "2025-09-23",
    "time_in": "08:13:26",
    "time_out": "19:42:15"
  },
  {
    "zk_id": "64",
    "log_date": "2025-09-24",
    "time_in": "08:16:35",
    "time_out": "08:16:35"
  },
  {
    "zk_id": "64",
    "log_date": "2025-09-26",
    "time_in": "07:40:55",
    "time_out": "07:40:55"
  },
  {
    "zk_id": "64",
    "log_date": "2025-09-27",
    "time_in": "07:48:33",
    "time_out": "17:16:00"
  },
  {
    "zk_id": "64",
    "log_date": "2025-09-28",
    "time_in": "07:48:49",
    "time_out": "18:35:14"
  },
  {
    "zk_id": "65",
    "log_date": "2025-08-31",
    "time_in": "07:29:31",
    "time_out": "07:29:31"
  },
  {
    "zk_id": "65",
    "log_date": "2025-09-01",
    "time_in": "20:21:12",
    "time_out": "20:21:12"
  },
  {
    "zk_id": "65",
    "log_date": "2025-09-02",
    "time_in": "19:12:38",
    "time_out": "19:12:38"
  },
  {
    "zk_id": "65",
    "log_date": "2025-09-03",
    "time_in": "08:15:42",
    "time_out": "19:41:56"
  },
  {
    "zk_id": "65",
    "log_date": "2025-09-04",
    "time_in": "08:19:33",
    "time_out": "08:19:33"
  },
  {
    "zk_id": "65",
    "log_date": "2025-09-06",
    "time_in": "07:30:04",
    "time_out": "07:30:04"
  },
  {
    "zk_id": "65",
    "log_date": "2025-09-07",
    "time_in": "07:26:37",
    "time_out": "17:17:19"
  },
  {
    "zk_id": "65",
    "log_date": "2025-09-08",
    "time_in": "07:22:34",
    "time_out": "20:13:34"
  },
  {
    "zk_id": "65",
    "log_date": "2025-09-09",
    "time_in": "20:16:35",
    "time_out": "20:16:35"
  },
  {
    "zk_id": "65",
    "log_date": "2025-09-10",
    "time_in": "19:07:26",
    "time_out": "19:07:26"
  },
  {
    "zk_id": "65",
    "log_date": "2025-09-11",
    "time_in": "08:16:52",
    "time_out": "19:18:34"
  },
  {
    "zk_id": "65",
    "log_date": "2025-09-12",
    "time_in": "08:32:27",
    "time_out": "08:32:27"
  },
  {
    "zk_id": "65",
    "log_date": "2025-09-14",
    "time_in": "07:23:26",
    "time_out": "07:23:26"
  },
  {
    "zk_id": "65",
    "log_date": "2025-09-15",
    "time_in": "07:26:04",
    "time_out": "17:16:27"
  },
  {
    "zk_id": "65",
    "log_date": "2025-09-16",
    "time_in": "07:39:34",
    "time_out": "20:12:09"
  },
  {
    "zk_id": "65",
    "log_date": "2025-09-17",
    "time_in": "20:11:29",
    "time_out": "20:11:29"
  },
  {
    "zk_id": "65",
    "log_date": "2025-09-18",
    "time_in": "19:06:34",
    "time_out": "19:06:34"
  },
  {
    "zk_id": "65",
    "log_date": "2025-09-19",
    "time_in": "08:18:31",
    "time_out": "19:03:50"
  },
  {
    "zk_id": "65",
    "log_date": "2025-09-20",
    "time_in": "08:17:50",
    "time_out": "08:17:50"
  },
  {
    "zk_id": "65",
    "log_date": "2025-09-22",
    "time_in": "07:42:07",
    "time_out": "07:42:07"
  },
  {
    "zk_id": "65",
    "log_date": "2025-09-23",
    "time_in": "07:39:32",
    "time_out": "17:17:31"
  },
  {
    "zk_id": "65",
    "log_date": "2025-09-24",
    "time_in": "07:30:59",
    "time_out": "20:10:56"
  },
  {
    "zk_id": "65",
    "log_date": "2025-09-25",
    "time_in": "20:17:55",
    "time_out": "20:17:55"
  },
  {
    "zk_id": "65",
    "log_date": "2025-09-26",
    "time_in": "18:49:46",
    "time_out": "18:49:46"
  },
  {
    "zk_id": "65",
    "log_date": "2025-09-27",
    "time_in": "08:18:04",
    "time_out": "19:26:26"
  },
  {
    "zk_id": "65",
    "log_date": "2025-09-28",
    "time_in": "08:17:16",
    "time_out": "08:17:16"
  },
  {
    "zk_id": "66",
    "log_date": "2025-09-13",
    "time_in": "17:03:17",
    "time_out": "17:03:17"
  },
  {
    "zk_id": "66",
    "log_date": "2025-09-14",
    "time_in": "07:50:37",
    "time_out": "07:50:37"
  },
  {
    "zk_id": "66",
    "log_date": "2025-09-15",
    "time_in": "17:04:43",
    "time_out": "17:04:43"
  },
  {
    "zk_id": "66",
    "log_date": "2025-09-16",
    "time_in": "08:17:57",
    "time_out": "17:14:02"
  },
  {
    "zk_id": "66",
    "log_date": "2025-09-17",
    "time_in": "07:32:37",
    "time_out": "17:05:49"
  },
  {
    "zk_id": "66",
    "log_date": "2025-09-18",
    "time_in": "17:05:10",
    "time_out": "17:05:10"
  },
  {
    "zk_id": "66",
    "log_date": "2025-09-19",
    "time_in": "07:19:45",
    "time_out": "07:19:45"
  },
  {
    "zk_id": "66",
    "log_date": "2025-09-20",
    "time_in": "17:04:20",
    "time_out": "17:04:20"
  },
  {
    "zk_id": "66",
    "log_date": "2025-09-21",
    "time_in": "07:31:14",
    "time_out": "07:31:14"
  },
  {
    "zk_id": "66",
    "log_date": "2025-09-22",
    "time_in": "07:58:36",
    "time_out": "17:03:26"
  },
  {
    "zk_id": "66",
    "log_date": "2025-09-23",
    "time_in": "06:59:52",
    "time_out": "17:02:16"
  },
  {
    "zk_id": "66",
    "log_date": "2025-09-24",
    "time_in": "06:52:54",
    "time_out": "17:14:54"
  },
  {
    "zk_id": "66",
    "log_date": "2025-09-25",
    "time_in": "07:56:18",
    "time_out": "17:06:29"
  },
  {
    "zk_id": "66",
    "log_date": "2025-09-26",
    "time_in": "07:26:37",
    "time_out": "17:04:44"
  },
  {
    "zk_id": "66",
    "log_date": "2025-09-27",
    "time_in": "17:02:20",
    "time_out": "17:02:20"
  },
  {
    "zk_id": "66",
    "log_date": "2025-09-28",
    "time_in": "07:40:40",
    "time_out": "07:40:40"
  },
  {
    "zk_id": "67",
    "log_date": "2025-09-13",
    "time_in": "19:01:45",
    "time_out": "19:01:45"
  },
  {
    "zk_id": "67",
    "log_date": "2025-09-14",
    "time_in": "05:45:19",
    "time_out": "05:45:19"
  },
  {
    "zk_id": "67",
    "log_date": "2025-09-15",
    "time_in": "19:01:07",
    "time_out": "19:01:07"
  },
  {
    "zk_id": "67",
    "log_date": "2025-09-18",
    "time_in": "05:52:32",
    "time_out": "05:52:32"
  },
  {
    "zk_id": "67",
    "log_date": "2025-09-19",
    "time_in": "05:21:33",
    "time_out": "19:01:50"
  },
  {
    "zk_id": "67",
    "log_date": "2025-09-20",
    "time_in": "07:24:22",
    "time_out": "19:00:28"
  },
  {
    "zk_id": "67",
    "log_date": "2025-09-21",
    "time_in": "06:00:59",
    "time_out": "19:00:23"
  },
  {
    "zk_id": "67",
    "log_date": "2025-09-22",
    "time_in": "19:00:59",
    "time_out": "19:00:59"
  },
  {
    "zk_id": "67",
    "log_date": "2025-09-25",
    "time_in": "05:57:46",
    "time_out": "05:57:46"
  },
  {
    "zk_id": "67",
    "log_date": "2025-09-26",
    "time_in": "05:48:53",
    "time_out": "19:02:26"
  },
  {
    "zk_id": "67",
    "log_date": "2025-09-27",
    "time_in": "05:35:49",
    "time_out": "19:01:16"
  },
  {
    "zk_id": "67",
    "log_date": "2025-09-28",
    "time_in": "05:55:23",
    "time_out": "19:02:48"
  },
  {
    "zk_id": "7",
    "log_date": "2025-09-01",
    "time_in": "08:15:19",
    "time_out": "08:15:19"
  },
  {
    "zk_id": "7",
    "log_date": "2025-09-03",
    "time_in": "07:34:40",
    "time_out": "07:34:40"
  },
  {
    "zk_id": "7",
    "log_date": "2025-09-04",
    "time_in": "07:36:56",
    "time_out": "20:11:34"
  },
  {
    "zk_id": "7",
    "log_date": "2025-09-05",
    "time_in": "20:13:16",
    "time_out": "20:13:16"
  },
  {
    "zk_id": "7",
    "log_date": "2025-09-06",
    "time_in": "19:30:05",
    "time_out": "19:30:05"
  },
  {
    "zk_id": "7",
    "log_date": "2025-09-07",
    "time_in": "08:16:24",
    "time_out": "19:34:44"
  },
  {
    "zk_id": "7",
    "log_date": "2025-09-08",
    "time_in": "08:27:22",
    "time_out": "19:42:40"
  },
  {
    "zk_id": "7",
    "log_date": "2025-09-09",
    "time_in": "08:26:08",
    "time_out": "08:26:08"
  },
  {
    "zk_id": "7",
    "log_date": "2025-09-11",
    "time_in": "07:42:08",
    "time_out": "07:42:08"
  },
  {
    "zk_id": "7",
    "log_date": "2025-09-12",
    "time_in": "07:47:44",
    "time_out": "20:15:34"
  },
  {
    "zk_id": "7",
    "log_date": "2025-09-13",
    "time_in": "20:11:48",
    "time_out": "20:11:48"
  },
  {
    "zk_id": "7",
    "log_date": "2025-09-14",
    "time_in": "19:36:16",
    "time_out": "19:36:16"
  },
  {
    "zk_id": "7",
    "log_date": "2025-09-15",
    "time_in": "08:10:45",
    "time_out": "19:43:48"
  },
  {
    "zk_id": "7",
    "log_date": "2025-09-16",
    "time_in": "08:17:17",
    "time_out": "19:26:56"
  },
  {
    "zk_id": "7",
    "log_date": "2025-09-17",
    "time_in": "08:11:58",
    "time_out": "08:11:58"
  },
  {
    "zk_id": "7",
    "log_date": "2025-09-18",
    "time_in": "07:34:47",
    "time_out": "07:34:47"
  },
  {
    "zk_id": "7",
    "log_date": "2025-09-19",
    "time_in": "07:45:42",
    "time_out": "17:16:46"
  },
  {
    "zk_id": "7",
    "log_date": "2025-09-20",
    "time_in": "07:41:44",
    "time_out": "20:12:51"
  },
  {
    "zk_id": "7",
    "log_date": "2025-09-22",
    "time_in": "08:18:18",
    "time_out": "19:23:59"
  },
  {
    "zk_id": "7",
    "log_date": "2025-09-23",
    "time_in": "08:17:32",
    "time_out": "19:46:06"
  },
  {
    "zk_id": "7",
    "log_date": "2025-09-24",
    "time_in": "08:19:02",
    "time_out": "19:33:01"
  },
  {
    "zk_id": "7",
    "log_date": "2025-09-25",
    "time_in": "08:37:47",
    "time_out": "08:37:47"
  },
  {
    "zk_id": "7",
    "log_date": "2025-09-27",
    "time_in": "07:39:53",
    "time_out": "07:39:53"
  },
  {
    "zk_id": "7",
    "log_date": "2025-09-28",
    "time_in": "20:20:38",
    "time_out": "20:20:38"
  },
  {
    "zk_id": "70",
    "log_date": "2025-08-31",
    "time_in": "06:00:36",
    "time_out": "06:00:36"
  },
  {
    "zk_id": "70",
    "log_date": "2025-09-01",
    "time_in": "05:59:50",
    "time_out": "15:06:35"
  },
  {
    "zk_id": "70",
    "log_date": "2025-09-02",
    "time_in": "05:55:27",
    "time_out": "15:06:46"
  },
  {
    "zk_id": "70",
    "log_date": "2025-09-03",
    "time_in": "05:57:46",
    "time_out": "15:07:09"
  },
  {
    "zk_id": "70",
    "log_date": "2025-09-04",
    "time_in": "05:57:51",
    "time_out": "15:08:40"
  },
  {
    "zk_id": "70",
    "log_date": "2025-09-05",
    "time_in": "15:06:21",
    "time_out": "15:06:21"
  },
  {
    "zk_id": "70",
    "log_date": "2025-09-07",
    "time_in": "06:00:45",
    "time_out": "06:00:45"
  },
  {
    "zk_id": "70",
    "log_date": "2025-09-08",
    "time_in": "05:59:02",
    "time_out": "15:24:40"
  },
  {
    "zk_id": "70",
    "log_date": "2025-09-09",
    "time_in": "06:00:03",
    "time_out": "22:00:37"
  },
  {
    "zk_id": "70",
    "log_date": "2025-09-10",
    "time_in": "00:03:12",
    "time_out": "05:58:11"
  },
  {
    "zk_id": "70",
    "log_date": "2025-09-11",
    "time_in": "05:53:05",
    "time_out": "15:13:11"
  },
  {
    "zk_id": "70",
    "log_date": "2025-09-12",
    "time_in": "15:06:41",
    "time_out": "15:06:41"
  },
  {
    "zk_id": "70",
    "log_date": "2025-09-13",
    "time_in": "05:57:09",
    "time_out": "05:57:09"
  },
  {
    "zk_id": "70",
    "log_date": "2025-09-14",
    "time_in": "06:01:51",
    "time_out": "15:15:00"
  },
  {
    "zk_id": "70",
    "log_date": "2025-09-15",
    "time_in": "05:58:04",
    "time_out": "15:10:34"
  },
  {
    "zk_id": "70",
    "log_date": "2025-09-16",
    "time_in": "05:57:51",
    "time_out": "15:08:06"
  },
  {
    "zk_id": "70",
    "log_date": "2025-09-17",
    "time_in": "05:58:15",
    "time_out": "15:07:20"
  },
  {
    "zk_id": "70",
    "log_date": "2025-09-18",
    "time_in": "06:01:51",
    "time_out": "15:04:51"
  },
  {
    "zk_id": "70",
    "log_date": "2025-09-19",
    "time_in": "15:02:01",
    "time_out": "15:02:01"
  },
  {
    "zk_id": "70",
    "log_date": "2025-09-21",
    "time_in": "06:02:06",
    "time_out": "06:02:06"
  },
  {
    "zk_id": "70",
    "log_date": "2025-09-22",
    "time_in": "06:00:52",
    "time_out": "15:05:57"
  },
  {
    "zk_id": "70",
    "log_date": "2025-09-23",
    "time_in": "05:47:04",
    "time_out": "15:09:25"
  },
  {
    "zk_id": "70",
    "log_date": "2025-09-24",
    "time_in": "06:05:24",
    "time_out": "15:10:17"
  },
  {
    "zk_id": "70",
    "log_date": "2025-09-25",
    "time_in": "06:12:49",
    "time_out": "15:05:44"
  },
  {
    "zk_id": "70",
    "log_date": "2025-09-26",
    "time_in": "15:15:53",
    "time_out": "15:15:53"
  },
  {
    "zk_id": "70",
    "log_date": "2025-09-27",
    "time_in": "06:06:49",
    "time_out": "06:06:49"
  },
  {
    "zk_id": "70",
    "log_date": "2025-09-28",
    "time_in": "05:59:28",
    "time_out": "15:11:13"
  },
  {
    "zk_id": "71",
    "log_date": "2025-08-31",
    "time_in": "07:02:34",
    "time_out": "07:02:34"
  },
  {
    "zk_id": "71",
    "log_date": "2025-09-01",
    "time_in": "07:08:43",
    "time_out": "16:01:59"
  },
  {
    "zk_id": "71",
    "log_date": "2025-09-02",
    "time_in": "07:07:06",
    "time_out": "16:04:13"
  },
  {
    "zk_id": "71",
    "log_date": "2025-09-03",
    "time_in": "07:15:07",
    "time_out": "16:03:14"
  },
  {
    "zk_id": "71",
    "log_date": "2025-09-04",
    "time_in": "07:04:56",
    "time_out": "16:02:15"
  },
  {
    "zk_id": "71",
    "log_date": "2025-09-05",
    "time_in": "06:58:12",
    "time_out": "16:02:16"
  },
  {
    "zk_id": "71",
    "log_date": "2025-09-06",
    "time_in": "16:05:26",
    "time_out": "16:05:26"
  },
  {
    "zk_id": "71",
    "log_date": "2025-09-07",
    "time_in": "07:02:48",
    "time_out": "07:02:48"
  },
  {
    "zk_id": "71",
    "log_date": "2025-09-08",
    "time_in": "06:55:34",
    "time_out": "16:06:01"
  },
  {
    "zk_id": "71",
    "log_date": "2025-09-09",
    "time_in": "07:06:43",
    "time_out": "16:00:50"
  },
  {
    "zk_id": "71",
    "log_date": "2025-09-10",
    "time_in": "05:54:12",
    "time_out": "19:01:42"
  },
  {
    "zk_id": "71",
    "log_date": "2025-09-11",
    "time_in": "07:11:23",
    "time_out": "22:12:09"
  },
  {
    "zk_id": "71",
    "log_date": "2025-09-12",
    "time_in": "07:07:25",
    "time_out": "16:01:04"
  },
  {
    "zk_id": "71",
    "log_date": "2025-09-13",
    "time_in": "16:00:13",
    "time_out": "16:00:13"
  },
  {
    "zk_id": "71",
    "log_date": "2025-09-14",
    "time_in": "07:05:49",
    "time_out": "07:05:49"
  },
  {
    "zk_id": "71",
    "log_date": "2025-09-15",
    "time_in": "07:02:21",
    "time_out": "16:01:04"
  },
  {
    "zk_id": "71",
    "log_date": "2025-09-16",
    "time_in": "07:02:53",
    "time_out": "16:04:12"
  },
  {
    "zk_id": "71",
    "log_date": "2025-09-17",
    "time_in": "06:59:56",
    "time_out": "16:01:46"
  },
  {
    "zk_id": "71",
    "log_date": "2025-09-18",
    "time_in": "07:09:11",
    "time_out": "16:02:18"
  },
  {
    "zk_id": "71",
    "log_date": "2025-09-19",
    "time_in": "07:04:45",
    "time_out": "16:01:06"
  },
  {
    "zk_id": "71",
    "log_date": "2025-09-20",
    "time_in": "16:02:22",
    "time_out": "16:02:22"
  },
  {
    "zk_id": "71",
    "log_date": "2025-09-21",
    "time_in": "07:33:48",
    "time_out": "07:33:48"
  },
  {
    "zk_id": "71",
    "log_date": "2025-09-22",
    "time_in": "07:01:20",
    "time_out": "16:04:42"
  },
  {
    "zk_id": "71",
    "log_date": "2025-09-23",
    "time_in": "06:51:06",
    "time_out": "16:01:05"
  },
  {
    "zk_id": "71",
    "log_date": "2025-09-24",
    "time_in": "06:58:15",
    "time_out": "16:15:25"
  },
  {
    "zk_id": "71",
    "log_date": "2025-09-25",
    "time_in": "16:02:23",
    "time_out": "16:02:23"
  },
  {
    "zk_id": "71",
    "log_date": "2025-09-26",
    "time_in": "07:00:02",
    "time_out": "07:00:02"
  },
  {
    "zk_id": "71",
    "log_date": "2025-09-27",
    "time_in": "16:00:03",
    "time_out": "16:00:03"
  },
  {
    "zk_id": "71",
    "log_date": "2025-09-28",
    "time_in": "07:11:02",
    "time_out": "07:11:02"
  },
  {
    "zk_id": "72",
    "log_date": "2025-09-01",
    "time_in": "05:47:26",
    "time_out": "15:20:06"
  },
  {
    "zk_id": "72",
    "log_date": "2025-09-02",
    "time_in": "05:58:13",
    "time_out": "15:02:33"
  },
  {
    "zk_id": "72",
    "log_date": "2025-09-03",
    "time_in": "05:52:19",
    "time_out": "15:05:44"
  },
  {
    "zk_id": "72",
    "log_date": "2025-09-04",
    "time_in": "15:06:48",
    "time_out": "15:06:48"
  },
  {
    "zk_id": "72",
    "log_date": "2025-09-05",
    "time_in": "05:55:54",
    "time_out": "15:01:33"
  },
  {
    "zk_id": "72",
    "log_date": "2025-09-06",
    "time_in": "15:04:06",
    "time_out": "15:04:06"
  },
  {
    "zk_id": "72",
    "log_date": "2025-09-07",
    "time_in": "06:10:22",
    "time_out": "06:10:22"
  },
  {
    "zk_id": "72",
    "log_date": "2025-09-08",
    "time_in": "06:00:44",
    "time_out": "15:03:12"
  },
  {
    "zk_id": "72",
    "log_date": "2025-09-09",
    "time_in": "06:11:26",
    "time_out": "15:04:20"
  },
  {
    "zk_id": "72",
    "log_date": "2025-09-10",
    "time_in": "06:03:53",
    "time_out": "15:02:31"
  },
  {
    "zk_id": "72",
    "log_date": "2025-09-11",
    "time_in": "06:04:40",
    "time_out": "15:01:01"
  },
  {
    "zk_id": "72",
    "log_date": "2025-09-12",
    "time_in": "06:06:14",
    "time_out": "15:06:37"
  },
  {
    "zk_id": "72",
    "log_date": "2025-09-13",
    "time_in": "15:02:38",
    "time_out": "15:02:38"
  },
  {
    "zk_id": "72",
    "log_date": "2025-09-14",
    "time_in": "05:53:52",
    "time_out": "05:53:52"
  },
  {
    "zk_id": "72",
    "log_date": "2025-09-15",
    "time_in": "05:52:40",
    "time_out": "15:02:24"
  },
  {
    "zk_id": "72",
    "log_date": "2025-09-16",
    "time_in": "06:07:38",
    "time_out": "06:07:38"
  },
  {
    "zk_id": "72",
    "log_date": "2025-09-17",
    "time_in": "06:04:10",
    "time_out": "15:03:21"
  },
  {
    "zk_id": "72",
    "log_date": "2025-09-18",
    "time_in": "05:54:48",
    "time_out": "15:03:36"
  },
  {
    "zk_id": "72",
    "log_date": "2025-09-19",
    "time_in": "06:04:39",
    "time_out": "15:04:49"
  },
  {
    "zk_id": "72",
    "log_date": "2025-09-20",
    "time_in": "15:00:53",
    "time_out": "15:00:53"
  },
  {
    "zk_id": "72",
    "log_date": "2025-09-21",
    "time_in": "06:05:48",
    "time_out": "06:05:48"
  },
  {
    "zk_id": "72",
    "log_date": "2025-09-22",
    "time_in": "05:58:33",
    "time_out": "15:03:51"
  },
  {
    "zk_id": "72",
    "log_date": "2025-09-23",
    "time_in": "15:01:46",
    "time_out": "15:01:46"
  },
  {
    "zk_id": "72",
    "log_date": "2025-09-24",
    "time_in": "05:48:14",
    "time_out": "15:01:15"
  },
  {
    "zk_id": "72",
    "log_date": "2025-09-25",
    "time_in": "05:44:52",
    "time_out": "15:03:10"
  },
  {
    "zk_id": "72",
    "log_date": "2025-09-26",
    "time_in": "05:51:48",
    "time_out": "15:03:25"
  },
  {
    "zk_id": "72",
    "log_date": "2025-09-27",
    "time_in": "15:02:45",
    "time_out": "15:02:45"
  },
  {
    "zk_id": "72",
    "log_date": "2025-09-28",
    "time_in": "05:58:30",
    "time_out": "05:58:30"
  },
  {
    "zk_id": "73",
    "log_date": "2025-08-31",
    "time_in": "05:49:21",
    "time_out": "05:49:21"
  },
  {
    "zk_id": "73",
    "log_date": "2025-09-01",
    "time_in": "05:58:45",
    "time_out": "15:02:57"
  },
  {
    "zk_id": "73",
    "log_date": "2025-09-02",
    "time_in": "05:54:21",
    "time_out": "15:02:29"
  },
  {
    "zk_id": "73",
    "log_date": "2025-09-03",
    "time_in": "05:48:28",
    "time_out": "15:06:23"
  },
  {
    "zk_id": "73",
    "log_date": "2025-09-04",
    "time_in": "06:59:46",
    "time_out": "15:02:53"
  },
  {
    "zk_id": "73",
    "log_date": "2025-09-05",
    "time_in": "06:56:49",
    "time_out": "16:06:02"
  },
  {
    "zk_id": "73",
    "log_date": "2025-09-06",
    "time_in": "06:56:21",
    "time_out": "16:02:01"
  },
  {
    "zk_id": "73",
    "log_date": "2025-09-07",
    "time_in": "05:52:13",
    "time_out": "16:15:42"
  },
  {
    "zk_id": "73",
    "log_date": "2025-09-08",
    "time_in": "05:50:00",
    "time_out": "15:06:12"
  },
  {
    "zk_id": "73",
    "log_date": "2025-09-09",
    "time_in": "05:51:11",
    "time_out": "16:09:39"
  },
  {
    "zk_id": "73",
    "log_date": "2025-09-10",
    "time_in": "00:00:22",
    "time_out": "06:38:26"
  },
  {
    "zk_id": "73",
    "log_date": "2025-09-11",
    "time_in": "06:29:55",
    "time_out": "06:29:55"
  },
  {
    "zk_id": "73",
    "log_date": "2025-09-12",
    "time_in": "07:31:04",
    "time_out": "16:02:47"
  },
  {
    "zk_id": "73",
    "log_date": "2025-09-13",
    "time_in": "06:37:27",
    "time_out": "22:03:26"
  },
  {
    "zk_id": "73",
    "log_date": "2025-09-14",
    "time_in": "05:39:07",
    "time_out": "16:03:31"
  },
  {
    "zk_id": "73",
    "log_date": "2025-09-15",
    "time_in": "05:51:27",
    "time_out": "22:04:19"
  },
  {
    "zk_id": "73",
    "log_date": "2025-09-16",
    "time_in": "06:01:28",
    "time_out": "15:38:04"
  },
  {
    "zk_id": "73",
    "log_date": "2025-09-17",
    "time_in": "05:49:24",
    "time_out": "22:02:32"
  },
  {
    "zk_id": "73",
    "log_date": "2025-09-18",
    "time_in": "06:35:22",
    "time_out": "17:07:59"
  },
  {
    "zk_id": "73",
    "log_date": "2025-09-19",
    "time_in": "06:34:01",
    "time_out": "22:00:58"
  },
  {
    "zk_id": "73",
    "log_date": "2025-09-20",
    "time_in": "06:29:27",
    "time_out": "22:00:28"
  },
  {
    "zk_id": "73",
    "log_date": "2025-09-21",
    "time_in": "22:00:25",
    "time_out": "22:00:25"
  },
  {
    "zk_id": "73",
    "log_date": "2025-09-22",
    "time_in": "06:00:09",
    "time_out": "06:00:09"
  },
  {
    "zk_id": "73",
    "log_date": "2025-09-23",
    "time_in": "06:25:12",
    "time_out": "22:02:50"
  },
  {
    "zk_id": "73",
    "log_date": "2025-09-24",
    "time_in": "06:06:56",
    "time_out": "22:00:15"
  },
  {
    "zk_id": "73",
    "log_date": "2025-09-25",
    "time_in": "05:46:30",
    "time_out": "22:00:51"
  },
  {
    "zk_id": "73",
    "log_date": "2025-09-26",
    "time_in": "05:02:32",
    "time_out": "05:02:32"
  },
  {
    "zk_id": "73",
    "log_date": "2025-09-28",
    "time_in": "05:49:17",
    "time_out": "05:49:17"
  },
  {
    "zk_id": "74",
    "log_date": "2025-08-31",
    "time_in": "06:07:14",
    "time_out": "06:07:14"
  },
  {
    "zk_id": "74",
    "log_date": "2025-09-01",
    "time_in": "19:06:10",
    "time_out": "19:06:10"
  },
  {
    "zk_id": "74",
    "log_date": "2025-09-02",
    "time_in": "05:52:44",
    "time_out": "05:52:44"
  },
  {
    "zk_id": "74",
    "log_date": "2025-09-03",
    "time_in": "05:55:51",
    "time_out": "19:04:42"
  },
  {
    "zk_id": "74",
    "log_date": "2025-09-04",
    "time_in": "19:02:51",
    "time_out": "19:02:51"
  },
  {
    "zk_id": "74",
    "log_date": "2025-09-07",
    "time_in": "05:56:28",
    "time_out": "19:15:45"
  },
  {
    "zk_id": "74",
    "log_date": "2025-09-08",
    "time_in": "19:02:27",
    "time_out": "19:02:27"
  },
  {
    "zk_id": "74",
    "log_date": "2025-09-09",
    "time_in": "06:03:03",
    "time_out": "06:03:03"
  },
  {
    "zk_id": "74",
    "log_date": "2025-09-10",
    "time_in": "06:01:52",
    "time_out": "19:03:53"
  },
  {
    "zk_id": "74",
    "log_date": "2025-09-11",
    "time_in": "22:07:47",
    "time_out": "22:07:47"
  },
  {
    "zk_id": "74",
    "log_date": "2025-09-13",
    "time_in": "06:07:27",
    "time_out": "06:07:27"
  },
  {
    "zk_id": "74",
    "log_date": "2025-09-14",
    "time_in": "05:56:19",
    "time_out": "19:10:04"
  },
  {
    "zk_id": "74",
    "log_date": "2025-09-15",
    "time_in": "06:02:15",
    "time_out": "19:04:19"
  },
  {
    "zk_id": "74",
    "log_date": "2025-09-16",
    "time_in": "06:06:57",
    "time_out": "19:07:21"
  },
  {
    "zk_id": "74",
    "log_date": "2025-09-17",
    "time_in": "06:00:47",
    "time_out": "19:05:32"
  },
  {
    "zk_id": "74",
    "log_date": "2025-09-18",
    "time_in": "19:02:11",
    "time_out": "19:02:11"
  },
  {
    "zk_id": "74",
    "log_date": "2025-09-21",
    "time_in": "06:02:22",
    "time_out": "06:02:22"
  },
  {
    "zk_id": "74",
    "log_date": "2025-09-22",
    "time_in": "05:55:50",
    "time_out": "19:01:46"
  },
  {
    "zk_id": "74",
    "log_date": "2025-09-23",
    "time_in": "06:02:13",
    "time_out": "19:02:14"
  },
  {
    "zk_id": "74",
    "log_date": "2025-09-24",
    "time_in": "06:01:58",
    "time_out": "19:07:36"
  },
  {
    "zk_id": "74",
    "log_date": "2025-09-25",
    "time_in": "19:09:27",
    "time_out": "19:09:27"
  },
  {
    "zk_id": "74",
    "log_date": "2025-09-28",
    "time_in": "06:13:43",
    "time_out": "06:13:43"
  },
  {
    "zk_id": "75",
    "log_date": "2025-08-31",
    "time_in": "05:46:06",
    "time_out": "05:46:06"
  },
  {
    "zk_id": "75",
    "log_date": "2025-09-01",
    "time_in": "05:47:56",
    "time_out": "19:04:03"
  },
  {
    "zk_id": "75",
    "log_date": "2025-09-02",
    "time_in": "05:42:35",
    "time_out": "19:03:23"
  },
  {
    "zk_id": "75",
    "log_date": "2025-09-03",
    "time_in": "05:40:59",
    "time_out": "19:03:45"
  },
  {
    "zk_id": "75",
    "log_date": "2025-09-04",
    "time_in": "19:04:16",
    "time_out": "19:04:16"
  },
  {
    "zk_id": "75",
    "log_date": "2025-09-07",
    "time_in": "05:43:59",
    "time_out": "05:43:59"
  },
  {
    "zk_id": "75",
    "log_date": "2025-09-08",
    "time_in": "05:48:00",
    "time_out": "19:06:09"
  },
  {
    "zk_id": "75",
    "log_date": "2025-09-09",
    "time_in": "05:46:04",
    "time_out": "19:03:21"
  },
  {
    "zk_id": "75",
    "log_date": "2025-09-10",
    "time_in": "05:46:13",
    "time_out": "19:03:45"
  },
  {
    "zk_id": "75",
    "log_date": "2025-09-11",
    "time_in": "23:01:54",
    "time_out": "23:01:54"
  },
  {
    "zk_id": "75",
    "log_date": "2025-09-14",
    "time_in": "05:46:49",
    "time_out": "05:46:49"
  },
  {
    "zk_id": "75",
    "log_date": "2025-09-15",
    "time_in": "05:44:55",
    "time_out": "19:04:04"
  },
  {
    "zk_id": "75",
    "log_date": "2025-09-16",
    "time_in": "05:51:10",
    "time_out": "19:05:04"
  },
  {
    "zk_id": "75",
    "log_date": "2025-09-17",
    "time_in": "05:46:17",
    "time_out": "19:03:57"
  },
  {
    "zk_id": "75",
    "log_date": "2025-09-18",
    "time_in": "19:04:10",
    "time_out": "19:04:10"
  },
  {
    "zk_id": "75",
    "log_date": "2025-09-21",
    "time_in": "05:50:23",
    "time_out": "05:50:23"
  },
  {
    "zk_id": "75",
    "log_date": "2025-09-22",
    "time_in": "05:48:15",
    "time_out": "19:04:38"
  },
  {
    "zk_id": "75",
    "log_date": "2025-09-23",
    "time_in": "05:48:51",
    "time_out": "19:05:12"
  },
  {
    "zk_id": "75",
    "log_date": "2025-09-24",
    "time_in": "05:42:32",
    "time_out": "19:05:15"
  },
  {
    "zk_id": "75",
    "log_date": "2025-09-25",
    "time_in": "19:04:35",
    "time_out": "19:04:35"
  },
  {
    "zk_id": "76",
    "log_date": "2025-08-31",
    "time_in": "06:10:13",
    "time_out": "06:10:13"
  },
  {
    "zk_id": "76",
    "log_date": "2025-09-01",
    "time_in": "06:07:25",
    "time_out": "15:02:05"
  },
  {
    "zk_id": "76",
    "log_date": "2025-09-02",
    "time_in": "06:00:24",
    "time_out": "15:11:13"
  },
  {
    "zk_id": "76",
    "log_date": "2025-09-03",
    "time_in": "06:16:00",
    "time_out": "15:10:08"
  },
  {
    "zk_id": "76",
    "log_date": "2025-09-04",
    "time_in": "06:12:28",
    "time_out": "15:08:47"
  },
  {
    "zk_id": "76",
    "log_date": "2025-09-05",
    "time_in": "15:05:21",
    "time_out": "15:05:21"
  },
  {
    "zk_id": "76",
    "log_date": "2025-09-06",
    "time_in": "05:53:47",
    "time_out": "05:53:47"
  },
  {
    "zk_id": "76",
    "log_date": "2025-09-07",
    "time_in": "06:10:38",
    "time_out": "15:00:51"
  },
  {
    "zk_id": "76",
    "log_date": "2025-09-08",
    "time_in": "05:41:47",
    "time_out": "15:06:46"
  },
  {
    "zk_id": "76",
    "log_date": "2025-09-09",
    "time_in": "05:50:04",
    "time_out": "16:23:26"
  },
  {
    "zk_id": "76",
    "log_date": "2025-09-10",
    "time_in": "00:03:24",
    "time_out": "06:12:07"
  },
  {
    "zk_id": "76",
    "log_date": "2025-09-11",
    "time_in": "05:49:31",
    "time_out": "15:01:13"
  },
  {
    "zk_id": "76",
    "log_date": "2025-09-12",
    "time_in": "15:03:55",
    "time_out": "15:03:55"
  },
  {
    "zk_id": "76",
    "log_date": "2025-09-13",
    "time_in": "05:50:47",
    "time_out": "05:50:47"
  },
  {
    "zk_id": "76",
    "log_date": "2025-09-14",
    "time_in": "06:06:47",
    "time_out": "15:07:47"
  },
  {
    "zk_id": "76",
    "log_date": "2025-09-15",
    "time_in": "05:56:12",
    "time_out": "15:10:04"
  },
  {
    "zk_id": "76",
    "log_date": "2025-09-16",
    "time_in": "06:04:01",
    "time_out": "15:09:20"
  },
  {
    "zk_id": "76",
    "log_date": "2025-09-17",
    "time_in": "06:00:00",
    "time_out": "15:08:59"
  },
  {
    "zk_id": "76",
    "log_date": "2025-09-18",
    "time_in": "05:49:51",
    "time_out": "15:10:17"
  },
  {
    "zk_id": "76",
    "log_date": "2025-09-19",
    "time_in": "05:59:06",
    "time_out": "15:15:19"
  },
  {
    "zk_id": "76",
    "log_date": "2025-09-20",
    "time_in": "15:08:20",
    "time_out": "15:08:20"
  },
  {
    "zk_id": "76",
    "log_date": "2025-09-21",
    "time_in": "06:18:30",
    "time_out": "06:18:30"
  },
  {
    "zk_id": "76",
    "log_date": "2025-09-22",
    "time_in": "05:45:07",
    "time_out": "15:06:19"
  },
  {
    "zk_id": "76",
    "log_date": "2025-09-23",
    "time_in": "05:50:14",
    "time_out": "15:07:52"
  },
  {
    "zk_id": "76",
    "log_date": "2025-09-24",
    "time_in": "05:50:27",
    "time_out": "15:08:30"
  },
  {
    "zk_id": "76",
    "log_date": "2025-09-25",
    "time_in": "15:08:38",
    "time_out": "15:08:38"
  },
  {
    "zk_id": "76",
    "log_date": "2025-09-26",
    "time_in": "04:23:48",
    "time_out": "04:23:48"
  },
  {
    "zk_id": "76",
    "log_date": "2025-09-27",
    "time_in": "06:11:11",
    "time_out": "06:11:11"
  },
  {
    "zk_id": "76",
    "log_date": "2025-09-28",
    "time_in": "06:03:15",
    "time_out": "15:03:46"
  },
  {
    "zk_id": "77",
    "log_date": "2025-08-31",
    "time_in": "05:55:43",
    "time_out": "05:55:43"
  },
  {
    "zk_id": "77",
    "log_date": "2025-09-01",
    "time_in": "06:16:12",
    "time_out": "15:01:55"
  },
  {
    "zk_id": "77",
    "log_date": "2025-09-02",
    "time_in": "06:08:47",
    "time_out": "15:03:31"
  },
  {
    "zk_id": "77",
    "log_date": "2025-09-03",
    "time_in": "06:10:48",
    "time_out": "15:10:17"
  },
  {
    "zk_id": "77",
    "log_date": "2025-09-04",
    "time_in": "06:04:55",
    "time_out": "15:06:44"
  },
  {
    "zk_id": "77",
    "log_date": "2025-09-05",
    "time_in": "06:05:53",
    "time_out": "06:05:53"
  },
  {
    "zk_id": "77",
    "log_date": "2025-09-06",
    "time_in": "15:04:37",
    "time_out": "15:04:37"
  },
  {
    "zk_id": "77",
    "log_date": "2025-09-07",
    "time_in": "06:06:21",
    "time_out": "06:06:21"
  },
  {
    "zk_id": "77",
    "log_date": "2025-09-08",
    "time_in": "06:08:08",
    "time_out": "15:07:25"
  },
  {
    "zk_id": "77",
    "log_date": "2025-09-09",
    "time_in": "06:09:13",
    "time_out": "22:00:39"
  },
  {
    "zk_id": "77",
    "log_date": "2025-09-10",
    "time_in": "00:00:16",
    "time_out": "00:00:16"
  },
  {
    "zk_id": "77",
    "log_date": "2025-09-11",
    "time_in": "06:07:06",
    "time_out": "06:07:06"
  },
  {
    "zk_id": "77",
    "log_date": "2025-09-12",
    "time_in": "15:03:59",
    "time_out": "15:03:59"
  },
  {
    "zk_id": "77",
    "log_date": "2025-09-13",
    "time_in": "15:06:08",
    "time_out": "15:06:08"
  },
  {
    "zk_id": "77",
    "log_date": "2025-09-14",
    "time_in": "06:06:11",
    "time_out": "06:06:11"
  },
  {
    "zk_id": "77",
    "log_date": "2025-09-15",
    "time_in": "15:06:02",
    "time_out": "15:06:02"
  },
  {
    "zk_id": "77",
    "log_date": "2025-09-16",
    "time_in": "06:15:44",
    "time_out": "18:01:48"
  },
  {
    "zk_id": "77",
    "log_date": "2025-09-17",
    "time_in": "06:17:50",
    "time_out": "18:01:07"
  },
  {
    "zk_id": "77",
    "log_date": "2025-09-18",
    "time_in": "06:11:27",
    "time_out": "18:00:12"
  },
  {
    "zk_id": "77",
    "log_date": "2025-09-19",
    "time_in": "22:01:01",
    "time_out": "22:01:01"
  },
  {
    "zk_id": "77",
    "log_date": "2025-09-20",
    "time_in": "06:06:30",
    "time_out": "22:00:34"
  },
  {
    "zk_id": "77",
    "log_date": "2025-09-21",
    "time_in": "22:00:13",
    "time_out": "22:00:13"
  },
  {
    "zk_id": "77",
    "log_date": "2025-09-22",
    "time_in": "19:00:49",
    "time_out": "19:00:49"
  },
  {
    "zk_id": "77",
    "log_date": "2025-09-23",
    "time_in": "06:12:26",
    "time_out": "22:01:45"
  },
  {
    "zk_id": "77",
    "log_date": "2025-09-24",
    "time_in": "22:00:10",
    "time_out": "22:00:10"
  },
  {
    "zk_id": "77",
    "log_date": "2025-09-25",
    "time_in": "06:11:00",
    "time_out": "22:00:36"
  },
  {
    "zk_id": "77",
    "log_date": "2025-09-26",
    "time_in": "05:02:40",
    "time_out": "05:02:40"
  },
  {
    "zk_id": "77",
    "log_date": "2025-09-27",
    "time_in": "05:53:43",
    "time_out": "15:03:02"
  },
  {
    "zk_id": "77",
    "log_date": "2025-09-28",
    "time_in": "06:05:01",
    "time_out": "06:05:01"
  },
  {
    "zk_id": "78",
    "log_date": "2025-08-31",
    "time_in": "05:43:11",
    "time_out": "05:43:11"
  },
  {
    "zk_id": "78",
    "log_date": "2025-09-01",
    "time_in": "05:57:25",
    "time_out": "19:02:34"
  },
  {
    "zk_id": "78",
    "log_date": "2025-09-02",
    "time_in": "05:56:12",
    "time_out": "15:07:13"
  },
  {
    "zk_id": "78",
    "log_date": "2025-09-03",
    "time_in": "05:56:03",
    "time_out": "15:06:52"
  },
  {
    "zk_id": "78",
    "log_date": "2025-09-04",
    "time_in": "05:58:34",
    "time_out": "15:08:28"
  },
  {
    "zk_id": "78",
    "log_date": "2025-09-05",
    "time_in": "05:37:14",
    "time_out": "15:06:29"
  },
  {
    "zk_id": "78",
    "log_date": "2025-09-06",
    "time_in": "15:22:38",
    "time_out": "15:22:38"
  },
  {
    "zk_id": "78",
    "log_date": "2025-09-07",
    "time_in": "05:44:10",
    "time_out": "05:44:10"
  },
  {
    "zk_id": "78",
    "log_date": "2025-09-08",
    "time_in": "05:52:31",
    "time_out": "18:08:17"
  },
  {
    "zk_id": "78",
    "log_date": "2025-09-09",
    "time_in": "05:41:57",
    "time_out": "22:02:54"
  },
  {
    "zk_id": "78",
    "log_date": "2025-09-10",
    "time_in": "00:03:01",
    "time_out": "06:00:09"
  },
  {
    "zk_id": "78",
    "log_date": "2025-09-11",
    "time_in": "05:58:33",
    "time_out": "05:58:33"
  },
  {
    "zk_id": "78",
    "log_date": "2025-09-12",
    "time_in": "05:51:31",
    "time_out": "15:06:47"
  },
  {
    "zk_id": "78",
    "log_date": "2025-09-13",
    "time_in": "15:20:52",
    "time_out": "15:20:52"
  },
  {
    "zk_id": "78",
    "log_date": "2025-09-14",
    "time_in": "05:35:19",
    "time_out": "05:35:19"
  },
  {
    "zk_id": "78",
    "log_date": "2025-09-15",
    "time_in": "05:45:39",
    "time_out": "19:04:02"
  },
  {
    "zk_id": "78",
    "log_date": "2025-09-16",
    "time_in": "05:57:38",
    "time_out": "18:03:08"
  },
  {
    "zk_id": "78",
    "log_date": "2025-09-17",
    "time_in": "05:53:09",
    "time_out": "18:03:34"
  },
  {
    "zk_id": "78",
    "log_date": "2025-09-18",
    "time_in": "05:52:18",
    "time_out": "18:03:03"
  },
  {
    "zk_id": "78",
    "log_date": "2025-09-19",
    "time_in": "05:41:42",
    "time_out": "15:02:18"
  },
  {
    "zk_id": "78",
    "log_date": "2025-09-20",
    "time_in": "15:06:44",
    "time_out": "15:06:44"
  },
  {
    "zk_id": "78",
    "log_date": "2025-09-21",
    "time_in": "05:41:28",
    "time_out": "05:41:28"
  },
  {
    "zk_id": "78",
    "log_date": "2025-09-22",
    "time_in": "05:54:06",
    "time_out": "18:07:06"
  },
  {
    "zk_id": "78",
    "log_date": "2025-09-23",
    "time_in": "06:00:13",
    "time_out": "18:04:18"
  },
  {
    "zk_id": "78",
    "log_date": "2025-09-24",
    "time_in": "05:49:32",
    "time_out": "18:03:08"
  },
  {
    "zk_id": "78",
    "log_date": "2025-09-25",
    "time_in": "05:34:43",
    "time_out": "16:03:38"
  },
  {
    "zk_id": "78",
    "log_date": "2025-09-26",
    "time_in": "17:03:25",
    "time_out": "17:03:25"
  },
  {
    "zk_id": "78",
    "log_date": "2025-09-27",
    "time_in": "05:53:05",
    "time_out": "05:53:05"
  },
  {
    "zk_id": "78",
    "log_date": "2025-09-28",
    "time_in": "05:55:37",
    "time_out": "15:07:49"
  },
  {
    "zk_id": "79",
    "log_date": "2025-08-31",
    "time_in": "05:47:57",
    "time_out": "05:47:57"
  },
  {
    "zk_id": "79",
    "log_date": "2025-09-01",
    "time_in": "05:50:42",
    "time_out": "19:01:03"
  },
  {
    "zk_id": "79",
    "log_date": "2025-09-02",
    "time_in": "05:51:02",
    "time_out": "15:06:44"
  },
  {
    "zk_id": "79",
    "log_date": "2025-09-03",
    "time_in": "05:48:02",
    "time_out": "15:07:22"
  },
  {
    "zk_id": "79",
    "log_date": "2025-09-04",
    "time_in": "05:40:17",
    "time_out": "15:08:13"
  },
  {
    "zk_id": "79",
    "log_date": "2025-09-05",
    "time_in": "15:06:09",
    "time_out": "15:06:09"
  },
  {
    "zk_id": "79",
    "log_date": "2025-09-06",
    "time_in": "05:55:46",
    "time_out": "05:55:46"
  },
  {
    "zk_id": "79",
    "log_date": "2025-09-07",
    "time_in": "05:48:27",
    "time_out": "15:02:09"
  },
  {
    "zk_id": "79",
    "log_date": "2025-09-08",
    "time_in": "05:40:41",
    "time_out": "18:07:57"
  },
  {
    "zk_id": "79",
    "log_date": "2025-09-09",
    "time_in": "05:50:32",
    "time_out": "22:01:42"
  },
  {
    "zk_id": "79",
    "log_date": "2025-09-10",
    "time_in": "00:03:07",
    "time_out": "05:45:27"
  },
  {
    "zk_id": "79",
    "log_date": "2025-09-11",
    "time_in": "05:53:57",
    "time_out": "05:53:57"
  },
  {
    "zk_id": "79",
    "log_date": "2025-09-12",
    "time_in": "15:06:22",
    "time_out": "15:06:22"
  },
  {
    "zk_id": "79",
    "log_date": "2025-09-13",
    "time_in": "05:42:32",
    "time_out": "05:42:32"
  },
  {
    "zk_id": "79",
    "log_date": "2025-09-14",
    "time_in": "05:46:47",
    "time_out": "15:09:14"
  },
  {
    "zk_id": "79",
    "log_date": "2025-09-15",
    "time_in": "05:58:02",
    "time_out": "19:03:39"
  },
  {
    "zk_id": "79",
    "log_date": "2025-09-16",
    "time_in": "05:57:25",
    "time_out": "18:01:44"
  },
  {
    "zk_id": "79",
    "log_date": "2025-09-17",
    "time_in": "05:53:00",
    "time_out": "18:02:44"
  },
  {
    "zk_id": "79",
    "log_date": "2025-09-18",
    "time_in": "05:40:13",
    "time_out": "18:03:10"
  },
  {
    "zk_id": "79",
    "log_date": "2025-09-19",
    "time_in": "05:55:53",
    "time_out": "15:03:15"
  },
  {
    "zk_id": "79",
    "log_date": "2025-09-20",
    "time_in": "15:06:46",
    "time_out": "15:06:46"
  },
  {
    "zk_id": "79",
    "log_date": "2025-09-21",
    "time_in": "05:44:44",
    "time_out": "05:44:44"
  },
  {
    "zk_id": "79",
    "log_date": "2025-09-22",
    "time_in": "05:34:53",
    "time_out": "18:06:33"
  },
  {
    "zk_id": "79",
    "log_date": "2025-09-23",
    "time_in": "05:44:36",
    "time_out": "18:03:46"
  },
  {
    "zk_id": "79",
    "log_date": "2025-09-24",
    "time_in": "05:30:51",
    "time_out": "18:01:23"
  },
  {
    "zk_id": "79",
    "log_date": "2025-09-25",
    "time_in": "05:44:37",
    "time_out": "16:03:27"
  },
  {
    "zk_id": "79",
    "log_date": "2025-09-26",
    "time_in": "17:02:38",
    "time_out": "17:02:38"
  },
  {
    "zk_id": "79",
    "log_date": "2025-09-27",
    "time_in": "05:31:51",
    "time_out": "05:31:51"
  },
  {
    "zk_id": "79",
    "log_date": "2025-09-28",
    "time_in": "05:56:01",
    "time_out": "15:07:26"
  },
  {
    "zk_id": "8",
    "log_date": "2025-09-02",
    "time_in": "07:51:27",
    "time_out": "07:51:27"
  },
  {
    "zk_id": "8",
    "log_date": "2025-09-03",
    "time_in": "07:48:05",
    "time_out": "17:15:18"
  },
  {
    "zk_id": "8",
    "log_date": "2025-09-04",
    "time_in": "07:40:13",
    "time_out": "20:11:10"
  },
  {
    "zk_id": "8",
    "log_date": "2025-09-05",
    "time_in": "11:28:16",
    "time_out": "11:28:16"
  },
  {
    "zk_id": "8",
    "log_date": "2025-09-06",
    "time_in": "19:42:05",
    "time_out": "19:42:05"
  },
  {
    "zk_id": "8",
    "log_date": "2025-09-07",
    "time_in": "08:10:07",
    "time_out": "19:54:08"
  },
  {
    "zk_id": "8",
    "log_date": "2025-09-08",
    "time_in": "08:15:31",
    "time_out": "08:15:31"
  },
  {
    "zk_id": "8",
    "log_date": "2025-09-10",
    "time_in": "07:48:22",
    "time_out": "07:48:22"
  },
  {
    "zk_id": "8",
    "log_date": "2025-09-11",
    "time_in": "17:14:02",
    "time_out": "17:14:02"
  },
  {
    "zk_id": "8",
    "log_date": "2025-09-12",
    "time_in": "07:33:57",
    "time_out": "18:52:50"
  },
  {
    "zk_id": "8",
    "log_date": "2025-09-13",
    "time_in": "20:14:43",
    "time_out": "20:14:43"
  },
  {
    "zk_id": "8",
    "log_date": "2025-09-14",
    "time_in": "19:24:39",
    "time_out": "19:24:39"
  },
  {
    "zk_id": "8",
    "log_date": "2025-09-15",
    "time_in": "08:15:46",
    "time_out": "19:38:40"
  },
  {
    "zk_id": "8",
    "log_date": "2025-09-16",
    "time_in": "08:17:15",
    "time_out": "08:17:15"
  },
  {
    "zk_id": "8",
    "log_date": "2025-09-18",
    "time_in": "07:42:34",
    "time_out": "07:42:34"
  },
  {
    "zk_id": "8",
    "log_date": "2025-09-19",
    "time_in": "07:51:32",
    "time_out": "17:15:44"
  },
  {
    "zk_id": "8",
    "log_date": "2025-09-20",
    "time_in": "07:45:55",
    "time_out": "20:14:58"
  },
  {
    "zk_id": "8",
    "log_date": "2025-09-21",
    "time_in": "20:13:18",
    "time_out": "20:13:18"
  },
  {
    "zk_id": "8",
    "log_date": "2025-09-22",
    "time_in": "19:33:18",
    "time_out": "19:33:18"
  },
  {
    "zk_id": "8",
    "log_date": "2025-09-23",
    "time_in": "08:10:31",
    "time_out": "19:40:17"
  },
  {
    "zk_id": "8",
    "log_date": "2025-09-24",
    "time_in": "08:09:45",
    "time_out": "08:09:45"
  },
  {
    "zk_id": "8",
    "log_date": "2025-09-26",
    "time_in": "07:57:05",
    "time_out": "07:57:05"
  },
  {
    "zk_id": "8",
    "log_date": "2025-09-27",
    "time_in": "07:49:11",
    "time_out": "17:15:19"
  },
  {
    "zk_id": "8",
    "log_date": "2025-09-28",
    "time_in": "07:35:08",
    "time_out": "20:15:38"
  },
  {
    "zk_id": "80",
    "log_date": "2025-08-31",
    "time_in": "05:53:47",
    "time_out": "05:53:47"
  },
  {
    "zk_id": "80",
    "log_date": "2025-09-01",
    "time_in": "05:51:14",
    "time_out": "19:01:33"
  },
  {
    "zk_id": "80",
    "log_date": "2025-09-02",
    "time_in": "05:45:45",
    "time_out": "15:17:17"
  },
  {
    "zk_id": "80",
    "log_date": "2025-09-03",
    "time_in": "05:54:47",
    "time_out": "15:07:03"
  },
  {
    "zk_id": "80",
    "log_date": "2025-09-04",
    "time_in": "05:58:23",
    "time_out": "15:08:22"
  },
  {
    "zk_id": "80",
    "log_date": "2025-09-05",
    "time_in": "05:50:13",
    "time_out": "15:06:16"
  },
  {
    "zk_id": "80",
    "log_date": "2025-09-06",
    "time_in": "15:22:34",
    "time_out": "15:22:34"
  },
  {
    "zk_id": "80",
    "log_date": "2025-09-07",
    "time_in": "05:48:11",
    "time_out": "05:48:11"
  },
  {
    "zk_id": "80",
    "log_date": "2025-09-08",
    "time_in": "06:01:51",
    "time_out": "16:03:39"
  },
  {
    "zk_id": "80",
    "log_date": "2025-09-09",
    "time_in": "05:48:37",
    "time_out": "16:05:46"
  },
  {
    "zk_id": "80",
    "log_date": "2025-09-10",
    "time_in": "00:01:19",
    "time_out": "07:18:12"
  },
  {
    "zk_id": "80",
    "log_date": "2025-09-11",
    "time_in": "06:05:13",
    "time_out": "15:04:59"
  },
  {
    "zk_id": "80",
    "log_date": "2025-09-12",
    "time_in": "06:02:43",
    "time_out": "18:00:36"
  },
  {
    "zk_id": "80",
    "log_date": "2025-09-13",
    "time_in": "05:35:35",
    "time_out": "18:00:30"
  },
  {
    "zk_id": "80",
    "log_date": "2025-09-14",
    "time_in": "05:56:56",
    "time_out": "18:00:55"
  },
  {
    "zk_id": "80",
    "log_date": "2025-09-15",
    "time_in": "06:01:36",
    "time_out": "19:02:46"
  },
  {
    "zk_id": "80",
    "log_date": "2025-09-16",
    "time_in": "05:51:47",
    "time_out": "18:03:04"
  },
  {
    "zk_id": "80",
    "log_date": "2025-09-17",
    "time_in": "06:36:54",
    "time_out": "18:02:20"
  },
  {
    "zk_id": "80",
    "log_date": "2025-09-18",
    "time_in": "05:48:45",
    "time_out": "18:00:05"
  },
  {
    "zk_id": "80",
    "log_date": "2025-09-19",
    "time_in": "05:35:53",
    "time_out": "18:05:28"
  },
  {
    "zk_id": "80",
    "log_date": "2025-09-20",
    "time_in": "05:50:37",
    "time_out": "15:03:02"
  },
  {
    "zk_id": "80",
    "log_date": "2025-09-21",
    "time_in": "05:57:49",
    "time_out": "17:13:10"
  },
  {
    "zk_id": "80",
    "log_date": "2025-09-22",
    "time_in": "06:49:38",
    "time_out": "18:09:58"
  },
  {
    "zk_id": "80",
    "log_date": "2025-09-23",
    "time_in": "05:47:52",
    "time_out": "18:03:40"
  },
  {
    "zk_id": "80",
    "log_date": "2025-09-24",
    "time_in": "05:52:58",
    "time_out": "18:01:14"
  },
  {
    "zk_id": "80",
    "log_date": "2025-09-25",
    "time_in": "05:58:40",
    "time_out": "18:06:35"
  },
  {
    "zk_id": "80",
    "log_date": "2025-09-26",
    "time_in": "06:35:08",
    "time_out": "18:05:38"
  },
  {
    "zk_id": "80",
    "log_date": "2025-09-27",
    "time_in": "06:03:47",
    "time_out": "17:05:28"
  },
  {
    "zk_id": "80",
    "log_date": "2025-09-28",
    "time_in": "05:59:44",
    "time_out": "18:05:22"
  },
  {
    "zk_id": "81",
    "log_date": "2025-08-31",
    "time_in": "05:53:10",
    "time_out": "05:53:10"
  },
  {
    "zk_id": "81",
    "log_date": "2025-09-01",
    "time_in": "05:46:59",
    "time_out": "18:40:37"
  },
  {
    "zk_id": "81",
    "log_date": "2025-09-02",
    "time_in": "05:57:11",
    "time_out": "17:06:06"
  },
  {
    "zk_id": "81",
    "log_date": "2025-09-03",
    "time_in": "05:56:56",
    "time_out": "16:03:21"
  },
  {
    "zk_id": "81",
    "log_date": "2025-09-04",
    "time_in": "05:38:10",
    "time_out": "18:06:32"
  },
  {
    "zk_id": "81",
    "log_date": "2025-09-05",
    "time_in": "15:33:41",
    "time_out": "15:33:41"
  },
  {
    "zk_id": "81",
    "log_date": "2025-09-06",
    "time_in": "06:02:24",
    "time_out": "06:02:24"
  },
  {
    "zk_id": "81",
    "log_date": "2025-09-07",
    "time_in": "06:02:24",
    "time_out": "15:04:24"
  },
  {
    "zk_id": "81",
    "log_date": "2025-09-08",
    "time_in": "05:40:13",
    "time_out": "18:10:18"
  },
  {
    "zk_id": "81",
    "log_date": "2025-09-09",
    "time_in": "06:07:22",
    "time_out": "18:04:17"
  },
  {
    "zk_id": "81",
    "log_date": "2025-09-10",
    "time_in": "05:51:26",
    "time_out": "17:30:39"
  },
  {
    "zk_id": "81",
    "log_date": "2025-09-11",
    "time_in": "05:56:34",
    "time_out": "20:33:51"
  },
  {
    "zk_id": "81",
    "log_date": "2025-09-12",
    "time_in": "15:32:56",
    "time_out": "15:32:56"
  },
  {
    "zk_id": "81",
    "log_date": "2025-09-13",
    "time_in": "05:53:52",
    "time_out": "05:53:52"
  },
  {
    "zk_id": "81",
    "log_date": "2025-09-14",
    "time_in": "05:57:50",
    "time_out": "15:02:43"
  },
  {
    "zk_id": "81",
    "log_date": "2025-09-15",
    "time_in": "05:55:54",
    "time_out": "19:02:21"
  },
  {
    "zk_id": "81",
    "log_date": "2025-09-16",
    "time_in": "05:49:52",
    "time_out": "17:37:49"
  },
  {
    "zk_id": "81",
    "log_date": "2025-09-17",
    "time_in": "05:53:35",
    "time_out": "18:02:53"
  },
  {
    "zk_id": "81",
    "log_date": "2025-09-18",
    "time_in": "06:05:09",
    "time_out": "17:51:12"
  },
  {
    "zk_id": "81",
    "log_date": "2025-09-19",
    "time_in": "15:03:05",
    "time_out": "15:03:05"
  },
  {
    "zk_id": "81",
    "log_date": "2025-09-21",
    "time_in": "05:53:40",
    "time_out": "05:53:40"
  },
  {
    "zk_id": "81",
    "log_date": "2025-09-22",
    "time_in": "05:58:56",
    "time_out": "18:06:17"
  },
  {
    "zk_id": "81",
    "log_date": "2025-09-23",
    "time_in": "05:54:27",
    "time_out": "17:54:23"
  },
  {
    "zk_id": "81",
    "log_date": "2025-09-24",
    "time_in": "05:44:31",
    "time_out": "18:00:57"
  },
  {
    "zk_id": "81",
    "log_date": "2025-09-25",
    "time_in": "07:36:11",
    "time_out": "16:00:37"
  },
  {
    "zk_id": "81",
    "log_date": "2025-09-26",
    "time_in": "15:13:35",
    "time_out": "15:13:35"
  },
  {
    "zk_id": "81",
    "log_date": "2025-09-28",
    "time_in": "06:01:14",
    "time_out": "06:01:14"
  },
  {
    "zk_id": "82",
    "log_date": "2025-09-02",
    "time_in": "06:08:51",
    "time_out": "06:08:51"
  },
  {
    "zk_id": "82",
    "log_date": "2025-09-03",
    "time_in": "06:05:14",
    "time_out": "15:03:43"
  },
  {
    "zk_id": "82",
    "log_date": "2025-09-04",
    "time_in": "06:04:12",
    "time_out": "15:10:37"
  },
  {
    "zk_id": "82",
    "log_date": "2025-09-05",
    "time_in": "15:14:29",
    "time_out": "15:14:29"
  },
  {
    "zk_id": "82",
    "log_date": "2025-09-06",
    "time_in": "06:05:20",
    "time_out": "06:05:20"
  },
  {
    "zk_id": "82",
    "log_date": "2025-09-07",
    "time_in": "06:04:25",
    "time_out": "15:07:17"
  },
  {
    "zk_id": "82",
    "log_date": "2025-09-08",
    "time_in": "06:00:26",
    "time_out": "15:10:08"
  },
  {
    "zk_id": "82",
    "log_date": "2025-09-09",
    "time_in": "06:02:02",
    "time_out": "16:27:49"
  },
  {
    "zk_id": "82",
    "log_date": "2025-09-10",
    "time_in": "00:02:55",
    "time_out": "06:08:00"
  },
  {
    "zk_id": "82",
    "log_date": "2025-09-11",
    "time_in": "06:05:56",
    "time_out": "15:02:37"
  },
  {
    "zk_id": "82",
    "log_date": "2025-09-12",
    "time_in": "15:03:09",
    "time_out": "15:03:09"
  },
  {
    "zk_id": "82",
    "log_date": "2025-09-13",
    "time_in": "06:08:30",
    "time_out": "06:08:30"
  },
  {
    "zk_id": "82",
    "log_date": "2025-09-14",
    "time_in": "15:10:55",
    "time_out": "15:10:55"
  },
  {
    "zk_id": "82",
    "log_date": "2025-09-15",
    "time_in": "06:16:16",
    "time_out": "18:01:52"
  },
  {
    "zk_id": "82",
    "log_date": "2025-09-16",
    "time_in": "06:06:39",
    "time_out": "18:02:42"
  },
  {
    "zk_id": "82",
    "log_date": "2025-09-17",
    "time_in": "06:06:56",
    "time_out": "06:06:56"
  },
  {
    "zk_id": "82",
    "log_date": "2025-09-18",
    "time_in": "06:04:03",
    "time_out": "18:02:02"
  },
  {
    "zk_id": "82",
    "log_date": "2025-09-20",
    "time_in": "06:08:08",
    "time_out": "06:08:08"
  },
  {
    "zk_id": "82",
    "log_date": "2025-09-21",
    "time_in": "06:16:12",
    "time_out": "15:02:12"
  },
  {
    "zk_id": "82",
    "log_date": "2025-09-22",
    "time_in": "06:08:48",
    "time_out": "19:01:18"
  },
  {
    "zk_id": "82",
    "log_date": "2025-09-23",
    "time_in": "06:04:15",
    "time_out": "22:01:53"
  },
  {
    "zk_id": "82",
    "log_date": "2025-09-24",
    "time_in": "06:00:25",
    "time_out": "22:00:24"
  },
  {
    "zk_id": "82",
    "log_date": "2025-09-25",
    "time_in": "06:07:56",
    "time_out": "22:00:43"
  },
  {
    "zk_id": "82",
    "log_date": "2025-09-26",
    "time_in": "05:02:46",
    "time_out": "05:02:46"
  },
  {
    "zk_id": "82",
    "log_date": "2025-09-27",
    "time_in": "06:09:58",
    "time_out": "06:09:58"
  },
  {
    "zk_id": "82",
    "log_date": "2025-09-28",
    "time_in": "06:03:10",
    "time_out": "15:04:58"
  },
  {
    "zk_id": "83",
    "log_date": "2025-08-31",
    "time_in": "06:00:41",
    "time_out": "06:00:41"
  },
  {
    "zk_id": "83",
    "log_date": "2025-09-01",
    "time_in": "06:05:33",
    "time_out": "15:09:33"
  },
  {
    "zk_id": "83",
    "log_date": "2025-09-02",
    "time_in": "05:59:40",
    "time_out": "15:16:59"
  },
  {
    "zk_id": "83",
    "log_date": "2025-09-03",
    "time_in": "06:05:26",
    "time_out": "15:15:43"
  },
  {
    "zk_id": "83",
    "log_date": "2025-09-04",
    "time_in": "05:44:03",
    "time_out": "15:12:53"
  },
  {
    "zk_id": "83",
    "log_date": "2025-09-05",
    "time_in": "05:59:01",
    "time_out": "15:14:14"
  },
  {
    "zk_id": "83",
    "log_date": "2025-09-06",
    "time_in": "15:13:19",
    "time_out": "15:13:19"
  },
  {
    "zk_id": "83",
    "log_date": "2025-09-07",
    "time_in": "06:10:42",
    "time_out": "06:10:42"
  },
  {
    "zk_id": "83",
    "log_date": "2025-09-08",
    "time_in": "05:45:34",
    "time_out": "15:28:22"
  },
  {
    "zk_id": "83",
    "log_date": "2025-09-09",
    "time_in": "06:04:56",
    "time_out": "15:16:30"
  },
  {
    "zk_id": "83",
    "log_date": "2025-09-10",
    "time_in": "00:04:01",
    "time_out": "06:11:40"
  },
  {
    "zk_id": "83",
    "log_date": "2025-09-11",
    "time_in": "06:01:11",
    "time_out": "15:04:50"
  },
  {
    "zk_id": "83",
    "log_date": "2025-09-12",
    "time_in": "06:40:27",
    "time_out": "18:02:35"
  },
  {
    "zk_id": "83",
    "log_date": "2025-09-13",
    "time_in": "05:52:44",
    "time_out": "18:01:14"
  },
  {
    "zk_id": "83",
    "log_date": "2025-09-14",
    "time_in": "05:52:44",
    "time_out": "15:04:19"
  },
  {
    "zk_id": "83",
    "log_date": "2025-09-15",
    "time_in": "05:58:46",
    "time_out": "18:00:35"
  },
  {
    "zk_id": "83",
    "log_date": "2025-09-16",
    "time_in": "18:04:14",
    "time_out": "18:04:14"
  },
  {
    "zk_id": "83",
    "log_date": "2025-09-17",
    "time_in": "06:57:46",
    "time_out": "16:21:46"
  },
  {
    "zk_id": "83",
    "log_date": "2025-09-18",
    "time_in": "18:03:41",
    "time_out": "18:03:41"
  },
  {
    "zk_id": "83",
    "log_date": "2025-09-19",
    "time_in": "05:52:44",
    "time_out": "18:10:07"
  },
  {
    "zk_id": "83",
    "log_date": "2025-09-20",
    "time_in": "06:11:26",
    "time_out": "18:03:22"
  },
  {
    "zk_id": "83",
    "log_date": "2025-09-21",
    "time_in": "06:20:24",
    "time_out": "15:15:07"
  },
  {
    "zk_id": "83",
    "log_date": "2025-09-22",
    "time_in": "05:49:00",
    "time_out": "19:03:14"
  },
  {
    "zk_id": "83",
    "log_date": "2025-09-23",
    "time_in": "06:03:20",
    "time_out": "22:02:12"
  },
  {
    "zk_id": "83",
    "log_date": "2025-09-24",
    "time_in": "06:31:04",
    "time_out": "22:00:30"
  },
  {
    "zk_id": "83",
    "log_date": "2025-09-25",
    "time_in": "06:02:55",
    "time_out": "22:01:02"
  },
  {
    "zk_id": "83",
    "log_date": "2025-09-26",
    "time_in": "05:01:33",
    "time_out": "05:04:20"
  },
  {
    "zk_id": "83",
    "log_date": "2025-09-27",
    "time_in": "06:58:28",
    "time_out": "15:12:38"
  },
  {
    "zk_id": "83",
    "log_date": "2025-09-28",
    "time_in": "06:05:04",
    "time_out": "16:01:12"
  },
  {
    "zk_id": "84",
    "log_date": "2025-08-31",
    "time_in": "06:21:58",
    "time_out": "06:21:58"
  },
  {
    "zk_id": "84",
    "log_date": "2025-09-01",
    "time_in": "15:08:04",
    "time_out": "15:08:04"
  },
  {
    "zk_id": "84",
    "log_date": "2025-09-02",
    "time_in": "06:10:02",
    "time_out": "15:03:59"
  },
  {
    "zk_id": "84",
    "log_date": "2025-09-03",
    "time_in": "06:05:35",
    "time_out": "06:05:35"
  },
  {
    "zk_id": "84",
    "log_date": "2025-09-04",
    "time_in": "06:03:39",
    "time_out": "15:09:56"
  },
  {
    "zk_id": "84",
    "log_date": "2025-09-05",
    "time_in": "15:02:48",
    "time_out": "15:02:48"
  },
  {
    "zk_id": "84",
    "log_date": "2025-09-06",
    "time_in": "17:01:31",
    "time_out": "17:01:31"
  },
  {
    "zk_id": "84",
    "log_date": "2025-09-07",
    "time_in": "06:15:21",
    "time_out": "06:15:21"
  },
  {
    "zk_id": "84",
    "log_date": "2025-09-08",
    "time_in": "15:07:09",
    "time_out": "15:07:09"
  },
  {
    "zk_id": "84",
    "log_date": "2025-09-09",
    "time_in": "06:55:09",
    "time_out": "15:09:46"
  },
  {
    "zk_id": "84",
    "log_date": "2025-09-10",
    "time_in": "07:35:28",
    "time_out": "15:48:04"
  },
  {
    "zk_id": "84",
    "log_date": "2025-09-12",
    "time_in": "08:03:36",
    "time_out": "21:00:25"
  },
  {
    "zk_id": "84",
    "log_date": "2025-09-13",
    "time_in": "07:34:51",
    "time_out": "17:01:25"
  },
  {
    "zk_id": "84",
    "log_date": "2025-09-14",
    "time_in": "05:55:38",
    "time_out": "18:21:42"
  },
  {
    "zk_id": "84",
    "log_date": "2025-09-16",
    "time_in": "07:43:19",
    "time_out": "17:04:43"
  },
  {
    "zk_id": "84",
    "log_date": "2025-09-17",
    "time_in": "07:57:29",
    "time_out": "22:02:34"
  },
  {
    "zk_id": "84",
    "log_date": "2025-09-18",
    "time_in": "22:03:22",
    "time_out": "22:03:22"
  },
  {
    "zk_id": "84",
    "log_date": "2025-09-19",
    "time_in": "08:16:10",
    "time_out": "22:04:30"
  },
  {
    "zk_id": "84",
    "log_date": "2025-09-20",
    "time_in": "08:17:11",
    "time_out": "18:25:56"
  },
  {
    "zk_id": "84",
    "log_date": "2025-09-21",
    "time_in": "08:03:49",
    "time_out": "17:00:07"
  },
  {
    "zk_id": "84",
    "log_date": "2025-09-22",
    "time_in": "08:01:20",
    "time_out": "17:03:36"
  },
  {
    "zk_id": "84",
    "log_date": "2025-09-24",
    "time_in": "07:59:44",
    "time_out": "22:03:36"
  },
  {
    "zk_id": "84",
    "log_date": "2025-09-28",
    "time_in": "08:18:26",
    "time_out": "17:00:19"
  },
  {
    "zk_id": "84",
    "log_date": "2025-09-29",
    "time_in": "08:06:56",
    "time_out": "08:06:56"
  },
  {
    "zk_id": "85",
    "log_date": "2025-08-31",
    "time_in": "05:58:04",
    "time_out": "05:58:04"
  },
  {
    "zk_id": "85",
    "log_date": "2025-09-01",
    "time_in": "05:58:15",
    "time_out": "15:03:21"
  },
  {
    "zk_id": "85",
    "log_date": "2025-09-02",
    "time_in": "05:56:08",
    "time_out": "15:03:52"
  },
  {
    "zk_id": "85",
    "log_date": "2025-09-03",
    "time_in": "05:59:13",
    "time_out": "20:00:19"
  },
  {
    "zk_id": "85",
    "log_date": "2025-09-04",
    "time_in": "05:57:05",
    "time_out": "18:01:31"
  },
  {
    "zk_id": "85",
    "log_date": "2025-09-05",
    "time_in": "05:58:52",
    "time_out": "15:03:10"
  },
  {
    "zk_id": "85",
    "log_date": "2025-09-06",
    "time_in": "15:06:56",
    "time_out": "15:06:56"
  },
  {
    "zk_id": "85",
    "log_date": "2025-09-07",
    "time_in": "06:00:00",
    "time_out": "06:00:00"
  },
  {
    "zk_id": "85",
    "log_date": "2025-09-08",
    "time_in": "05:59:30",
    "time_out": "22:01:17"
  },
  {
    "zk_id": "85",
    "log_date": "2025-09-09",
    "time_in": "05:57:55",
    "time_out": "22:02:22"
  },
  {
    "zk_id": "85",
    "log_date": "2025-09-10",
    "time_in": "00:00:20",
    "time_out": "05:59:01"
  },
  {
    "zk_id": "85",
    "log_date": "2025-09-11",
    "time_in": "05:33:59",
    "time_out": "05:33:59"
  },
  {
    "zk_id": "85",
    "log_date": "2025-09-12",
    "time_in": "05:58:51",
    "time_out": "15:03:36"
  },
  {
    "zk_id": "85",
    "log_date": "2025-09-13",
    "time_in": "15:01:38",
    "time_out": "15:01:38"
  },
  {
    "zk_id": "85",
    "log_date": "2025-09-14",
    "time_in": "05:57:31",
    "time_out": "05:57:31"
  },
  {
    "zk_id": "85",
    "log_date": "2025-09-15",
    "time_in": "05:59:35",
    "time_out": "18:00:56"
  },
  {
    "zk_id": "85",
    "log_date": "2025-09-16",
    "time_in": "05:58:52",
    "time_out": "19:02:59"
  },
  {
    "zk_id": "85",
    "log_date": "2025-09-17",
    "time_in": "05:56:35",
    "time_out": "18:02:08"
  },
  {
    "zk_id": "85",
    "log_date": "2025-09-18",
    "time_in": "06:54:49",
    "time_out": "18:03:07"
  },
  {
    "zk_id": "85",
    "log_date": "2025-09-19",
    "time_in": "06:53:50",
    "time_out": "20:01:13"
  },
  {
    "zk_id": "85",
    "log_date": "2025-09-20",
    "time_in": "18:01:29",
    "time_out": "18:01:29"
  },
  {
    "zk_id": "85",
    "log_date": "2025-09-21",
    "time_in": "05:59:38",
    "time_out": "05:59:38"
  },
  {
    "zk_id": "85",
    "log_date": "2025-09-22",
    "time_in": "06:05:32",
    "time_out": "15:06:07"
  },
  {
    "zk_id": "85",
    "log_date": "2025-09-23",
    "time_in": "07:44:02",
    "time_out": "15:08:49"
  },
  {
    "zk_id": "85",
    "log_date": "2025-09-24",
    "time_in": "05:59:57",
    "time_out": "15:04:44"
  },
  {
    "zk_id": "85",
    "log_date": "2025-09-25",
    "time_in": "06:02:17",
    "time_out": "22:02:44"
  },
  {
    "zk_id": "85",
    "log_date": "2025-09-26",
    "time_in": "05:01:20",
    "time_out": "05:02:27"
  },
  {
    "zk_id": "85",
    "log_date": "2025-09-27",
    "time_in": "15:02:52",
    "time_out": "15:02:52"
  },
  {
    "zk_id": "85",
    "log_date": "2025-09-28",
    "time_in": "05:52:53",
    "time_out": "05:52:53"
  },
  {
    "zk_id": "86",
    "log_date": "2025-09-01",
    "time_in": "05:25:14",
    "time_out": "15:23:37"
  },
  {
    "zk_id": "86",
    "log_date": "2025-09-02",
    "time_in": "05:38:54",
    "time_out": "15:07:22"
  },
  {
    "zk_id": "86",
    "log_date": "2025-09-03",
    "time_in": "05:27:59",
    "time_out": "15:10:33"
  },
  {
    "zk_id": "86",
    "log_date": "2025-09-04",
    "time_in": "05:37:23",
    "time_out": "15:06:26"
  },
  {
    "zk_id": "86",
    "log_date": "2025-09-05",
    "time_in": "05:30:27",
    "time_out": "15:04:31"
  },
  {
    "zk_id": "86",
    "log_date": "2025-09-06",
    "time_in": "15:04:27",
    "time_out": "15:04:27"
  },
  {
    "zk_id": "86",
    "log_date": "2025-09-07",
    "time_in": "05:30:11",
    "time_out": "05:30:11"
  },
  {
    "zk_id": "86",
    "log_date": "2025-09-08",
    "time_in": "15:03:19",
    "time_out": "15:03:19"
  },
  {
    "zk_id": "86",
    "log_date": "2025-09-09",
    "time_in": "05:48:02",
    "time_out": "15:04:34"
  },
  {
    "zk_id": "86",
    "log_date": "2025-09-10",
    "time_in": "00:04:08",
    "time_out": "05:49:33"
  },
  {
    "zk_id": "86",
    "log_date": "2025-09-11",
    "time_in": "15:01:10",
    "time_out": "15:01:10"
  },
  {
    "zk_id": "86",
    "log_date": "2025-09-12",
    "time_in": "15:05:12",
    "time_out": "15:05:12"
  },
  {
    "zk_id": "86",
    "log_date": "2025-09-13",
    "time_in": "15:05:12",
    "time_out": "15:05:12"
  },
  {
    "zk_id": "86",
    "log_date": "2025-09-15",
    "time_in": "05:37:22",
    "time_out": "18:03:08"
  },
  {
    "zk_id": "86",
    "log_date": "2025-09-16",
    "time_in": "05:54:41",
    "time_out": "15:07:26"
  },
  {
    "zk_id": "86",
    "log_date": "2025-09-17",
    "time_in": "05:44:05",
    "time_out": "18:01:10"
  },
  {
    "zk_id": "86",
    "log_date": "2025-09-18",
    "time_in": "05:44:59",
    "time_out": "18:03:33"
  },
  {
    "zk_id": "86",
    "log_date": "2025-09-19",
    "time_in": "22:00:25",
    "time_out": "22:00:25"
  },
  {
    "zk_id": "86",
    "log_date": "2025-09-20",
    "time_in": "06:00:01",
    "time_out": "06:00:01"
  },
  {
    "zk_id": "86",
    "log_date": "2025-09-21",
    "time_in": "05:32:50",
    "time_out": "22:00:42"
  },
  {
    "zk_id": "86",
    "log_date": "2025-09-22",
    "time_in": "05:54:31",
    "time_out": "19:01:51"
  },
  {
    "zk_id": "86",
    "log_date": "2025-09-23",
    "time_in": "06:07:37",
    "time_out": "06:07:37"
  },
  {
    "zk_id": "86",
    "log_date": "2025-09-24",
    "time_in": "05:37:19",
    "time_out": "22:00:03"
  },
  {
    "zk_id": "86",
    "log_date": "2025-09-25",
    "time_in": "05:22:31",
    "time_out": "22:03:41"
  },
  {
    "zk_id": "86",
    "log_date": "2025-09-26",
    "time_in": "05:02:52",
    "time_out": "05:04:35"
  },
  {
    "zk_id": "86",
    "log_date": "2025-09-27",
    "time_in": "12:02:43",
    "time_out": "12:02:43"
  },
  {
    "zk_id": "86",
    "log_date": "2025-09-28",
    "time_in": "06:55:33",
    "time_out": "15:17:05"
  },
  {
    "zk_id": "87",
    "log_date": "2025-08-31",
    "time_in": "07:13:21",
    "time_out": "07:13:21"
  },
  {
    "zk_id": "87",
    "log_date": "2025-09-01",
    "time_in": "07:17:05",
    "time_out": "16:31:54"
  },
  {
    "zk_id": "87",
    "log_date": "2025-09-02",
    "time_in": "07:16:34",
    "time_out": "16:32:47"
  },
  {
    "zk_id": "87",
    "log_date": "2025-09-03",
    "time_in": "07:17:05",
    "time_out": "16:33:25"
  },
  {
    "zk_id": "87",
    "log_date": "2025-09-04",
    "time_in": "07:15:00",
    "time_out": "16:30:38"
  },
  {
    "zk_id": "87",
    "log_date": "2025-09-05",
    "time_in": "07:16:07",
    "time_out": "16:35:21"
  },
  {
    "zk_id": "87",
    "log_date": "2025-09-06",
    "time_in": "07:28:39",
    "time_out": "16:39:12"
  },
  {
    "zk_id": "87",
    "log_date": "2025-09-07",
    "time_in": "16:31:18",
    "time_out": "16:31:18"
  },
  {
    "zk_id": "87",
    "log_date": "2025-09-08",
    "time_in": "07:30:19",
    "time_out": "07:30:19"
  },
  {
    "zk_id": "87",
    "log_date": "2025-09-09",
    "time_in": "07:18:09",
    "time_out": "16:31:54"
  },
  {
    "zk_id": "88",
    "log_date": "2025-09-01",
    "time_in": "07:53:30",
    "time_out": "07:53:30"
  },
  {
    "zk_id": "88",
    "log_date": "2025-09-02",
    "time_in": "07:10:27",
    "time_out": "16:32:40"
  },
  {
    "zk_id": "88",
    "log_date": "2025-09-03",
    "time_in": "07:33:24",
    "time_out": "16:33:07"
  },
  {
    "zk_id": "88",
    "log_date": "2025-09-04",
    "time_in": "07:24:36",
    "time_out": "16:30:54"
  },
  {
    "zk_id": "88",
    "log_date": "2025-09-05",
    "time_in": "17:00:14",
    "time_out": "17:00:14"
  },
  {
    "zk_id": "88",
    "log_date": "2025-09-07",
    "time_in": "07:40:54",
    "time_out": "07:40:54"
  },
  {
    "zk_id": "88",
    "log_date": "2025-09-08",
    "time_in": "07:19:23",
    "time_out": "16:38:30"
  },
  {
    "zk_id": "88",
    "log_date": "2025-09-09",
    "time_in": "07:11:32",
    "time_out": "16:35:02"
  },
  {
    "zk_id": "88",
    "log_date": "2025-09-10",
    "time_in": "07:00:30",
    "time_out": "07:03:45"
  },
  {
    "zk_id": "88",
    "log_date": "2025-09-11",
    "time_in": "16:35:15",
    "time_out": "19:14:06"
  },
  {
    "zk_id": "88",
    "log_date": "2025-09-12",
    "time_in": "07:30:05",
    "time_out": "19:45:56"
  },
  {
    "zk_id": "88",
    "log_date": "2025-09-13",
    "time_in": "07:47:12",
    "time_out": "23:31:56"
  },
  {
    "zk_id": "88",
    "log_date": "2025-09-14",
    "time_in": "07:19:53",
    "time_out": "20:33:17"
  },
  {
    "zk_id": "88",
    "log_date": "2025-09-15",
    "time_in": "06:31:00",
    "time_out": "06:35:27"
  },
  {
    "zk_id": "88",
    "log_date": "2025-09-16",
    "time_in": "06:31:35",
    "time_out": "06:34:41"
  },
  {
    "zk_id": "88",
    "log_date": "2025-09-17",
    "time_in": "07:22:17",
    "time_out": "07:29:39"
  },
  {
    "zk_id": "88",
    "log_date": "2025-09-18",
    "time_in": "05:30:47",
    "time_out": "19:29:09"
  },
  {
    "zk_id": "88",
    "log_date": "2025-09-19",
    "time_in": "07:39:09",
    "time_out": "23:31:21"
  },
  {
    "zk_id": "88",
    "log_date": "2025-09-20",
    "time_in": "06:30:08",
    "time_out": "06:35:25"
  },
  {
    "zk_id": "88",
    "log_date": "2025-09-21",
    "time_in": "07:43:20",
    "time_out": "16:30:47"
  },
  {
    "zk_id": "88",
    "log_date": "2025-09-22",
    "time_in": "05:31:45",
    "time_out": "07:52:10"
  },
  {
    "zk_id": "88",
    "log_date": "2025-09-23",
    "time_in": "07:33:43",
    "time_out": "23:31:13"
  },
  {
    "zk_id": "88",
    "log_date": "2025-09-24",
    "time_in": "07:22:01",
    "time_out": "23:32:19"
  },
  {
    "zk_id": "88",
    "log_date": "2025-09-25",
    "time_in": "07:17:59",
    "time_out": "23:30:40"
  },
  {
    "zk_id": "88",
    "log_date": "2025-09-26",
    "time_in": "05:30:08",
    "time_out": "19:21:45"
  },
  {
    "zk_id": "88",
    "log_date": "2025-09-27",
    "time_in": "07:40:02",
    "time_out": "19:56:24"
  },
  {
    "zk_id": "88",
    "log_date": "2025-09-28",
    "time_in": "06:00:57",
    "time_out": "06:16:30"
  },
  {
    "zk_id": "89",
    "log_date": "2025-08-31",
    "time_in": "06:04:50",
    "time_out": "06:04:50"
  },
  {
    "zk_id": "89",
    "log_date": "2025-09-01",
    "time_in": "15:06:27",
    "time_out": "15:06:27"
  },
  {
    "zk_id": "89",
    "log_date": "2025-09-02",
    "time_in": "06:02:05",
    "time_out": "15:05:32"
  },
  {
    "zk_id": "89",
    "log_date": "2025-09-03",
    "time_in": "06:03:21",
    "time_out": "15:03:47"
  },
  {
    "zk_id": "89",
    "log_date": "2025-09-04",
    "time_in": "06:03:08",
    "time_out": "17:25:15"
  },
  {
    "zk_id": "89",
    "log_date": "2025-09-05",
    "time_in": "06:05:37",
    "time_out": "15:04:05"
  },
  {
    "zk_id": "89",
    "log_date": "2025-09-06",
    "time_in": "15:05:46",
    "time_out": "15:05:46"
  },
  {
    "zk_id": "89",
    "log_date": "2025-09-07",
    "time_in": "06:06:19",
    "time_out": "06:06:19"
  },
  {
    "zk_id": "89",
    "log_date": "2025-09-08",
    "time_in": "06:10:28",
    "time_out": "21:05:16"
  },
  {
    "zk_id": "89",
    "log_date": "2025-09-09",
    "time_in": "06:03:52",
    "time_out": "21:03:52"
  },
  {
    "zk_id": "89",
    "log_date": "2025-09-10",
    "time_in": "06:26:38",
    "time_out": "23:06:18"
  },
  {
    "zk_id": "89",
    "log_date": "2025-09-11",
    "time_in": "23:04:45",
    "time_out": "23:04:45"
  },
  {
    "zk_id": "89",
    "log_date": "2025-09-12",
    "time_in": "06:06:49",
    "time_out": "06:06:49"
  },
  {
    "zk_id": "89",
    "log_date": "2025-09-13",
    "time_in": "15:02:33",
    "time_out": "15:02:33"
  },
  {
    "zk_id": "89",
    "log_date": "2025-09-14",
    "time_in": "06:17:10",
    "time_out": "06:17:10"
  },
  {
    "zk_id": "89",
    "log_date": "2025-09-15",
    "time_in": "06:02:06",
    "time_out": "15:04:12"
  },
  {
    "zk_id": "89",
    "log_date": "2025-09-16",
    "time_in": "06:03:40",
    "time_out": "15:05:59"
  },
  {
    "zk_id": "89",
    "log_date": "2025-09-17",
    "time_in": "06:01:35",
    "time_out": "15:10:25"
  },
  {
    "zk_id": "89",
    "log_date": "2025-09-18",
    "time_in": "06:01:42",
    "time_out": "15:10:40"
  },
  {
    "zk_id": "89",
    "log_date": "2025-09-19",
    "time_in": "06:03:30",
    "time_out": "15:07:51"
  },
  {
    "zk_id": "89",
    "log_date": "2025-09-20",
    "time_in": "15:04:53",
    "time_out": "15:04:53"
  },
  {
    "zk_id": "89",
    "log_date": "2025-09-21",
    "time_in": "06:18:15",
    "time_out": "06:18:15"
  },
  {
    "zk_id": "89",
    "log_date": "2025-09-22",
    "time_in": "06:08:24",
    "time_out": "15:06:54"
  },
  {
    "zk_id": "89",
    "log_date": "2025-09-23",
    "time_in": "15:10:33",
    "time_out": "15:10:33"
  },
  {
    "zk_id": "89",
    "log_date": "2025-09-24",
    "time_in": "06:08:00",
    "time_out": "06:08:00"
  },
  {
    "zk_id": "89",
    "log_date": "2025-09-25",
    "time_in": "06:10:35",
    "time_out": "15:07:44"
  },
  {
    "zk_id": "89",
    "log_date": "2025-09-26",
    "time_in": "06:13:05",
    "time_out": "15:05:51"
  },
  {
    "zk_id": "89",
    "log_date": "2025-09-27",
    "time_in": "15:02:23",
    "time_out": "15:02:23"
  },
  {
    "zk_id": "9",
    "log_date": "2025-09-01",
    "time_in": "20:19:33",
    "time_out": "20:19:33"
  },
  {
    "zk_id": "9",
    "log_date": "2025-09-02",
    "time_in": "19:12:33",
    "time_out": "19:12:33"
  },
  {
    "zk_id": "9",
    "log_date": "2025-09-03",
    "time_in": "08:15:24",
    "time_out": "19:35:55"
  },
  {
    "zk_id": "9",
    "log_date": "2025-09-04",
    "time_in": "08:12:48",
    "time_out": "08:12:48"
  },
  {
    "zk_id": "9",
    "log_date": "2025-09-06",
    "time_in": "07:54:00",
    "time_out": "07:54:00"
  },
  {
    "zk_id": "9",
    "log_date": "2025-09-07",
    "time_in": "07:28:47",
    "time_out": "17:15:29"
  },
  {
    "zk_id": "9",
    "log_date": "2025-09-08",
    "time_in": "07:40:59",
    "time_out": "20:10:39"
  },
  {
    "zk_id": "9",
    "log_date": "2025-09-09",
    "time_in": "17:07:42",
    "time_out": "20:16:26"
  },
  {
    "zk_id": "9",
    "log_date": "2025-09-10",
    "time_in": "08:07:22",
    "time_out": "19:20:15"
  },
  {
    "zk_id": "9",
    "log_date": "2025-09-11",
    "time_in": "07:50:42",
    "time_out": "08:09:14"
  },
  {
    "zk_id": "9",
    "log_date": "2025-09-12",
    "time_in": "07:39:42",
    "time_out": "17:04:16"
  },
  {
    "zk_id": "9",
    "log_date": "2025-09-14",
    "time_in": "07:49:28",
    "time_out": "07:49:28"
  },
  {
    "zk_id": "9",
    "log_date": "2025-09-15",
    "time_in": "17:11:42",
    "time_out": "17:11:42"
  },
  {
    "zk_id": "91",
    "log_date": "2025-09-03",
    "time_in": "05:52:04",
    "time_out": "15:06:09"
  },
  {
    "zk_id": "91",
    "log_date": "2025-09-04",
    "time_in": "05:53:04",
    "time_out": "15:11:29"
  },
  {
    "zk_id": "91",
    "log_date": "2025-09-05",
    "time_in": "05:49:45",
    "time_out": "15:03:23"
  },
  {
    "zk_id": "91",
    "log_date": "2025-09-06",
    "time_in": "15:04:44",
    "time_out": "15:04:44"
  },
  {
    "zk_id": "91",
    "log_date": "2025-09-07",
    "time_in": "05:53:16",
    "time_out": "05:53:16"
  },
  {
    "zk_id": "91",
    "log_date": "2025-09-08",
    "time_in": "05:45:17",
    "time_out": "15:02:22"
  },
  {
    "zk_id": "91",
    "log_date": "2025-09-09",
    "time_in": "05:53:12",
    "time_out": "16:09:49"
  },
  {
    "zk_id": "91",
    "log_date": "2025-09-10",
    "time_in": "00:03:36",
    "time_out": "05:57:11"
  },
  {
    "zk_id": "91",
    "log_date": "2025-09-11",
    "time_in": "05:57:24",
    "time_out": "05:57:24"
  },
  {
    "zk_id": "91",
    "log_date": "2025-09-12",
    "time_in": "06:09:00",
    "time_out": "15:04:30"
  },
  {
    "zk_id": "91",
    "log_date": "2025-09-13",
    "time_in": "15:12:15",
    "time_out": "15:12:15"
  },
  {
    "zk_id": "91",
    "log_date": "2025-09-14",
    "time_in": "05:44:47",
    "time_out": "05:44:47"
  },
  {
    "zk_id": "91",
    "log_date": "2025-09-15",
    "time_in": "05:50:35",
    "time_out": "15:08:58"
  },
  {
    "zk_id": "91",
    "log_date": "2025-09-16",
    "time_in": "05:56:20",
    "time_out": "15:09:46"
  },
  {
    "zk_id": "91",
    "log_date": "2025-09-17",
    "time_in": "05:54:12",
    "time_out": "15:04:57"
  },
  {
    "zk_id": "91",
    "log_date": "2025-09-18",
    "time_in": "05:53:15",
    "time_out": "15:06:48"
  },
  {
    "zk_id": "91",
    "log_date": "2025-09-19",
    "time_in": "05:54:11",
    "time_out": "15:03:57"
  },
  {
    "zk_id": "91",
    "log_date": "2025-09-20",
    "time_in": "15:15:09",
    "time_out": "15:15:09"
  },
  {
    "zk_id": "91",
    "log_date": "2025-09-21",
    "time_in": "05:59:30",
    "time_out": "19:04:04"
  },
  {
    "zk_id": "91",
    "log_date": "2025-09-22",
    "time_in": "05:53:21",
    "time_out": "15:06:41"
  },
  {
    "zk_id": "91",
    "log_date": "2025-09-23",
    "time_in": "05:45:41",
    "time_out": "15:02:59"
  },
  {
    "zk_id": "91",
    "log_date": "2025-09-24",
    "time_in": "05:48:44",
    "time_out": "15:04:57"
  },
  {
    "zk_id": "91",
    "log_date": "2025-09-25",
    "time_in": "05:45:48",
    "time_out": "15:03:19"
  },
  {
    "zk_id": "91",
    "log_date": "2025-09-26",
    "time_in": "05:01:37",
    "time_out": "05:04:40"
  },
  {
    "zk_id": "91",
    "log_date": "2025-09-27",
    "time_in": "15:05:05",
    "time_out": "15:05:05"
  },
  {
    "zk_id": "91",
    "log_date": "2025-09-28",
    "time_in": "05:53:32",
    "time_out": "05:53:32"
  },
  {
    "zk_id": "92",
    "log_date": "2025-08-31",
    "time_in": "05:11:36",
    "time_out": "05:11:36"
  },
  {
    "zk_id": "92",
    "log_date": "2025-09-01",
    "time_in": "05:32:08",
    "time_out": "15:02:19"
  },
  {
    "zk_id": "92",
    "log_date": "2025-09-02",
    "time_in": "15:02:57",
    "time_out": "15:02:57"
  },
  {
    "zk_id": "92",
    "log_date": "2025-09-04",
    "time_in": "05:22:08",
    "time_out": "15:06:59"
  },
  {
    "zk_id": "92",
    "log_date": "2025-09-05",
    "time_in": "05:25:37",
    "time_out": "15:03:08"
  },
  {
    "zk_id": "92",
    "log_date": "2025-09-06",
    "time_in": "05:08:34",
    "time_out": "14:08:44"
  },
  {
    "zk_id": "92",
    "log_date": "2025-09-07",
    "time_in": "05:21:07",
    "time_out": "14:03:55"
  },
  {
    "zk_id": "92",
    "log_date": "2025-09-08",
    "time_in": "05:25:02",
    "time_out": "15:03:41"
  },
  {
    "zk_id": "92",
    "log_date": "2025-09-09",
    "time_in": "05:16:31",
    "time_out": "22:00:57"
  },
  {
    "zk_id": "92",
    "log_date": "2025-09-10",
    "time_in": "00:00:10",
    "time_out": "05:21:40"
  },
  {
    "zk_id": "92",
    "log_date": "2025-09-11",
    "time_in": "05:07:13",
    "time_out": "15:00:50"
  },
  {
    "zk_id": "92",
    "log_date": "2025-09-12",
    "time_in": "05:23:57",
    "time_out": "15:04:02"
  },
  {
    "zk_id": "92",
    "log_date": "2025-09-13",
    "time_in": "05:05:02",
    "time_out": "14:03:10"
  },
  {
    "zk_id": "92",
    "log_date": "2025-09-14",
    "time_in": "05:29:24",
    "time_out": "14:17:40"
  },
  {
    "zk_id": "92",
    "log_date": "2025-09-15",
    "time_in": "05:25:56",
    "time_out": "19:00:55"
  },
  {
    "zk_id": "92",
    "log_date": "2025-09-16",
    "time_in": "05:16:26",
    "time_out": "15:07:12"
  },
  {
    "zk_id": "92",
    "log_date": "2025-09-17",
    "time_in": "05:14:41",
    "time_out": "15:10:38"
  },
  {
    "zk_id": "92",
    "log_date": "2025-09-18",
    "time_in": "05:05:53",
    "time_out": "15:49:58"
  },
  {
    "zk_id": "92",
    "log_date": "2025-09-19",
    "time_in": "05:30:40",
    "time_out": "22:00:31"
  },
  {
    "zk_id": "92",
    "log_date": "2025-09-20",
    "time_in": "05:27:38",
    "time_out": "22:00:05"
  },
  {
    "zk_id": "92",
    "log_date": "2025-09-21",
    "time_in": "05:16:57",
    "time_out": "22:00:20"
  },
  {
    "zk_id": "92",
    "log_date": "2025-09-22",
    "time_in": "05:20:10",
    "time_out": "19:00:53"
  },
  {
    "zk_id": "92",
    "log_date": "2025-09-23",
    "time_in": "05:36:22",
    "time_out": "22:00:46"
  },
  {
    "zk_id": "92",
    "log_date": "2025-09-24",
    "time_in": "05:18:38",
    "time_out": "22:00:05"
  },
  {
    "zk_id": "92",
    "log_date": "2025-09-25",
    "time_in": "05:38:11",
    "time_out": "22:00:32"
  },
  {
    "zk_id": "92",
    "log_date": "2025-09-26",
    "time_in": "05:03:20",
    "time_out": "05:04:32"
  },
  {
    "zk_id": "92",
    "log_date": "2025-09-27",
    "time_in": "05:34:32",
    "time_out": "14:01:35"
  },
  {
    "zk_id": "92",
    "log_date": "2025-09-28",
    "time_in": "05:27:47",
    "time_out": "14:02:22"
  },
  {
    "zk_id": "93",
    "log_date": "2025-09-01",
    "time_in": "07:16:29",
    "time_out": "07:16:29"
  },
  {
    "zk_id": "93",
    "log_date": "2025-09-02",
    "time_in": "07:24:24",
    "time_out": "16:31:23"
  },
  {
    "zk_id": "93",
    "log_date": "2025-09-03",
    "time_in": "07:27:35",
    "time_out": "16:34:18"
  },
  {
    "zk_id": "93",
    "log_date": "2025-09-04",
    "time_in": "07:19:33",
    "time_out": "16:31:06"
  },
  {
    "zk_id": "93",
    "log_date": "2025-09-05",
    "time_in": "16:30:55",
    "time_out": "16:30:55"
  },
  {
    "zk_id": "93",
    "log_date": "2025-09-07",
    "time_in": "07:17:02",
    "time_out": "07:17:02"
  },
  {
    "zk_id": "93",
    "log_date": "2025-09-08",
    "time_in": "07:15:53",
    "time_out": "16:41:18"
  },
  {
    "zk_id": "93",
    "log_date": "2025-09-09",
    "time_in": "07:23:00",
    "time_out": "16:32:02"
  },
  {
    "zk_id": "93",
    "log_date": "2025-09-10",
    "time_in": "07:17:29",
    "time_out": "11:38:11"
  },
  {
    "zk_id": "93",
    "log_date": "2025-09-11",
    "time_in": "07:24:37",
    "time_out": "16:30:31"
  },
  {
    "zk_id": "93",
    "log_date": "2025-09-12",
    "time_in": "16:40:14",
    "time_out": "16:40:14"
  },
  {
    "zk_id": "93",
    "log_date": "2025-09-13",
    "time_in": "07:25:22",
    "time_out": "07:25:22"
  },
  {
    "zk_id": "93",
    "log_date": "2025-09-14",
    "time_in": "07:18:16",
    "time_out": "16:30:10"
  },
  {
    "zk_id": "93",
    "log_date": "2025-09-15",
    "time_in": "07:27:12",
    "time_out": "22:30:48"
  },
  {
    "zk_id": "93",
    "log_date": "2025-09-16",
    "time_in": "20:37:44",
    "time_out": "20:37:44"
  },
  {
    "zk_id": "93",
    "log_date": "2025-09-17",
    "time_in": "07:31:50",
    "time_out": "16:31:46"
  },
  {
    "zk_id": "93",
    "log_date": "2025-09-18",
    "time_in": "07:26:31",
    "time_out": "16:30:32"
  },
  {
    "zk_id": "93",
    "log_date": "2025-09-19",
    "time_in": "20:04:02",
    "time_out": "20:04:02"
  },
  {
    "zk_id": "93",
    "log_date": "2025-09-24",
    "time_in": "07:22:54",
    "time_out": "07:22:54"
  },
  {
    "zk_id": "93",
    "log_date": "2025-09-25",
    "time_in": "07:36:55",
    "time_out": "16:31:25"
  },
  {
    "zk_id": "93",
    "log_date": "2025-09-26",
    "time_in": "16:38:24",
    "time_out": "16:38:24"
  },
  {
    "zk_id": "93",
    "log_date": "2025-09-28",
    "time_in": "07:22:45",
    "time_out": "16:32:12"
  },
  {
    "zk_id": "94",
    "log_date": "2025-08-31",
    "time_in": "07:27:20",
    "time_out": "07:27:20"
  },
  {
    "zk_id": "94",
    "log_date": "2025-09-01",
    "time_in": "07:23:26",
    "time_out": "20:32:36"
  },
  {
    "zk_id": "94",
    "log_date": "2025-09-02",
    "time_in": "07:23:38",
    "time_out": "07:23:38"
  },
  {
    "zk_id": "94",
    "log_date": "2025-09-03",
    "time_in": "07:26:46",
    "time_out": "16:32:54"
  },
  {
    "zk_id": "94",
    "log_date": "2025-09-04",
    "time_in": "07:23:33",
    "time_out": "16:31:19"
  },
  {
    "zk_id": "94",
    "log_date": "2025-09-05",
    "time_in": "07:29:44",
    "time_out": "16:33:45"
  },
  {
    "zk_id": "94",
    "log_date": "2025-09-06",
    "time_in": "11:30:29",
    "time_out": "11:30:29"
  },
  {
    "zk_id": "94",
    "log_date": "2025-09-07",
    "time_in": "07:27:31",
    "time_out": "07:27:31"
  },
  {
    "zk_id": "94",
    "log_date": "2025-09-08",
    "time_in": "07:29:47",
    "time_out": "16:31:35"
  },
  {
    "zk_id": "94",
    "log_date": "2025-09-09",
    "time_in": "07:25:19",
    "time_out": "16:30:29"
  },
  {
    "zk_id": "94",
    "log_date": "2025-09-10",
    "time_in": "07:00:40",
    "time_out": "07:03:20"
  },
  {
    "zk_id": "94",
    "log_date": "2025-09-11",
    "time_in": "16:32:19",
    "time_out": "19:19:34"
  },
  {
    "zk_id": "94",
    "log_date": "2025-09-12",
    "time_in": "07:18:39",
    "time_out": "19:45:20"
  },
  {
    "zk_id": "94",
    "log_date": "2025-09-13",
    "time_in": "07:21:37",
    "time_out": "23:31:15"
  },
  {
    "zk_id": "94",
    "log_date": "2025-09-14",
    "time_in": "07:30:33",
    "time_out": "20:31:21"
  },
  {
    "zk_id": "94",
    "log_date": "2025-09-15",
    "time_in": "06:31:06",
    "time_out": "06:33:12"
  },
  {
    "zk_id": "94",
    "log_date": "2025-09-16",
    "time_in": "06:31:01",
    "time_out": "06:34:39"
  },
  {
    "zk_id": "94",
    "log_date": "2025-09-17",
    "time_in": "07:22:15",
    "time_out": "07:29:35"
  },
  {
    "zk_id": "94",
    "log_date": "2025-09-18",
    "time_in": "05:32:00",
    "time_out": "19:16:45"
  },
  {
    "zk_id": "94",
    "log_date": "2025-09-19",
    "time_in": "07:23:34",
    "time_out": "23:31:29"
  },
  {
    "zk_id": "94",
    "log_date": "2025-09-20",
    "time_in": "06:30:03",
    "time_out": "06:35:21"
  },
  {
    "zk_id": "94",
    "log_date": "2025-09-21",
    "time_in": "07:20:12",
    "time_out": "23:32:19"
  },
  {
    "zk_id": "94",
    "log_date": "2025-09-22",
    "time_in": "05:33:06",
    "time_out": "07:26:07"
  },
  {
    "zk_id": "94",
    "log_date": "2025-09-23",
    "time_in": "07:28:30",
    "time_out": "23:33:00"
  },
  {
    "zk_id": "94",
    "log_date": "2025-09-24",
    "time_in": "07:26:05",
    "time_out": "23:32:26"
  },
  {
    "zk_id": "94",
    "log_date": "2025-09-25",
    "time_in": "07:19:41",
    "time_out": "23:32:41"
  },
  {
    "zk_id": "94",
    "log_date": "2025-09-26",
    "time_in": "05:30:03",
    "time_out": "19:17:34"
  },
  {
    "zk_id": "94",
    "log_date": "2025-09-27",
    "time_in": "07:25:03",
    "time_out": "19:56:09"
  },
  {
    "zk_id": "94",
    "log_date": "2025-09-28",
    "time_in": "06:01:05",
    "time_out": "06:16:25"
  },
  {
    "zk_id": "95",
    "log_date": "2025-08-31",
    "time_in": "07:26:23",
    "time_out": "07:26:23"
  },
  {
    "zk_id": "95",
    "log_date": "2025-09-01",
    "time_in": "20:30:34",
    "time_out": "20:30:34"
  },
  {
    "zk_id": "95",
    "log_date": "2025-09-02",
    "time_in": "07:23:26",
    "time_out": "07:23:26"
  },
  {
    "zk_id": "95",
    "log_date": "2025-09-03",
    "time_in": "16:33:05",
    "time_out": "16:33:05"
  },
  {
    "zk_id": "95",
    "log_date": "2025-09-05",
    "time_in": "07:30:15",
    "time_out": "07:30:15"
  },
  {
    "zk_id": "95",
    "log_date": "2025-09-06",
    "time_in": "07:28:35",
    "time_out": "16:39:18"
  },
  {
    "zk_id": "95",
    "log_date": "2025-09-07",
    "time_in": "07:21:39",
    "time_out": "16:31:59"
  },
  {
    "zk_id": "95",
    "log_date": "2025-09-08",
    "time_in": "07:29:41",
    "time_out": "16:31:22"
  },
  {
    "zk_id": "95",
    "log_date": "2025-09-09",
    "time_in": "07:27:58",
    "time_out": "16:30:24"
  },
  {
    "zk_id": "95",
    "log_date": "2025-09-10",
    "time_in": "07:00:09",
    "time_out": "07:03:22"
  },
  {
    "zk_id": "95",
    "log_date": "2025-09-11",
    "time_in": "16:30:16",
    "time_out": "19:19:28"
  },
  {
    "zk_id": "95",
    "log_date": "2025-09-12",
    "time_in": "07:26:20",
    "time_out": "19:51:21"
  },
  {
    "zk_id": "95",
    "log_date": "2025-09-13",
    "time_in": "07:24:25",
    "time_out": "23:56:22"
  },
  {
    "zk_id": "95",
    "log_date": "2025-09-14",
    "time_in": "07:26:47",
    "time_out": "20:31:25"
  },
  {
    "zk_id": "95",
    "log_date": "2025-09-15",
    "time_in": "06:30:57",
    "time_out": "06:35:38"
  },
  {
    "zk_id": "95",
    "log_date": "2025-09-16",
    "time_in": "06:30:03",
    "time_out": "06:32:43"
  },
  {
    "zk_id": "95",
    "log_date": "2025-09-17",
    "time_in": "07:22:26",
    "time_out": "07:31:40"
  },
  {
    "zk_id": "95",
    "log_date": "2025-09-18",
    "time_in": "05:30:23",
    "time_out": "19:23:22"
  },
  {
    "zk_id": "95",
    "log_date": "2025-09-19",
    "time_in": "18:01:29",
    "time_out": "18:01:29"
  },
  {
    "zk_id": "95",
    "log_date": "2025-09-20",
    "time_in": "07:30:11",
    "time_out": "07:30:11"
  },
  {
    "zk_id": "95",
    "log_date": "2025-09-21",
    "time_in": "07:29:08",
    "time_out": "23:31:42"
  },
  {
    "zk_id": "95",
    "log_date": "2025-09-22",
    "time_in": "05:33:27",
    "time_out": "07:34:15"
  },
  {
    "zk_id": "95",
    "log_date": "2025-09-23",
    "time_in": "07:27:25",
    "time_out": "23:31:05"
  },
  {
    "zk_id": "95",
    "log_date": "2025-09-24",
    "time_in": "07:26:57",
    "time_out": "23:30:49"
  },
  {
    "zk_id": "95",
    "log_date": "2025-09-25",
    "time_in": "07:39:16",
    "time_out": "23:30:34"
  },
  {
    "zk_id": "95",
    "log_date": "2025-09-26",
    "time_in": "05:30:51",
    "time_out": "19:16:02"
  },
  {
    "zk_id": "95",
    "log_date": "2025-09-27",
    "time_in": "07:28:08",
    "time_out": "19:56:32"
  },
  {
    "zk_id": "95",
    "log_date": "2025-09-28",
    "time_in": "06:00:41",
    "time_out": "06:16:28"
  },
  {
    "zk_id": "96",
    "log_date": "2025-09-01",
    "time_in": "07:41:12",
    "time_out": "07:41:12"
  },
  {
    "zk_id": "96",
    "log_date": "2025-09-02",
    "time_in": "07:30:17",
    "time_out": "15:45:30"
  },
  {
    "zk_id": "96",
    "log_date": "2025-09-03",
    "time_in": "07:36:56",
    "time_out": "16:52:24"
  },
  {
    "zk_id": "96",
    "log_date": "2025-09-04",
    "time_in": "16:40:56",
    "time_out": "16:40:56"
  },
  {
    "zk_id": "96",
    "log_date": "2025-09-05",
    "time_in": "08:00:32",
    "time_out": "10:34:47"
  },
  {
    "zk_id": "96",
    "log_date": "2025-09-07",
    "time_in": "07:27:21",
    "time_out": "07:27:21"
  },
  {
    "zk_id": "96",
    "log_date": "2025-09-08",
    "time_in": "07:38:08",
    "time_out": "16:33:05"
  },
  {
    "zk_id": "96",
    "log_date": "2025-09-09",
    "time_in": "07:30:16",
    "time_out": "16:33:30"
  },
  {
    "zk_id": "96",
    "log_date": "2025-09-10",
    "time_in": "05:54:23",
    "time_out": "05:54:23"
  },
  {
    "zk_id": "96",
    "log_date": "2025-09-11",
    "time_in": "07:33:38",
    "time_out": "16:30:43"
  },
  {
    "zk_id": "96",
    "log_date": "2025-09-12",
    "time_in": "07:23:49",
    "time_out": "07:29:25"
  },
  {
    "zk_id": "96",
    "log_date": "2025-09-13",
    "time_in": "22:00:05",
    "time_out": "22:00:05"
  },
  {
    "zk_id": "96",
    "log_date": "2025-09-15",
    "time_in": "07:36:15",
    "time_out": "07:36:15"
  },
  {
    "zk_id": "96",
    "log_date": "2025-09-16",
    "time_in": "07:45:33",
    "time_out": "20:06:31"
  },
  {
    "zk_id": "96",
    "log_date": "2025-09-17",
    "time_in": "07:34:38",
    "time_out": "19:30:33"
  },
  {
    "zk_id": "96",
    "log_date": "2025-09-18",
    "time_in": "07:26:28",
    "time_out": "21:00:08"
  },
  {
    "zk_id": "96",
    "log_date": "2025-09-19",
    "time_in": "07:29:00",
    "time_out": "07:29:00"
  },
  {
    "zk_id": "96",
    "log_date": "2025-09-20",
    "time_in": "07:34:28",
    "time_out": "22:02:57"
  },
  {
    "zk_id": "96",
    "log_date": "2025-09-21",
    "time_in": "17:44:20",
    "time_out": "17:44:20"
  },
  {
    "zk_id": "96",
    "log_date": "2025-09-22",
    "time_in": "07:44:08",
    "time_out": "07:44:08"
  },
  {
    "zk_id": "96",
    "log_date": "2025-09-23",
    "time_in": "07:32:05",
    "time_out": "20:30:45"
  },
  {
    "zk_id": "96",
    "log_date": "2025-09-24",
    "time_in": "07:41:49",
    "time_out": "20:35:02"
  },
  {
    "zk_id": "96",
    "log_date": "2025-09-25",
    "time_in": "07:40:19",
    "time_out": "17:10:56"
  },
  {
    "zk_id": "96",
    "log_date": "2025-09-26",
    "time_in": "07:53:04",
    "time_out": "21:34:27"
  },
  {
    "zk_id": "96",
    "log_date": "2025-09-27",
    "time_in": "06:18:14",
    "time_out": "20:04:18"
  },
  {
    "zk_id": "97",
    "log_date": "2025-08-31",
    "time_in": "06:27:27",
    "time_out": "06:27:27"
  },
  {
    "zk_id": "97",
    "log_date": "2025-09-01",
    "time_in": "06:24:16",
    "time_out": "16:31:28"
  },
  {
    "zk_id": "97",
    "log_date": "2025-09-02",
    "time_in": "06:23:29",
    "time_out": "16:32:29"
  },
  {
    "zk_id": "97",
    "log_date": "2025-09-03",
    "time_in": "06:24:46",
    "time_out": "16:33:02"
  },
  {
    "zk_id": "97",
    "log_date": "2025-09-04",
    "time_in": "06:19:09",
    "time_out": "16:30:43"
  },
  {
    "zk_id": "97",
    "log_date": "2025-09-05",
    "time_in": "06:28:16",
    "time_out": "16:32:12"
  },
  {
    "zk_id": "97",
    "log_date": "2025-09-06",
    "time_in": "16:37:59",
    "time_out": "16:37:59"
  },
  {
    "zk_id": "97",
    "log_date": "2025-09-07",
    "time_in": "06:29:33",
    "time_out": "06:29:33"
  },
  {
    "zk_id": "97",
    "log_date": "2025-09-08",
    "time_in": "06:22:12",
    "time_out": "16:32:01"
  },
  {
    "zk_id": "97",
    "log_date": "2025-09-09",
    "time_in": "06:20:59",
    "time_out": "16:32:21"
  },
  {
    "zk_id": "97",
    "log_date": "2025-09-10",
    "time_in": "06:25:56",
    "time_out": "16:32:37"
  },
  {
    "zk_id": "97",
    "log_date": "2025-09-11",
    "time_in": "06:24:35",
    "time_out": "16:31:57"
  },
  {
    "zk_id": "97",
    "log_date": "2025-09-12",
    "time_in": "16:32:00",
    "time_out": "16:32:00"
  },
  {
    "zk_id": "97",
    "log_date": "2025-09-13",
    "time_in": "06:19:04",
    "time_out": "06:19:04"
  },
  {
    "zk_id": "97",
    "log_date": "2025-09-14",
    "time_in": "06:31:47",
    "time_out": "16:31:03"
  },
  {
    "zk_id": "97",
    "log_date": "2025-09-15",
    "time_in": "06:24:47",
    "time_out": "22:31:04"
  },
  {
    "zk_id": "97",
    "log_date": "2025-09-16",
    "time_in": "06:17:32",
    "time_out": "22:25:25"
  },
  {
    "zk_id": "97",
    "log_date": "2025-09-17",
    "time_in": "06:14:07",
    "time_out": "16:33:50"
  },
  {
    "zk_id": "97",
    "log_date": "2025-09-18",
    "time_in": "06:23:08",
    "time_out": "20:16:13"
  },
  {
    "zk_id": "97",
    "log_date": "2025-09-19",
    "time_in": "06:25:48",
    "time_out": "20:03:49"
  },
  {
    "zk_id": "97",
    "log_date": "2025-09-20",
    "time_in": "16:31:57",
    "time_out": "16:31:57"
  },
  {
    "zk_id": "97",
    "log_date": "2025-09-22",
    "time_in": "06:18:13",
    "time_out": "06:18:13"
  },
  {
    "zk_id": "97",
    "log_date": "2025-09-23",
    "time_in": "06:24:17",
    "time_out": "16:31:57"
  },
  {
    "zk_id": "97",
    "log_date": "2025-09-24",
    "time_in": "06:26:13",
    "time_out": "16:30:46"
  },
  {
    "zk_id": "97",
    "log_date": "2025-09-25",
    "time_in": "06:32:05",
    "time_out": "16:31:34"
  },
  {
    "zk_id": "97",
    "log_date": "2025-09-26",
    "time_in": "16:32:02",
    "time_out": "16:32:02"
  },
  {
    "zk_id": "97",
    "log_date": "2025-09-27",
    "time_in": "06:21:10",
    "time_out": "06:21:10"
  },
  {
    "zk_id": "97",
    "log_date": "2025-09-28",
    "time_in": "06:20:18",
    "time_out": "16:32:09"
  },
  {
    "zk_id": "98",
    "log_date": "2025-08-31",
    "time_in": "07:09:18",
    "time_out": "07:09:18"
  },
  {
    "zk_id": "98",
    "log_date": "2025-09-01",
    "time_in": "07:18:39",
    "time_out": "16:31:38"
  },
  {
    "zk_id": "98",
    "log_date": "2025-09-02",
    "time_in": "07:23:24",
    "time_out": "16:31:18"
  },
  {
    "zk_id": "98",
    "log_date": "2025-09-03",
    "time_in": "07:14:05",
    "time_out": "16:32:13"
  },
  {
    "zk_id": "98",
    "log_date": "2025-09-04",
    "time_in": "16:30:50",
    "time_out": "16:30:50"
  },
  {
    "zk_id": "98",
    "log_date": "2025-09-07",
    "time_in": "07:21:29",
    "time_out": "07:21:29"
  },
  {
    "zk_id": "98",
    "log_date": "2025-09-08",
    "time_in": "07:27:21",
    "time_out": "16:31:18"
  },
  {
    "zk_id": "98",
    "log_date": "2025-09-09",
    "time_in": "07:20:54",
    "time_out": "16:30:59"
  },
  {
    "zk_id": "98",
    "log_date": "2025-09-10",
    "time_in": "07:00:21",
    "time_out": "19:52:18"
  },
  {
    "zk_id": "98",
    "log_date": "2025-09-11",
    "time_in": "16:30:07",
    "time_out": "19:22:23"
  },
  {
    "zk_id": "98",
    "log_date": "2025-09-12",
    "time_in": "07:10:58",
    "time_out": "19:53:34"
  },
  {
    "zk_id": "98",
    "log_date": "2025-09-13",
    "time_in": "07:09:36",
    "time_out": "23:32:25"
  },
  {
    "zk_id": "98",
    "log_date": "2025-09-14",
    "time_in": "07:30:36",
    "time_out": "20:31:16"
  },
  {
    "zk_id": "98",
    "log_date": "2025-09-15",
    "time_in": "02:04:16",
    "time_out": "07:51:43"
  },
  {
    "zk_id": "98",
    "log_date": "2025-09-16",
    "time_in": "12:02:22",
    "time_out": "12:02:22"
  },
  {
    "zk_id": "98",
    "log_date": "2025-09-17",
    "time_in": "07:25:44",
    "time_out": "07:25:44"
  },
  {
    "zk_id": "98",
    "log_date": "2025-09-18",
    "time_in": "05:30:24",
    "time_out": "19:18:29"
  },
  {
    "zk_id": "98",
    "log_date": "2025-09-19",
    "time_in": "07:31:00",
    "time_out": "23:30:03"
  },
  {
    "zk_id": "98",
    "log_date": "2025-09-20",
    "time_in": "06:30:12",
    "time_out": "06:35:42"
  },
  {
    "zk_id": "98",
    "log_date": "2025-09-21",
    "time_in": "07:22:45",
    "time_out": "20:00:37"
  },
  {
    "zk_id": "98",
    "log_date": "2025-09-22",
    "time_in": "05:31:41",
    "time_out": "07:29:12"
  },
  {
    "zk_id": "98",
    "log_date": "2025-09-23",
    "time_in": "07:36:19",
    "time_out": "23:31:01"
  },
  {
    "zk_id": "98",
    "log_date": "2025-09-24",
    "time_in": "07:16:15",
    "time_out": "23:31:26"
  },
  {
    "zk_id": "98",
    "log_date": "2025-09-25",
    "time_in": "07:36:07",
    "time_out": "23:30:57"
  },
  {
    "zk_id": "98",
    "log_date": "2025-09-26",
    "time_in": "05:30:17",
    "time_out": "19:31:19"
  },
  {
    "zk_id": "98",
    "log_date": "2025-09-27",
    "time_in": "06:57:16",
    "time_out": "19:14:29"
  },
  {
    "zk_id": "98",
    "log_date": "2025-09-28",
    "time_in": "05:37:16",
    "time_out": "05:37:16"
  },
  {
    "zk_id": "98",
    "log_date": "2025-09-29",
    "time_in": "12:54:16",
    "time_out": "12:54:16"
  }
]

=== IMPORT RESULTS ===
Status: processing
Total processed: 2152
Inserted: 0
Skipped: 0
Failed: 0

=== ERRORS ===
No errors

=== END OF LOG ===