=== IMPORT ATTENDANCE LOG ===
Timestamp: 2026-05-05T07:10:27.839Z
File: ZJW2241900039_attlog (3).dat
Size: 128330 bytes
MIME Type: application/octet-stream

=== ALL FILE CONTENT ===
Total records found: 1863
[
  {
    "zk_id": "0023",
    "log_date": "2026-04-01",
    "time_in": "07:30:36",
    "time_out": "19:47:54"
  },
  {
    "zk_id": "0023",
    "log_date": "2026-04-02",
    "time_in": "07:35:58",
    "time_out": "20:18:11"
  },
  {
    "zk_id": "0023",
    "log_date": "2026-04-03",
    "time_in": "07:41:46",
    "time_out": "17:21:04"
  },
  {
    "zk_id": "0023",
    "log_date": "2026-04-05",
    "time_in": "07:46:58",
    "time_out": "17:18:09"
  },
  {
    "zk_id": "0023",
    "log_date": "2026-04-06",
    "time_in": "07:24:55",
    "time_out": "20:18:06"
  },
  {
    "zk_id": "0023",
    "log_date": "2026-04-07",
    "time_in": "08:00:39",
    "time_out": "17:20:30"
  },
  {
    "zk_id": "0023",
    "log_date": "2026-04-08",
    "time_in": "07:41:02",
    "time_out": "17:11:10"
  },
  {
    "zk_id": "0023",
    "log_date": "2026-04-09",
    "time_in": "07:37:39",
    "time_out": "19:36:52"
  },
  {
    "zk_id": "0023",
    "log_date": "2026-04-10",
    "time_in": "19:51:19",
    "time_out": "19:51:19"
  },
  {
    "zk_id": "0023",
    "log_date": "2026-04-11",
    "time_in": "07:31:47",
    "time_out": "19:23:54"
  },
  {
    "zk_id": "0023",
    "log_date": "2026-04-13",
    "time_in": "07:39:23",
    "time_out": "17:23:52"
  },
  {
    "zk_id": "0023",
    "log_date": "2026-04-14",
    "time_in": "07:33:52",
    "time_out": "20:18:25"
  },
  {
    "zk_id": "0023",
    "log_date": "2026-04-15",
    "time_in": "07:45:39",
    "time_out": "20:19:24"
  },
  {
    "zk_id": "0023",
    "log_date": "2026-04-17",
    "time_in": "08:26:24",
    "time_out": "08:26:24"
  },
  {
    "zk_id": "0023",
    "log_date": "2026-04-18",
    "time_in": "07:36:09",
    "time_out": "20:20:55"
  },
  {
    "zk_id": "0023",
    "log_date": "2026-04-19",
    "time_in": "06:27:39",
    "time_out": "20:18:58"
  },
  {
    "zk_id": "0023",
    "log_date": "2026-04-20",
    "time_in": "07:32:11",
    "time_out": "19:33:19"
  },
  {
    "zk_id": "0023",
    "log_date": "2026-04-21",
    "time_in": "07:45:29",
    "time_out": "19:34:17"
  },
  {
    "zk_id": "0023",
    "log_date": "2026-04-22",
    "time_in": "08:20:53",
    "time_out": "08:20:53"
  },
  {
    "zk_id": "0023",
    "log_date": "2026-04-23",
    "time_in": "07:46:30",
    "time_out": "07:46:30"
  },
  {
    "zk_id": "0023",
    "log_date": "2026-04-26",
    "time_in": "07:53:10",
    "time_out": "19:40:42"
  },
  {
    "zk_id": "0023",
    "log_date": "2026-04-27",
    "time_in": "07:39:17",
    "time_out": "07:39:17"
  },
  {
    "zk_id": "1",
    "log_date": "2026-04-01",
    "time_in": "07:45:27",
    "time_out": "07:45:27"
  },
  {
    "zk_id": "1",
    "log_date": "2026-04-02",
    "time_in": "07:58:41",
    "time_out": "07:58:41"
  },
  {
    "zk_id": "1",
    "log_date": "2026-04-04",
    "time_in": "07:53:10",
    "time_out": "07:53:10"
  },
  {
    "zk_id": "1",
    "log_date": "2026-04-06",
    "time_in": "07:46:13",
    "time_out": "17:19:07"
  },
  {
    "zk_id": "1",
    "log_date": "2026-04-07",
    "time_in": "07:43:56",
    "time_out": "17:20:19"
  },
  {
    "zk_id": "1",
    "log_date": "2026-04-08",
    "time_in": "07:25:50",
    "time_out": "17:20:58"
  },
  {
    "zk_id": "1",
    "log_date": "2026-04-09",
    "time_in": "07:44:12",
    "time_out": "07:44:12"
  },
  {
    "zk_id": "1",
    "log_date": "2026-04-10",
    "time_in": "16:59:49",
    "time_out": "16:59:49"
  },
  {
    "zk_id": "1",
    "log_date": "2026-04-11",
    "time_in": "07:10:03",
    "time_out": "17:14:53"
  },
  {
    "zk_id": "1",
    "log_date": "2026-04-13",
    "time_in": "07:46:19",
    "time_out": "17:18:58"
  },
  {
    "zk_id": "1",
    "log_date": "2026-04-14",
    "time_in": "07:35:02",
    "time_out": "07:35:02"
  },
  {
    "zk_id": "1",
    "log_date": "2026-04-15",
    "time_in": "17:20:18",
    "time_out": "17:20:18"
  },
  {
    "zk_id": "1",
    "log_date": "2026-04-16",
    "time_in": "07:29:59",
    "time_out": "17:19:32"
  },
  {
    "zk_id": "1",
    "log_date": "2026-04-17",
    "time_in": "07:37:17",
    "time_out": "17:18:52"
  },
  {
    "zk_id": "1",
    "log_date": "2026-04-18",
    "time_in": "07:47:27",
    "time_out": "07:47:27"
  },
  {
    "zk_id": "1",
    "log_date": "2026-04-19",
    "time_in": "08:11:47",
    "time_out": "08:11:47"
  },
  {
    "zk_id": "1",
    "log_date": "2026-04-20",
    "time_in": "07:56:41",
    "time_out": "17:12:40"
  },
  {
    "zk_id": "1",
    "log_date": "2026-04-23",
    "time_in": "07:38:55",
    "time_out": "17:19:40"
  },
  {
    "zk_id": "1",
    "log_date": "2026-04-24",
    "time_in": "07:50:50",
    "time_out": "07:50:50"
  },
  {
    "zk_id": "1",
    "log_date": "2026-04-26",
    "time_in": "07:47:57",
    "time_out": "07:47:57"
  },
  {
    "zk_id": "10",
    "log_date": "2026-04-01",
    "time_in": "07:37:41",
    "time_out": "07:37:41"
  },
  {
    "zk_id": "10",
    "log_date": "2026-04-02",
    "time_in": "07:35:56",
    "time_out": "20:18:22"
  },
  {
    "zk_id": "10",
    "log_date": "2026-04-03",
    "time_in": "07:36:47",
    "time_out": "20:14:42"
  },
  {
    "zk_id": "10",
    "log_date": "2026-04-04",
    "time_in": "07:39:32",
    "time_out": "07:39:32"
  },
  {
    "zk_id": "10",
    "log_date": "2026-04-05",
    "time_in": "08:11:59",
    "time_out": "19:14:10"
  },
  {
    "zk_id": "10",
    "log_date": "2026-04-07",
    "time_in": "07:30:27",
    "time_out": "07:30:27"
  },
  {
    "zk_id": "10",
    "log_date": "2026-04-08",
    "time_in": "08:24:46",
    "time_out": "08:24:46"
  },
  {
    "zk_id": "10",
    "log_date": "2026-04-09",
    "time_in": "07:31:18",
    "time_out": "17:15:59"
  },
  {
    "zk_id": "10",
    "log_date": "2026-04-10",
    "time_in": "07:20:47",
    "time_out": "20:19:06"
  },
  {
    "zk_id": "10",
    "log_date": "2026-04-11",
    "time_in": "07:31:41",
    "time_out": "07:31:41"
  },
  {
    "zk_id": "10",
    "log_date": "2026-04-12",
    "time_in": "08:11:49",
    "time_out": "19:17:51"
  },
  {
    "zk_id": "10",
    "log_date": "2026-04-13",
    "time_in": "08:19:11",
    "time_out": "19:34:12"
  },
  {
    "zk_id": "10",
    "log_date": "2026-04-14",
    "time_in": "20:19:17",
    "time_out": "20:19:17"
  },
  {
    "zk_id": "10",
    "log_date": "2026-04-15",
    "time_in": "07:17:23",
    "time_out": "07:17:23"
  },
  {
    "zk_id": "10",
    "log_date": "2026-04-16",
    "time_in": "08:14:01",
    "time_out": "08:14:01"
  },
  {
    "zk_id": "10",
    "log_date": "2026-04-17",
    "time_in": "07:38:42",
    "time_out": "17:19:34"
  },
  {
    "zk_id": "10",
    "log_date": "2026-04-18",
    "time_in": "07:38:45",
    "time_out": "20:18:33"
  },
  {
    "zk_id": "10",
    "log_date": "2026-04-19",
    "time_in": "07:35:47",
    "time_out": "20:18:42"
  },
  {
    "zk_id": "10",
    "log_date": "2026-04-20",
    "time_in": "19:28:24",
    "time_out": "19:28:24"
  },
  {
    "zk_id": "10",
    "log_date": "2026-04-21",
    "time_in": "08:19:14",
    "time_out": "19:26:34"
  },
  {
    "zk_id": "10",
    "log_date": "2026-04-22",
    "time_in": "08:19:44",
    "time_out": "08:19:44"
  },
  {
    "zk_id": "100",
    "log_date": "2026-04-01",
    "time_in": "16:33:19",
    "time_out": "16:33:19"
  },
  {
    "zk_id": "100",
    "log_date": "2026-04-02",
    "time_in": "07:03:49",
    "time_out": "16:02:42"
  },
  {
    "zk_id": "100",
    "log_date": "2026-04-03",
    "time_in": "07:23:48",
    "time_out": "16:32:33"
  },
  {
    "zk_id": "100",
    "log_date": "2026-04-04",
    "time_in": "07:23:22",
    "time_out": "16:32:49"
  },
  {
    "zk_id": "100",
    "log_date": "2026-04-06",
    "time_in": "07:14:56",
    "time_out": "16:32:56"
  },
  {
    "zk_id": "100",
    "log_date": "2026-04-07",
    "time_in": "07:19:31",
    "time_out": "16:30:14"
  },
  {
    "zk_id": "100",
    "log_date": "2026-04-08",
    "time_in": "07:19:09",
    "time_out": "16:30:36"
  },
  {
    "zk_id": "100",
    "log_date": "2026-04-09",
    "time_in": "07:27:03",
    "time_out": "16:32:46"
  },
  {
    "zk_id": "100",
    "log_date": "2026-04-10",
    "time_in": "07:31:15",
    "time_out": "16:32:55"
  },
  {
    "zk_id": "100",
    "log_date": "2026-04-11",
    "time_in": "07:28:39",
    "time_out": "16:33:00"
  },
  {
    "zk_id": "100",
    "log_date": "2026-04-13",
    "time_in": "16:32:52",
    "time_out": "16:32:52"
  },
  {
    "zk_id": "100",
    "log_date": "2026-04-15",
    "time_in": "07:18:55",
    "time_out": "16:32:55"
  },
  {
    "zk_id": "100",
    "log_date": "2026-04-16",
    "time_in": "06:50:40",
    "time_out": "16:03:07"
  },
  {
    "zk_id": "100",
    "log_date": "2026-04-17",
    "time_in": "07:12:39",
    "time_out": "16:33:16"
  },
  {
    "zk_id": "100",
    "log_date": "2026-04-18",
    "time_in": "06:59:42",
    "time_out": "16:01:08"
  },
  {
    "zk_id": "100",
    "log_date": "2026-04-20",
    "time_in": "07:14:09",
    "time_out": "16:31:24"
  },
  {
    "zk_id": "100",
    "log_date": "2026-04-21",
    "time_in": "07:22:24",
    "time_out": "16:30:07"
  },
  {
    "zk_id": "100",
    "log_date": "2026-04-22",
    "time_in": "07:16:37",
    "time_out": "16:32:21"
  },
  {
    "zk_id": "100",
    "log_date": "2026-04-23",
    "time_in": "06:55:50",
    "time_out": "16:00:57"
  },
  {
    "zk_id": "100",
    "log_date": "2026-04-24",
    "time_in": "07:18:44",
    "time_out": "16:32:34"
  },
  {
    "zk_id": "100",
    "log_date": "2026-04-25",
    "time_in": "07:22:39",
    "time_out": "07:25:55"
  },
  {
    "zk_id": "106",
    "log_date": "2026-04-01",
    "time_in": "08:21:56",
    "time_out": "19:41:38"
  },
  {
    "zk_id": "106",
    "log_date": "2026-04-03",
    "time_in": "07:57:03",
    "time_out": "07:57:03"
  },
  {
    "zk_id": "106",
    "log_date": "2026-04-05",
    "time_in": "07:34:01",
    "time_out": "17:12:49"
  },
  {
    "zk_id": "106",
    "log_date": "2026-04-06",
    "time_in": "07:33:27",
    "time_out": "07:33:27"
  },
  {
    "zk_id": "106",
    "log_date": "2026-04-07",
    "time_in": "08:08:27",
    "time_out": "20:13:51"
  },
  {
    "zk_id": "106",
    "log_date": "2026-04-08",
    "time_in": "19:38:59",
    "time_out": "19:38:59"
  },
  {
    "zk_id": "106",
    "log_date": "2026-04-09",
    "time_in": "08:13:11",
    "time_out": "19:49:33"
  },
  {
    "zk_id": "106",
    "log_date": "2026-04-10",
    "time_in": "18:13:59",
    "time_out": "18:13:59"
  },
  {
    "zk_id": "106",
    "log_date": "2026-04-12",
    "time_in": "07:34:57",
    "time_out": "20:19:30"
  },
  {
    "zk_id": "106",
    "log_date": "2026-04-13",
    "time_in": "07:25:17",
    "time_out": "17:19:00"
  },
  {
    "zk_id": "106",
    "log_date": "2026-04-14",
    "time_in": "07:42:03",
    "time_out": "20:23:41"
  },
  {
    "zk_id": "106",
    "log_date": "2026-04-15",
    "time_in": "07:36:45",
    "time_out": "20:24:34"
  },
  {
    "zk_id": "106",
    "log_date": "2026-04-16",
    "time_in": "08:01:45",
    "time_out": "19:44:39"
  },
  {
    "zk_id": "106",
    "log_date": "2026-04-17",
    "time_in": "08:26:14",
    "time_out": "19:41:04"
  },
  {
    "zk_id": "106",
    "log_date": "2026-04-18",
    "time_in": "08:18:22",
    "time_out": "19:42:42"
  },
  {
    "zk_id": "106",
    "log_date": "2026-04-19",
    "time_in": "08:22:43",
    "time_out": "08:22:43"
  },
  {
    "zk_id": "106",
    "log_date": "2026-04-22",
    "time_in": "07:41:03",
    "time_out": "19:17:37"
  },
  {
    "zk_id": "106",
    "log_date": "2026-04-23",
    "time_in": "07:42:15",
    "time_out": "19:18:20"
  },
  {
    "zk_id": "106",
    "log_date": "2026-04-24",
    "time_in": "19:54:26",
    "time_out": "19:54:26"
  },
  {
    "zk_id": "106",
    "log_date": "2026-04-25",
    "time_in": "08:15:23",
    "time_out": "19:53:55"
  },
  {
    "zk_id": "106",
    "log_date": "2026-04-26",
    "time_in": "08:14:51",
    "time_out": "08:14:51"
  },
  {
    "zk_id": "11",
    "log_date": "2026-04-01",
    "time_in": "07:52:14",
    "time_out": "20:12:16"
  },
  {
    "zk_id": "11",
    "log_date": "2026-04-02",
    "time_in": "19:49:58",
    "time_out": "19:49:58"
  },
  {
    "zk_id": "11",
    "log_date": "2026-04-03",
    "time_in": "08:12:42",
    "time_out": "19:50:41"
  },
  {
    "zk_id": "11",
    "log_date": "2026-04-04",
    "time_in": "08:12:47",
    "time_out": "19:41:46"
  },
  {
    "zk_id": "11",
    "log_date": "2026-04-05",
    "time_in": "08:12:12",
    "time_out": "19:37:14"
  },
  {
    "zk_id": "11",
    "log_date": "2026-04-06",
    "time_in": "08:20:38",
    "time_out": "08:20:38"
  },
  {
    "zk_id": "11",
    "log_date": "2026-04-07",
    "time_in": "07:59:17",
    "time_out": "17:18:31"
  },
  {
    "zk_id": "11",
    "log_date": "2026-04-08",
    "time_in": "07:59:39",
    "time_out": "20:17:54"
  },
  {
    "zk_id": "11",
    "log_date": "2026-04-09",
    "time_in": "07:59:05",
    "time_out": "07:59:05"
  },
  {
    "zk_id": "11",
    "log_date": "2026-04-10",
    "time_in": "06:21:21",
    "time_out": "19:51:15"
  },
  {
    "zk_id": "11",
    "log_date": "2026-04-11",
    "time_in": "08:13:19",
    "time_out": "19:41:59"
  },
  {
    "zk_id": "11",
    "log_date": "2026-04-12",
    "time_in": "08:13:57",
    "time_out": "19:54:02"
  },
  {
    "zk_id": "11",
    "log_date": "2026-04-13",
    "time_in": "08:19:47",
    "time_out": "19:46:48"
  },
  {
    "zk_id": "11",
    "log_date": "2026-04-14",
    "time_in": "08:20:37",
    "time_out": "19:49:13"
  },
  {
    "zk_id": "11",
    "log_date": "2026-04-15",
    "time_in": "17:18:26",
    "time_out": "17:18:26"
  },
  {
    "zk_id": "11",
    "log_date": "2026-04-16",
    "time_in": "07:50:27",
    "time_out": "20:18:57"
  },
  {
    "zk_id": "11",
    "log_date": "2026-04-17",
    "time_in": "07:58:46",
    "time_out": "07:58:46"
  },
  {
    "zk_id": "11",
    "log_date": "2026-04-18",
    "time_in": "19:35:54",
    "time_out": "19:35:54"
  },
  {
    "zk_id": "11",
    "log_date": "2026-04-19",
    "time_in": "08:19:00",
    "time_out": "19:52:46"
  },
  {
    "zk_id": "11",
    "log_date": "2026-04-20",
    "time_in": "08:20:42",
    "time_out": "19:50:53"
  },
  {
    "zk_id": "11",
    "log_date": "2026-04-21",
    "time_in": "08:19:38",
    "time_out": "20:05:45"
  },
  {
    "zk_id": "11",
    "log_date": "2026-04-22",
    "time_in": "08:20:03",
    "time_out": "08:20:03"
  },
  {
    "zk_id": "11",
    "log_date": "2026-04-23",
    "time_in": "08:00:33",
    "time_out": "17:20:09"
  },
  {
    "zk_id": "11",
    "log_date": "2026-04-24",
    "time_in": "07:50:46",
    "time_out": "20:20:39"
  },
  {
    "zk_id": "11",
    "log_date": "2026-04-25",
    "time_in": "07:53:00",
    "time_out": "07:53:00"
  },
  {
    "zk_id": "11",
    "log_date": "2026-04-26",
    "time_in": "19:58:37",
    "time_out": "19:58:37"
  },
  {
    "zk_id": "11",
    "log_date": "2026-04-27",
    "time_in": "08:17:50",
    "time_out": "08:17:50"
  },
  {
    "zk_id": "110",
    "log_date": "2026-04-01",
    "time_in": "07:27:27",
    "time_out": "16:32:45"
  },
  {
    "zk_id": "110",
    "log_date": "2026-04-02",
    "time_in": "07:28:48",
    "time_out": "16:32:34"
  },
  {
    "zk_id": "110",
    "log_date": "2026-04-03",
    "time_in": "07:30:40",
    "time_out": "16:32:54"
  },
  {
    "zk_id": "110",
    "log_date": "2026-04-04",
    "time_in": "07:31:32",
    "time_out": "16:32:41"
  },
  {
    "zk_id": "110",
    "log_date": "2026-04-06",
    "time_in": "07:31:17",
    "time_out": "16:33:03"
  },
  {
    "zk_id": "110",
    "log_date": "2026-04-07",
    "time_in": "07:28:56",
    "time_out": "16:33:07"
  },
  {
    "zk_id": "110",
    "log_date": "2026-04-08",
    "time_in": "07:30:19",
    "time_out": "16:33:07"
  },
  {
    "zk_id": "110",
    "log_date": "2026-04-09",
    "time_in": "07:32:53",
    "time_out": "16:32:42"
  },
  {
    "zk_id": "110",
    "log_date": "2026-04-10",
    "time_in": "07:37:53",
    "time_out": "16:32:47"
  },
  {
    "zk_id": "110",
    "log_date": "2026-04-11",
    "time_in": "07:25:09",
    "time_out": "16:31:41"
  },
  {
    "zk_id": "110",
    "log_date": "2026-04-13",
    "time_in": "07:32:42",
    "time_out": "20:32:38"
  },
  {
    "zk_id": "110",
    "log_date": "2026-04-14",
    "time_in": "07:31:10",
    "time_out": "07:31:10"
  },
  {
    "zk_id": "110",
    "log_date": "2026-04-15",
    "time_in": "00:32:48",
    "time_out": "07:48:20"
  },
  {
    "zk_id": "110",
    "log_date": "2026-04-16",
    "time_in": "00:32:50",
    "time_out": "16:03:13"
  },
  {
    "zk_id": "110",
    "log_date": "2026-04-17",
    "time_in": "07:29:13",
    "time_out": "20:32:45"
  },
  {
    "zk_id": "110",
    "log_date": "2026-04-18",
    "time_in": "07:33:38",
    "time_out": "22:32:51"
  },
  {
    "zk_id": "110",
    "log_date": "2026-04-20",
    "time_in": "07:20:47",
    "time_out": "20:30:49"
  },
  {
    "zk_id": "110",
    "log_date": "2026-04-21",
    "time_in": "07:32:29",
    "time_out": "16:32:21"
  },
  {
    "zk_id": "110",
    "log_date": "2026-04-22",
    "time_in": "07:32:29",
    "time_out": "23:30:57"
  },
  {
    "zk_id": "110",
    "log_date": "2026-04-23",
    "time_in": "07:02:47",
    "time_out": "07:02:47"
  },
  {
    "zk_id": "110",
    "log_date": "2026-04-24",
    "time_in": "00:01:20",
    "time_out": "20:31:13"
  },
  {
    "zk_id": "110",
    "log_date": "2026-04-25",
    "time_in": "07:27:31",
    "time_out": "22:30:41"
  },
  {
    "zk_id": "110",
    "log_date": "2026-04-27",
    "time_in": "07:24:46",
    "time_out": "07:24:46"
  },
  {
    "zk_id": "111",
    "log_date": "2026-04-01",
    "time_in": "06:10:52",
    "time_out": "15:07:29"
  },
  {
    "zk_id": "111",
    "log_date": "2026-04-02",
    "time_in": "06:10:58",
    "time_out": "15:02:31"
  },
  {
    "zk_id": "111",
    "log_date": "2026-04-06",
    "time_in": "06:04:44",
    "time_out": "06:04:44"
  },
  {
    "zk_id": "111",
    "log_date": "2026-04-07",
    "time_in": "06:19:05",
    "time_out": "15:12:20"
  },
  {
    "zk_id": "111",
    "log_date": "2026-04-08",
    "time_in": "06:17:38",
    "time_out": "15:01:32"
  },
  {
    "zk_id": "111",
    "log_date": "2026-04-10",
    "time_in": "06:07:53",
    "time_out": "15:00:26"
  },
  {
    "zk_id": "111",
    "log_date": "2026-04-11",
    "time_in": "06:05:09",
    "time_out": "15:01:49"
  },
  {
    "zk_id": "111",
    "log_date": "2026-04-13",
    "time_in": "05:45:45",
    "time_out": "15:14:39"
  },
  {
    "zk_id": "111",
    "log_date": "2026-04-14",
    "time_in": "06:02:41",
    "time_out": "15:06:32"
  },
  {
    "zk_id": "111",
    "log_date": "2026-04-15",
    "time_in": "06:03:02",
    "time_out": "06:03:02"
  },
  {
    "zk_id": "111",
    "log_date": "2026-04-16",
    "time_in": "06:07:20",
    "time_out": "15:01:25"
  },
  {
    "zk_id": "111",
    "log_date": "2026-04-17",
    "time_in": "05:56:01",
    "time_out": "15:02:18"
  },
  {
    "zk_id": "111",
    "log_date": "2026-04-18",
    "time_in": "06:05:35",
    "time_out": "15:00:42"
  },
  {
    "zk_id": "111",
    "log_date": "2026-04-20",
    "time_in": "05:53:08",
    "time_out": "15:00:25"
  },
  {
    "zk_id": "111",
    "log_date": "2026-04-21",
    "time_in": "06:13:36",
    "time_out": "15:02:02"
  },
  {
    "zk_id": "111",
    "log_date": "2026-04-22",
    "time_in": "06:12:27",
    "time_out": "15:03:27"
  },
  {
    "zk_id": "111",
    "log_date": "2026-04-23",
    "time_in": "06:07:51",
    "time_out": "15:04:57"
  },
  {
    "zk_id": "111",
    "log_date": "2026-04-24",
    "time_in": "05:59:33",
    "time_out": "15:04:26"
  },
  {
    "zk_id": "111",
    "log_date": "2026-04-25",
    "time_in": "06:14:19",
    "time_out": "10:17:56"
  },
  {
    "zk_id": "12",
    "log_date": "2026-04-01",
    "time_in": "07:08:29",
    "time_out": "20:12:08"
  },
  {
    "zk_id": "12",
    "log_date": "2026-04-02",
    "time_in": "07:10:08",
    "time_out": "07:10:08"
  },
  {
    "zk_id": "12",
    "log_date": "2026-04-03",
    "time_in": "08:12:47",
    "time_out": "19:12:53"
  },
  {
    "zk_id": "12",
    "log_date": "2026-04-04",
    "time_in": "20:12:15",
    "time_out": "20:12:15"
  },
  {
    "zk_id": "12",
    "log_date": "2026-04-05",
    "time_in": "07:12:24",
    "time_out": "20:19:01"
  },
  {
    "zk_id": "12",
    "log_date": "2026-04-06",
    "time_in": "07:15:45",
    "time_out": "20:13:51"
  },
  {
    "zk_id": "12",
    "log_date": "2026-04-07",
    "time_in": "07:03:39",
    "time_out": "17:15:41"
  },
  {
    "zk_id": "12",
    "log_date": "2026-04-08",
    "time_in": "07:15:16",
    "time_out": "20:13:19"
  },
  {
    "zk_id": "12",
    "log_date": "2026-04-09",
    "time_in": "07:12:17",
    "time_out": "07:12:17"
  },
  {
    "zk_id": "12",
    "log_date": "2026-04-10",
    "time_in": "06:19:42",
    "time_out": "19:15:01"
  },
  {
    "zk_id": "12",
    "log_date": "2026-04-11",
    "time_in": "08:13:14",
    "time_out": "19:18:33"
  },
  {
    "zk_id": "12",
    "log_date": "2026-04-12",
    "time_in": "20:18:40",
    "time_out": "20:18:40"
  },
  {
    "zk_id": "12",
    "log_date": "2026-04-13",
    "time_in": "07:08:53",
    "time_out": "20:18:47"
  },
  {
    "zk_id": "12",
    "log_date": "2026-04-15",
    "time_in": "07:17:59",
    "time_out": "17:18:43"
  },
  {
    "zk_id": "12",
    "log_date": "2026-04-16",
    "time_in": "07:13:43",
    "time_out": "20:18:28"
  },
  {
    "zk_id": "12",
    "log_date": "2026-04-17",
    "time_in": "07:10:37",
    "time_out": "07:10:37"
  },
  {
    "zk_id": "12",
    "log_date": "2026-04-18",
    "time_in": "19:20:11",
    "time_out": "19:20:11"
  },
  {
    "zk_id": "12",
    "log_date": "2026-04-19",
    "time_in": "08:11:54",
    "time_out": "19:13:44"
  },
  {
    "zk_id": "12",
    "log_date": "2026-04-20",
    "time_in": "08:18:38",
    "time_out": "19:13:17"
  },
  {
    "zk_id": "12",
    "log_date": "2026-04-21",
    "time_in": "08:18:50",
    "time_out": "19:11:51"
  },
  {
    "zk_id": "12",
    "log_date": "2026-04-22",
    "time_in": "08:18:55",
    "time_out": "08:18:55"
  },
  {
    "zk_id": "12",
    "log_date": "2026-04-23",
    "time_in": "07:10:18",
    "time_out": "17:18:59"
  },
  {
    "zk_id": "12",
    "log_date": "2026-04-24",
    "time_in": "07:08:34",
    "time_out": "20:18:54"
  },
  {
    "zk_id": "12",
    "log_date": "2026-04-25",
    "time_in": "07:14:17",
    "time_out": "07:14:17"
  },
  {
    "zk_id": "12",
    "log_date": "2026-04-26",
    "time_in": "08:14:57",
    "time_out": "19:22:03"
  },
  {
    "zk_id": "12",
    "log_date": "2026-04-27",
    "time_in": "08:13:54",
    "time_out": "08:13:54"
  },
  {
    "zk_id": "120",
    "log_date": "2026-04-01",
    "time_in": "07:37:42",
    "time_out": "16:49:03"
  },
  {
    "zk_id": "120",
    "log_date": "2026-04-02",
    "time_in": "16:33:33",
    "time_out": "16:33:33"
  },
  {
    "zk_id": "120",
    "log_date": "2026-04-03",
    "time_in": "07:37:31",
    "time_out": "16:31:26"
  },
  {
    "zk_id": "120",
    "log_date": "2026-04-06",
    "time_in": "06:56:56",
    "time_out": "16:33:31"
  },
  {
    "zk_id": "120",
    "log_date": "2026-04-07",
    "time_in": "07:10:28",
    "time_out": "16:32:59"
  },
  {
    "zk_id": "120",
    "log_date": "2026-04-09",
    "time_in": "07:09:01",
    "time_out": "16:32:56"
  },
  {
    "zk_id": "120",
    "log_date": "2026-04-10",
    "time_in": "07:16:56",
    "time_out": "07:16:56"
  },
  {
    "zk_id": "120",
    "log_date": "2026-04-11",
    "time_in": "07:32:34",
    "time_out": "07:32:34"
  },
  {
    "zk_id": "120",
    "log_date": "2026-04-13",
    "time_in": "07:13:36",
    "time_out": "16:31:40"
  },
  {
    "zk_id": "120",
    "log_date": "2026-04-14",
    "time_in": "07:31:27",
    "time_out": "16:36:05"
  },
  {
    "zk_id": "120",
    "log_date": "2026-04-15",
    "time_in": "07:31:51",
    "time_out": "16:52:12"
  },
  {
    "zk_id": "120",
    "log_date": "2026-04-16",
    "time_in": "07:06:39",
    "time_out": "07:06:39"
  },
  {
    "zk_id": "120",
    "log_date": "2026-04-17",
    "time_in": "16:40:50",
    "time_out": "16:40:50"
  },
  {
    "zk_id": "120",
    "log_date": "2026-04-18",
    "time_in": "07:39:32",
    "time_out": "07:39:32"
  },
  {
    "zk_id": "120",
    "log_date": "2026-04-21",
    "time_in": "06:47:02",
    "time_out": "16:32:36"
  },
  {
    "zk_id": "120",
    "log_date": "2026-04-22",
    "time_in": "16:32:18",
    "time_out": "16:32:18"
  },
  {
    "zk_id": "120",
    "log_date": "2026-04-23",
    "time_in": "06:49:27",
    "time_out": "17:09:05"
  },
  {
    "zk_id": "120",
    "log_date": "2026-04-24",
    "time_in": "07:19:40",
    "time_out": "16:32:07"
  },
  {
    "zk_id": "120",
    "log_date": "2026-04-25",
    "time_in": "07:30:15",
    "time_out": "16:32:33"
  },
  {
    "zk_id": "127",
    "log_date": "2026-04-01",
    "time_in": "08:24:22",
    "time_out": "19:41:11"
  },
  {
    "zk_id": "127",
    "log_date": "2026-04-02",
    "time_in": "17:19:58",
    "time_out": "17:19:58"
  },
  {
    "zk_id": "127",
    "log_date": "2026-04-04",
    "time_in": "07:49:41",
    "time_out": "20:20:21"
  },
  {
    "zk_id": "127",
    "log_date": "2026-04-05",
    "time_in": "07:56:20",
    "time_out": "07:56:20"
  },
  {
    "zk_id": "127",
    "log_date": "2026-04-06",
    "time_in": "08:20:45",
    "time_out": "19:54:10"
  },
  {
    "zk_id": "127",
    "log_date": "2026-04-07",
    "time_in": "08:21:43",
    "time_out": "19:51:31"
  },
  {
    "zk_id": "127",
    "log_date": "2026-04-08",
    "time_in": "20:20:22",
    "time_out": "20:20:22"
  },
  {
    "zk_id": "127",
    "log_date": "2026-04-09",
    "time_in": "08:11:38",
    "time_out": "08:11:38"
  },
  {
    "zk_id": "127",
    "log_date": "2026-04-10",
    "time_in": "06:19:58",
    "time_out": "19:29:26"
  },
  {
    "zk_id": "127",
    "log_date": "2026-04-11",
    "time_in": "17:21:16",
    "time_out": "17:21:16"
  },
  {
    "zk_id": "127",
    "log_date": "2026-04-12",
    "time_in": "07:58:07",
    "time_out": "20:20:44"
  },
  {
    "zk_id": "127",
    "log_date": "2026-04-13",
    "time_in": "07:47:35",
    "time_out": "20:22:31"
  },
  {
    "zk_id": "127",
    "log_date": "2026-04-14",
    "time_in": "08:01:12",
    "time_out": "08:01:12"
  },
  {
    "zk_id": "127",
    "log_date": "2026-04-15",
    "time_in": "08:20:43",
    "time_out": "19:49:40"
  },
  {
    "zk_id": "127",
    "log_date": "2026-04-16",
    "time_in": "08:22:14",
    "time_out": "19:42:36"
  },
  {
    "zk_id": "127",
    "log_date": "2026-04-17",
    "time_in": "08:26:16",
    "time_out": "19:51:44"
  },
  {
    "zk_id": "127",
    "log_date": "2026-04-18",
    "time_in": "17:21:34",
    "time_out": "17:21:34"
  },
  {
    "zk_id": "127",
    "log_date": "2026-04-20",
    "time_in": "07:50:33",
    "time_out": "20:20:14"
  },
  {
    "zk_id": "127",
    "log_date": "2026-04-21",
    "time_in": "07:32:26",
    "time_out": "20:14:38"
  },
  {
    "zk_id": "127",
    "log_date": "2026-04-22",
    "time_in": "19:39:04",
    "time_out": "19:39:04"
  },
  {
    "zk_id": "127",
    "log_date": "2026-04-23",
    "time_in": "08:16:12",
    "time_out": "19:38:14"
  },
  {
    "zk_id": "127",
    "log_date": "2026-04-25",
    "time_in": "07:33:46",
    "time_out": "20:20:16"
  },
  {
    "zk_id": "128",
    "log_date": "2026-04-01",
    "time_in": "07:14:33",
    "time_out": "17:18:09"
  },
  {
    "zk_id": "128",
    "log_date": "2026-04-02",
    "time_in": "07:10:36",
    "time_out": "20:18:15"
  },
  {
    "zk_id": "128",
    "log_date": "2026-04-03",
    "time_in": "07:17:40",
    "time_out": "07:17:40"
  },
  {
    "zk_id": "128",
    "log_date": "2026-04-04",
    "time_in": "08:15:44",
    "time_out": "18:14:12"
  },
  {
    "zk_id": "128",
    "log_date": "2026-04-05",
    "time_in": "08:18:25",
    "time_out": "19:18:23"
  },
  {
    "zk_id": "128",
    "log_date": "2026-04-06",
    "time_in": "08:18:59",
    "time_out": "08:18:59"
  },
  {
    "zk_id": "128",
    "log_date": "2026-04-07",
    "time_in": "07:38:54",
    "time_out": "07:38:54"
  },
  {
    "zk_id": "128",
    "log_date": "2026-04-08",
    "time_in": "08:23:43",
    "time_out": "08:23:43"
  },
  {
    "zk_id": "128",
    "log_date": "2026-04-10",
    "time_in": "07:14:19",
    "time_out": "20:18:15"
  },
  {
    "zk_id": "128",
    "log_date": "2026-04-11",
    "time_in": "07:20:39",
    "time_out": "20:18:48"
  },
  {
    "zk_id": "128",
    "log_date": "2026-04-12",
    "time_in": "18:55:32",
    "time_out": "18:55:32"
  },
  {
    "zk_id": "128",
    "log_date": "2026-04-13",
    "time_in": "08:18:23",
    "time_out": "08:18:23"
  },
  {
    "zk_id": "128",
    "log_date": "2026-04-14",
    "time_in": "18:37:43",
    "time_out": "18:37:43"
  },
  {
    "zk_id": "128",
    "log_date": "2026-04-15",
    "time_in": "20:13:28",
    "time_out": "20:13:28"
  },
  {
    "zk_id": "128",
    "log_date": "2026-04-17",
    "time_in": "07:53:26",
    "time_out": "17:17:57"
  },
  {
    "zk_id": "128",
    "log_date": "2026-04-18",
    "time_in": "07:27:28",
    "time_out": "20:11:58"
  },
  {
    "zk_id": "128",
    "log_date": "2026-04-19",
    "time_in": "07:18:41",
    "time_out": "20:10:04"
  },
  {
    "zk_id": "128",
    "log_date": "2026-04-20",
    "time_in": "19:09:31",
    "time_out": "19:09:31"
  },
  {
    "zk_id": "128",
    "log_date": "2026-04-21",
    "time_in": "08:18:59",
    "time_out": "19:20:45"
  },
  {
    "zk_id": "128",
    "log_date": "2026-04-22",
    "time_in": "08:18:03",
    "time_out": "08:18:03"
  },
  {
    "zk_id": "128",
    "log_date": "2026-04-23",
    "time_in": "07:54:06",
    "time_out": "07:54:06"
  },
  {
    "zk_id": "128",
    "log_date": "2026-04-24",
    "time_in": "07:17:32",
    "time_out": "07:17:32"
  },
  {
    "zk_id": "128",
    "log_date": "2026-04-26",
    "time_in": "06:54:20",
    "time_out": "20:17:55"
  },
  {
    "zk_id": "128",
    "log_date": "2026-04-27",
    "time_in": "06:58:16",
    "time_out": "06:58:16"
  },
  {
    "zk_id": "131",
    "log_date": "2026-04-01",
    "time_in": "07:45:44",
    "time_out": "17:19:30"
  },
  {
    "zk_id": "131",
    "log_date": "2026-04-02",
    "time_in": "07:50:23",
    "time_out": "20:18:48"
  },
  {
    "zk_id": "131",
    "log_date": "2026-04-03",
    "time_in": "08:02:00",
    "time_out": "20:18:20"
  },
  {
    "zk_id": "131",
    "log_date": "2026-04-04",
    "time_in": "19:44:45",
    "time_out": "19:44:45"
  },
  {
    "zk_id": "131",
    "log_date": "2026-04-05",
    "time_in": "08:18:28",
    "time_out": "19:53:31"
  },
  {
    "zk_id": "131",
    "log_date": "2026-04-06",
    "time_in": "08:20:27",
    "time_out": "08:20:27"
  },
  {
    "zk_id": "131",
    "log_date": "2026-04-07",
    "time_in": "07:55:53",
    "time_out": "17:20:16"
  },
  {
    "zk_id": "131",
    "log_date": "2026-04-10",
    "time_in": "07:56:17",
    "time_out": "17:17:43"
  },
  {
    "zk_id": "131",
    "log_date": "2026-04-11",
    "time_in": "07:58:51",
    "time_out": "17:14:47"
  },
  {
    "zk_id": "131",
    "log_date": "2026-04-13",
    "time_in": "07:55:41",
    "time_out": "17:23:51"
  },
  {
    "zk_id": "131",
    "log_date": "2026-04-14",
    "time_in": "07:55:22",
    "time_out": "17:17:01"
  },
  {
    "zk_id": "131",
    "log_date": "2026-04-15",
    "time_in": "07:56:37",
    "time_out": "17:18:21"
  },
  {
    "zk_id": "131",
    "log_date": "2026-04-16",
    "time_in": "07:55:50",
    "time_out": "17:19:34"
  },
  {
    "zk_id": "131",
    "log_date": "2026-04-17",
    "time_in": "07:56:36",
    "time_out": "17:18:55"
  },
  {
    "zk_id": "131",
    "log_date": "2026-04-18",
    "time_in": "19:41:33",
    "time_out": "19:41:33"
  },
  {
    "zk_id": "131",
    "log_date": "2026-04-19",
    "time_in": "08:16:12",
    "time_out": "19:27:51"
  },
  {
    "zk_id": "131",
    "log_date": "2026-04-20",
    "time_in": "20:18:56",
    "time_out": "20:18:56"
  },
  {
    "zk_id": "131",
    "log_date": "2026-04-21",
    "time_in": "07:56:55",
    "time_out": "20:18:05"
  },
  {
    "zk_id": "131",
    "log_date": "2026-04-22",
    "time_in": "07:53:34",
    "time_out": "20:20:28"
  },
  {
    "zk_id": "131",
    "log_date": "2026-04-23",
    "time_in": "07:57:14",
    "time_out": "17:20:25"
  },
  {
    "zk_id": "131",
    "log_date": "2026-04-24",
    "time_in": "07:54:20",
    "time_out": "20:20:37"
  },
  {
    "zk_id": "131",
    "log_date": "2026-04-25",
    "time_in": "07:58:48",
    "time_out": "20:20:19"
  },
  {
    "zk_id": "131",
    "log_date": "2026-04-26",
    "time_in": "07:56:13",
    "time_out": "19:40:44"
  },
  {
    "zk_id": "131",
    "log_date": "2026-04-27",
    "time_in": "08:19:29",
    "time_out": "08:19:29"
  },
  {
    "zk_id": "14",
    "log_date": "2026-04-01",
    "time_in": "07:21:02",
    "time_out": "17:22:17"
  },
  {
    "zk_id": "14",
    "log_date": "2026-04-02",
    "time_in": "07:28:33",
    "time_out": "17:20:52"
  },
  {
    "zk_id": "14",
    "log_date": "2026-04-03",
    "time_in": "08:00:56",
    "time_out": "17:20:43"
  },
  {
    "zk_id": "14",
    "log_date": "2026-04-04",
    "time_in": "08:04:37",
    "time_out": "17:20:39"
  },
  {
    "zk_id": "14",
    "log_date": "2026-04-06",
    "time_in": "07:33:02",
    "time_out": "17:20:40"
  },
  {
    "zk_id": "14",
    "log_date": "2026-04-07",
    "time_in": "07:21:22",
    "time_out": "17:20:50"
  },
  {
    "zk_id": "14",
    "log_date": "2026-04-08",
    "time_in": "07:27:52",
    "time_out": "17:18:56"
  },
  {
    "zk_id": "14",
    "log_date": "2026-04-09",
    "time_in": "07:21:55",
    "time_out": "17:15:53"
  },
  {
    "zk_id": "14",
    "log_date": "2026-04-10",
    "time_in": "07:38:55",
    "time_out": "17:21:00"
  },
  {
    "zk_id": "14",
    "log_date": "2026-04-11",
    "time_in": "07:47:08",
    "time_out": "17:11:51"
  },
  {
    "zk_id": "14",
    "log_date": "2026-04-13",
    "time_in": "07:29:35",
    "time_out": "17:18:54"
  },
  {
    "zk_id": "14",
    "log_date": "2026-04-14",
    "time_in": "07:27:15",
    "time_out": "17:19:49"
  },
  {
    "zk_id": "14",
    "log_date": "2026-04-15",
    "time_in": "07:28:53",
    "time_out": "17:20:49"
  },
  {
    "zk_id": "14",
    "log_date": "2026-04-16",
    "time_in": "07:33:10",
    "time_out": "17:20:00"
  },
  {
    "zk_id": "14",
    "log_date": "2026-04-17",
    "time_in": "07:29:50",
    "time_out": "17:20:00"
  },
  {
    "zk_id": "14",
    "log_date": "2026-04-18",
    "time_in": "07:29:59",
    "time_out": "17:20:55"
  },
  {
    "zk_id": "14",
    "log_date": "2026-04-20",
    "time_in": "07:30:14",
    "time_out": "17:19:43"
  },
  {
    "zk_id": "14",
    "log_date": "2026-04-21",
    "time_in": "07:45:02",
    "time_out": "17:20:24"
  },
  {
    "zk_id": "14",
    "log_date": "2026-04-22",
    "time_in": "07:41:06",
    "time_out": "17:22:46"
  },
  {
    "zk_id": "14",
    "log_date": "2026-04-23",
    "time_in": "07:40:22",
    "time_out": "17:21:07"
  },
  {
    "zk_id": "14",
    "log_date": "2026-04-24",
    "time_in": "07:26:56",
    "time_out": "17:19:59"
  },
  {
    "zk_id": "14",
    "log_date": "2026-04-25",
    "time_in": "07:48:40",
    "time_out": "17:20:14"
  },
  {
    "zk_id": "14",
    "log_date": "2026-04-27",
    "time_in": "07:41:42",
    "time_out": "07:41:42"
  },
  {
    "zk_id": "15",
    "log_date": "2026-04-02",
    "time_in": "07:56:44",
    "time_out": "17:18:04"
  },
  {
    "zk_id": "15",
    "log_date": "2026-04-03",
    "time_in": "07:44:36",
    "time_out": "17:17:22"
  },
  {
    "zk_id": "15",
    "log_date": "2026-04-04",
    "time_in": "07:44:31",
    "time_out": "20:18:18"
  },
  {
    "zk_id": "15",
    "log_date": "2026-04-05",
    "time_in": "07:40:20",
    "time_out": "17:17:27"
  },
  {
    "zk_id": "15",
    "log_date": "2026-04-06",
    "time_in": "19:40:25",
    "time_out": "19:40:25"
  },
  {
    "zk_id": "15",
    "log_date": "2026-04-07",
    "time_in": "08:18:44",
    "time_out": "19:48:17"
  },
  {
    "zk_id": "15",
    "log_date": "2026-04-08",
    "time_in": "08:25:01",
    "time_out": "08:25:01"
  },
  {
    "zk_id": "15",
    "log_date": "2026-04-13",
    "time_in": "07:20:52",
    "time_out": "20:18:19"
  },
  {
    "zk_id": "15",
    "log_date": "2026-04-14",
    "time_in": "19:24:19",
    "time_out": "19:24:19"
  },
  {
    "zk_id": "15",
    "log_date": "2026-04-15",
    "time_in": "08:17:16",
    "time_out": "19:39:49"
  },
  {
    "zk_id": "15",
    "log_date": "2026-04-16",
    "time_in": "08:20:30",
    "time_out": "08:20:30"
  },
  {
    "zk_id": "15",
    "log_date": "2026-04-18",
    "time_in": "07:47:24",
    "time_out": "17:11:46"
  },
  {
    "zk_id": "15",
    "log_date": "2026-04-19",
    "time_in": "07:47:57",
    "time_out": "17:17:29"
  },
  {
    "zk_id": "15",
    "log_date": "2026-04-20",
    "time_in": "07:54:50",
    "time_out": "20:17:49"
  },
  {
    "zk_id": "15",
    "log_date": "2026-04-21",
    "time_in": "08:03:19",
    "time_out": "20:17:01"
  },
  {
    "zk_id": "15",
    "log_date": "2026-04-22",
    "time_in": "19:58:13",
    "time_out": "19:58:13"
  },
  {
    "zk_id": "15",
    "log_date": "2026-04-23",
    "time_in": "08:18:54",
    "time_out": "19:36:50"
  },
  {
    "zk_id": "15",
    "log_date": "2026-04-24",
    "time_in": "08:20:18",
    "time_out": "08:20:18"
  },
  {
    "zk_id": "15",
    "log_date": "2026-04-27",
    "time_in": "08:08:39",
    "time_out": "08:08:39"
  },
  {
    "zk_id": "16",
    "log_date": "2026-04-01",
    "time_in": "08:20:10",
    "time_out": "20:00:18"
  },
  {
    "zk_id": "16",
    "log_date": "2026-04-03",
    "time_in": "08:00:50",
    "time_out": "08:00:50"
  },
  {
    "zk_id": "16",
    "log_date": "2026-04-04",
    "time_in": "17:20:20",
    "time_out": "17:20:20"
  },
  {
    "zk_id": "16",
    "log_date": "2026-04-06",
    "time_in": "07:49:42",
    "time_out": "20:20:15"
  },
  {
    "zk_id": "16",
    "log_date": "2026-04-07",
    "time_in": "19:20:06",
    "time_out": "19:20:06"
  },
  {
    "zk_id": "16",
    "log_date": "2026-04-08",
    "time_in": "07:53:33",
    "time_out": "07:53:33"
  },
  {
    "zk_id": "16",
    "log_date": "2026-04-09",
    "time_in": "08:19:58",
    "time_out": "19:58:07"
  },
  {
    "zk_id": "16",
    "log_date": "2026-04-11",
    "time_in": "07:45:31",
    "time_out": "07:45:31"
  },
  {
    "zk_id": "16",
    "log_date": "2026-04-14",
    "time_in": "07:52:57",
    "time_out": "20:19:13"
  },
  {
    "zk_id": "16",
    "log_date": "2026-04-15",
    "time_in": "07:59:40",
    "time_out": "18:38:06"
  },
  {
    "zk_id": "16",
    "log_date": "2026-04-16",
    "time_in": "20:00:31",
    "time_out": "20:00:31"
  },
  {
    "zk_id": "16",
    "log_date": "2026-04-17",
    "time_in": "08:32:09",
    "time_out": "19:55:59"
  },
  {
    "zk_id": "16",
    "log_date": "2026-04-18",
    "time_in": "08:19:47",
    "time_out": "20:01:42"
  },
  {
    "zk_id": "16",
    "log_date": "2026-04-19",
    "time_in": "08:16:01",
    "time_out": "08:16:01"
  },
  {
    "zk_id": "16",
    "log_date": "2026-04-21",
    "time_in": "07:48:45",
    "time_out": "17:19:26"
  },
  {
    "zk_id": "16",
    "log_date": "2026-04-22",
    "time_in": "08:02:08",
    "time_out": "20:19:43"
  },
  {
    "zk_id": "16",
    "log_date": "2026-04-23",
    "time_in": "20:19:43",
    "time_out": "20:19:43"
  },
  {
    "zk_id": "16",
    "log_date": "2026-04-24",
    "time_in": "19:59:37",
    "time_out": "19:59:37"
  },
  {
    "zk_id": "16",
    "log_date": "2026-04-25",
    "time_in": "08:20:46",
    "time_out": "08:20:46"
  },
  {
    "zk_id": "16",
    "log_date": "2026-04-26",
    "time_in": "20:00:51",
    "time_out": "20:00:51"
  },
  {
    "zk_id": "16",
    "log_date": "2026-04-27",
    "time_in": "08:19:17",
    "time_out": "08:19:17"
  },
  {
    "zk_id": "17",
    "log_date": "2026-04-01",
    "time_in": "08:20:12",
    "time_out": "19:19:20"
  },
  {
    "zk_id": "17",
    "log_date": "2026-04-02",
    "time_in": "08:13:24",
    "time_out": "08:13:24"
  },
  {
    "zk_id": "17",
    "log_date": "2026-04-05",
    "time_in": "07:19:27",
    "time_out": "17:18:07"
  },
  {
    "zk_id": "17",
    "log_date": "2026-04-06",
    "time_in": "07:23:19",
    "time_out": "20:18:03"
  },
  {
    "zk_id": "17",
    "log_date": "2026-04-07",
    "time_in": "07:21:31",
    "time_out": "20:18:02"
  },
  {
    "zk_id": "17",
    "log_date": "2026-04-08",
    "time_in": "19:27:31",
    "time_out": "19:27:31"
  },
  {
    "zk_id": "17",
    "log_date": "2026-04-09",
    "time_in": "08:17:23",
    "time_out": "19:20:24"
  },
  {
    "zk_id": "17",
    "log_date": "2026-04-10",
    "time_in": "08:19:48",
    "time_out": "08:19:48"
  },
  {
    "zk_id": "17",
    "log_date": "2026-04-14",
    "time_in": "07:17:35",
    "time_out": "20:18:27"
  },
  {
    "zk_id": "17",
    "log_date": "2026-04-15",
    "time_in": "07:21:14",
    "time_out": "20:19:28"
  },
  {
    "zk_id": "17",
    "log_date": "2026-04-16",
    "time_in": "19:21:05",
    "time_out": "19:21:05"
  },
  {
    "zk_id": "17",
    "log_date": "2026-04-17",
    "time_in": "08:26:26",
    "time_out": "19:16:02"
  },
  {
    "zk_id": "17",
    "log_date": "2026-04-18",
    "time_in": "08:18:27",
    "time_out": "08:18:27"
  },
  {
    "zk_id": "17",
    "log_date": "2026-04-21",
    "time_in": "07:22:13",
    "time_out": "17:20:18"
  },
  {
    "zk_id": "17",
    "log_date": "2026-04-22",
    "time_in": "07:22:05",
    "time_out": "20:17:53"
  },
  {
    "zk_id": "17",
    "log_date": "2026-04-23",
    "time_in": "07:28:15",
    "time_out": "20:19:40"
  },
  {
    "zk_id": "17",
    "log_date": "2026-04-24",
    "time_in": "19:21:23",
    "time_out": "19:21:23"
  },
  {
    "zk_id": "17",
    "log_date": "2026-04-25",
    "time_in": "08:18:00",
    "time_out": "19:31:31"
  },
  {
    "zk_id": "17",
    "log_date": "2026-04-26",
    "time_in": "08:18:22",
    "time_out": "08:18:22"
  },
  {
    "zk_id": "19",
    "log_date": "2026-04-01",
    "time_in": "08:24:18",
    "time_out": "19:41:08"
  },
  {
    "zk_id": "19",
    "log_date": "2026-04-02",
    "time_in": "17:01:07",
    "time_out": "17:01:07"
  },
  {
    "zk_id": "19",
    "log_date": "2026-04-03",
    "time_in": "07:42:48",
    "time_out": "17:21:11"
  },
  {
    "zk_id": "19",
    "log_date": "2026-04-04",
    "time_in": "20:20:14",
    "time_out": "20:20:14"
  },
  {
    "zk_id": "19",
    "log_date": "2026-04-05",
    "time_in": "07:42:18",
    "time_out": "07:42:18"
  },
  {
    "zk_id": "19",
    "log_date": "2026-04-06",
    "time_in": "08:20:36",
    "time_out": "19:46:03"
  },
  {
    "zk_id": "19",
    "log_date": "2026-04-07",
    "time_in": "08:22:06",
    "time_out": "19:51:21"
  },
  {
    "zk_id": "19",
    "log_date": "2026-04-08",
    "time_in": "08:17:06",
    "time_out": "19:46:43"
  },
  {
    "zk_id": "19",
    "log_date": "2026-04-09",
    "time_in": "08:16:21",
    "time_out": "08:16:21"
  },
  {
    "zk_id": "19",
    "log_date": "2026-04-10",
    "time_in": "07:36:48",
    "time_out": "07:36:48"
  },
  {
    "zk_id": "19",
    "log_date": "2026-04-11",
    "time_in": "07:38:18",
    "time_out": "17:21:18"
  },
  {
    "zk_id": "19",
    "log_date": "2026-04-12",
    "time_in": "07:58:01",
    "time_out": "20:20:29"
  },
  {
    "zk_id": "19",
    "log_date": "2026-04-13",
    "time_in": "07:40:53",
    "time_out": "20:06:27"
  },
  {
    "zk_id": "19",
    "log_date": "2026-04-14",
    "time_in": "19:44:48",
    "time_out": "19:44:48"
  },
  {
    "zk_id": "19",
    "log_date": "2026-04-15",
    "time_in": "08:20:34",
    "time_out": "19:49:49"
  },
  {
    "zk_id": "19",
    "log_date": "2026-04-16",
    "time_in": "08:22:22",
    "time_out": "19:42:27"
  },
  {
    "zk_id": "19",
    "log_date": "2026-04-17",
    "time_in": "19:49:25",
    "time_out": "19:49:25"
  },
  {
    "zk_id": "19",
    "log_date": "2026-04-18",
    "time_in": "17:09:08",
    "time_out": "17:09:08"
  },
  {
    "zk_id": "19",
    "log_date": "2026-04-19",
    "time_in": "07:46:11",
    "time_out": "16:13:26"
  },
  {
    "zk_id": "19",
    "log_date": "2026-04-20",
    "time_in": "07:27:36",
    "time_out": "20:22:39"
  },
  {
    "zk_id": "19",
    "log_date": "2026-04-21",
    "time_in": "07:27:03",
    "time_out": "20:21:49"
  },
  {
    "zk_id": "19",
    "log_date": "2026-04-22",
    "time_in": "07:48:38",
    "time_out": "19:16:49"
  },
  {
    "zk_id": "19",
    "log_date": "2026-04-23",
    "time_in": "08:16:01",
    "time_out": "19:15:28"
  },
  {
    "zk_id": "19",
    "log_date": "2026-04-24",
    "time_in": "08:21:29",
    "time_out": "19:49:27"
  },
  {
    "zk_id": "19",
    "log_date": "2026-04-25",
    "time_in": "08:14:09",
    "time_out": "19:42:34"
  },
  {
    "zk_id": "19",
    "log_date": "2026-04-26",
    "time_in": "08:22:23",
    "time_out": "19:54:23"
  },
  {
    "zk_id": "19",
    "log_date": "2026-04-27",
    "time_in": "07:45:49",
    "time_out": "07:45:49"
  },
  {
    "zk_id": "22",
    "log_date": "2026-04-01",
    "time_in": "08:20:48",
    "time_out": "08:20:48"
  },
  {
    "zk_id": "22",
    "log_date": "2026-04-06",
    "time_in": "07:24:51",
    "time_out": "20:17:48"
  },
  {
    "zk_id": "22",
    "log_date": "2026-04-07",
    "time_in": "07:34:54",
    "time_out": "20:18:04"
  },
  {
    "zk_id": "22",
    "log_date": "2026-04-08",
    "time_in": "19:27:35",
    "time_out": "19:27:35"
  },
  {
    "zk_id": "22",
    "log_date": "2026-04-09",
    "time_in": "08:13:06",
    "time_out": "19:31:59"
  },
  {
    "zk_id": "22",
    "log_date": "2026-04-10",
    "time_in": "18:14:14",
    "time_out": "18:14:14"
  },
  {
    "zk_id": "22",
    "log_date": "2026-04-13",
    "time_in": "07:45:57",
    "time_out": "17:24:32"
  },
  {
    "zk_id": "22",
    "log_date": "2026-04-14",
    "time_in": "07:16:51",
    "time_out": "20:23:23"
  },
  {
    "zk_id": "22",
    "log_date": "2026-04-15",
    "time_in": "07:36:49",
    "time_out": "20:24:31"
  },
  {
    "zk_id": "22",
    "log_date": "2026-04-16",
    "time_in": "19:56:16",
    "time_out": "19:56:16"
  },
  {
    "zk_id": "22",
    "log_date": "2026-04-17",
    "time_in": "08:23:30",
    "time_out": "19:40:44"
  },
  {
    "zk_id": "22",
    "log_date": "2026-04-21",
    "time_in": "07:25:49",
    "time_out": "17:14:34"
  },
  {
    "zk_id": "22",
    "log_date": "2026-04-22",
    "time_in": "07:31:13",
    "time_out": "20:22:14"
  },
  {
    "zk_id": "22",
    "log_date": "2026-04-23",
    "time_in": "07:17:49",
    "time_out": "20:12:47"
  },
  {
    "zk_id": "22",
    "log_date": "2026-04-24",
    "time_in": "19:47:44",
    "time_out": "19:47:44"
  },
  {
    "zk_id": "22",
    "log_date": "2026-04-25",
    "time_in": "08:14:22",
    "time_out": "19:31:35"
  },
  {
    "zk_id": "23",
    "log_date": "2026-04-04",
    "time_in": "08:00:28",
    "time_out": "08:00:28"
  },
  {
    "zk_id": "23",
    "log_date": "2026-04-06",
    "time_in": "07:36:15",
    "time_out": "20:13:44"
  },
  {
    "zk_id": "23",
    "log_date": "2026-04-07",
    "time_in": "07:19:34",
    "time_out": "20:05:41"
  },
  {
    "zk_id": "23",
    "log_date": "2026-04-08",
    "time_in": "19:49:46",
    "time_out": "19:49:46"
  },
  {
    "zk_id": "23",
    "log_date": "2026-04-09",
    "time_in": "08:13:15",
    "time_out": "19:48:36"
  },
  {
    "zk_id": "23",
    "log_date": "2026-04-10",
    "time_in": "08:14:39",
    "time_out": "08:14:39"
  },
  {
    "zk_id": "23",
    "log_date": "2026-04-11",
    "time_in": "08:14:27",
    "time_out": "08:14:27"
  },
  {
    "zk_id": "23",
    "log_date": "2026-04-13",
    "time_in": "07:46:02",
    "time_out": "17:24:36"
  },
  {
    "zk_id": "23",
    "log_date": "2026-04-14",
    "time_in": "07:16:47",
    "time_out": "20:23:33"
  },
  {
    "zk_id": "23",
    "log_date": "2026-04-15",
    "time_in": "07:41:38",
    "time_out": "20:24:40"
  },
  {
    "zk_id": "23",
    "log_date": "2026-04-16",
    "time_in": "19:34:21",
    "time_out": "19:34:21"
  },
  {
    "zk_id": "23",
    "log_date": "2026-04-17",
    "time_in": "08:24:54",
    "time_out": "08:24:54"
  },
  {
    "zk_id": "23",
    "log_date": "2026-04-21",
    "time_in": "07:53:28",
    "time_out": "17:14:45"
  },
  {
    "zk_id": "23",
    "log_date": "2026-04-22",
    "time_in": "07:39:24",
    "time_out": "20:21:58"
  },
  {
    "zk_id": "23",
    "log_date": "2026-04-23",
    "time_in": "07:42:50",
    "time_out": "20:12:52"
  },
  {
    "zk_id": "23",
    "log_date": "2026-04-24",
    "time_in": "07:59:38",
    "time_out": "19:54:44"
  },
  {
    "zk_id": "23",
    "log_date": "2026-04-25",
    "time_in": "08:14:19",
    "time_out": "08:14:19"
  },
  {
    "zk_id": "24",
    "log_date": "2026-04-01",
    "time_in": "07:35:38",
    "time_out": "17:18:06"
  },
  {
    "zk_id": "24",
    "log_date": "2026-04-02",
    "time_in": "07:19:51",
    "time_out": "20:18:28"
  },
  {
    "zk_id": "24",
    "log_date": "2026-04-03",
    "time_in": "07:32:10",
    "time_out": "07:32:10"
  },
  {
    "zk_id": "24",
    "log_date": "2026-04-04",
    "time_in": "08:15:51",
    "time_out": "18:14:09"
  },
  {
    "zk_id": "24",
    "log_date": "2026-04-05",
    "time_in": "08:18:19",
    "time_out": "18:21:08"
  },
  {
    "zk_id": "24",
    "log_date": "2026-04-06",
    "time_in": "08:19:01",
    "time_out": "08:19:01"
  },
  {
    "zk_id": "24",
    "log_date": "2026-04-07",
    "time_in": "07:38:57",
    "time_out": "07:38:57"
  },
  {
    "zk_id": "24",
    "log_date": "2026-04-08",
    "time_in": "08:23:51",
    "time_out": "08:23:51"
  },
  {
    "zk_id": "24",
    "log_date": "2026-04-09",
    "time_in": "07:31:14",
    "time_out": "17:15:58"
  },
  {
    "zk_id": "24",
    "log_date": "2026-04-10",
    "time_in": "07:26:40",
    "time_out": "20:18:38"
  },
  {
    "zk_id": "24",
    "log_date": "2026-04-11",
    "time_in": "07:31:53",
    "time_out": "20:18:38"
  },
  {
    "zk_id": "24",
    "log_date": "2026-04-12",
    "time_in": "18:55:25",
    "time_out": "18:55:25"
  },
  {
    "zk_id": "24",
    "log_date": "2026-04-13",
    "time_in": "08:18:26",
    "time_out": "18:58:49"
  },
  {
    "zk_id": "24",
    "log_date": "2026-04-14",
    "time_in": "08:16:03",
    "time_out": "18:37:40"
  },
  {
    "zk_id": "24",
    "log_date": "2026-04-15",
    "time_in": "20:13:26",
    "time_out": "20:13:26"
  },
  {
    "zk_id": "24",
    "log_date": "2026-04-17",
    "time_in": "07:52:12",
    "time_out": "17:18:01"
  },
  {
    "zk_id": "24",
    "log_date": "2026-04-18",
    "time_in": "07:20:55",
    "time_out": "20:18:36"
  },
  {
    "zk_id": "24",
    "log_date": "2026-04-19",
    "time_in": "07:30:18",
    "time_out": "20:18:55"
  },
  {
    "zk_id": "24",
    "log_date": "2026-04-20",
    "time_in": "07:28:31",
    "time_out": "07:28:31"
  },
  {
    "zk_id": "24",
    "log_date": "2026-04-21",
    "time_in": "08:18:56",
    "time_out": "18:31:07"
  },
  {
    "zk_id": "24",
    "log_date": "2026-04-22",
    "time_in": "19:34:53",
    "time_out": "19:34:53"
  },
  {
    "zk_id": "24",
    "log_date": "2026-04-23",
    "time_in": "07:54:09",
    "time_out": "07:54:09"
  },
  {
    "zk_id": "24",
    "log_date": "2026-04-24",
    "time_in": "07:17:41",
    "time_out": "07:17:41"
  },
  {
    "zk_id": "24",
    "log_date": "2026-04-26",
    "time_in": "06:52:09",
    "time_out": "20:18:33"
  },
  {
    "zk_id": "24",
    "log_date": "2026-04-27",
    "time_in": "07:10:58",
    "time_out": "07:10:58"
  },
  {
    "zk_id": "26",
    "log_date": "2026-04-02",
    "time_in": "07:46:11",
    "time_out": "07:46:11"
  },
  {
    "zk_id": "26",
    "log_date": "2026-04-05",
    "time_in": "08:12:09",
    "time_out": "08:12:09"
  },
  {
    "zk_id": "26",
    "log_date": "2026-04-10",
    "time_in": "07:36:44",
    "time_out": "20:19:09"
  },
  {
    "zk_id": "26",
    "log_date": "2026-04-11",
    "time_in": "07:32:12",
    "time_out": "07:32:12"
  },
  {
    "zk_id": "26",
    "log_date": "2026-04-13",
    "time_in": "19:31:06",
    "time_out": "19:31:06"
  },
  {
    "zk_id": "26",
    "log_date": "2026-04-15",
    "time_in": "07:58:12",
    "time_out": "07:58:12"
  },
  {
    "zk_id": "26",
    "log_date": "2026-04-18",
    "time_in": "07:46:10",
    "time_out": "20:18:24"
  },
  {
    "zk_id": "26",
    "log_date": "2026-04-19",
    "time_in": "07:46:01",
    "time_out": "20:18:49"
  },
  {
    "zk_id": "26",
    "log_date": "2026-04-20",
    "time_in": "07:47:26",
    "time_out": "07:47:26"
  },
  {
    "zk_id": "26",
    "log_date": "2026-04-21",
    "time_in": "08:19:22",
    "time_out": "19:19:49"
  },
  {
    "zk_id": "26",
    "log_date": "2026-04-22",
    "time_in": "08:20:00",
    "time_out": "08:20:00"
  },
  {
    "zk_id": "26",
    "log_date": "2026-04-23",
    "time_in": "19:51:41",
    "time_out": "19:51:41"
  },
  {
    "zk_id": "26",
    "log_date": "2026-04-24",
    "time_in": "08:30:06",
    "time_out": "19:52:33"
  },
  {
    "zk_id": "26",
    "log_date": "2026-04-26",
    "time_in": "07:53:00",
    "time_out": "07:53:00"
  },
  {
    "zk_id": "26",
    "log_date": "2026-04-27",
    "time_in": "07:44:47",
    "time_out": "07:44:47"
  },
  {
    "zk_id": "27",
    "log_date": "2026-04-01",
    "time_in": "06:42:22",
    "time_out": "16:04:17"
  },
  {
    "zk_id": "27",
    "log_date": "2026-04-02",
    "time_in": "07:02:03",
    "time_out": "16:07:40"
  },
  {
    "zk_id": "27",
    "log_date": "2026-04-04",
    "time_in": "06:58:22",
    "time_out": "16:03:28"
  },
  {
    "zk_id": "27",
    "log_date": "2026-04-06",
    "time_in": "07:00:11",
    "time_out": "16:05:29"
  },
  {
    "zk_id": "27",
    "log_date": "2026-04-07",
    "time_in": "06:39:42",
    "time_out": "16:08:32"
  },
  {
    "zk_id": "27",
    "log_date": "2026-04-08",
    "time_in": "06:42:04",
    "time_out": "16:04:44"
  },
  {
    "zk_id": "27",
    "log_date": "2026-04-09",
    "time_in": "06:43:01",
    "time_out": "16:02:51"
  },
  {
    "zk_id": "27",
    "log_date": "2026-04-10",
    "time_in": "06:55:20",
    "time_out": "16:07:14"
  },
  {
    "zk_id": "27",
    "log_date": "2026-04-11",
    "time_in": "07:03:38",
    "time_out": "16:04:18"
  },
  {
    "zk_id": "27",
    "log_date": "2026-04-13",
    "time_in": "06:57:34",
    "time_out": "16:05:06"
  },
  {
    "zk_id": "27",
    "log_date": "2026-04-14",
    "time_in": "06:48:53",
    "time_out": "16:06:51"
  },
  {
    "zk_id": "27",
    "log_date": "2026-04-15",
    "time_in": "06:36:45",
    "time_out": "16:06:15"
  },
  {
    "zk_id": "27",
    "log_date": "2026-04-16",
    "time_in": "06:49:11",
    "time_out": "16:02:39"
  },
  {
    "zk_id": "27",
    "log_date": "2026-04-17",
    "time_in": "06:49:33",
    "time_out": "16:04:31"
  },
  {
    "zk_id": "27",
    "log_date": "2026-04-18",
    "time_in": "06:36:18",
    "time_out": "15:04:23"
  },
  {
    "zk_id": "27",
    "log_date": "2026-04-20",
    "time_in": "07:05:46",
    "time_out": "16:07:38"
  },
  {
    "zk_id": "27",
    "log_date": "2026-04-21",
    "time_in": "06:45:08",
    "time_out": "16:09:28"
  },
  {
    "zk_id": "27",
    "log_date": "2026-04-22",
    "time_in": "06:48:31",
    "time_out": "16:08:41"
  },
  {
    "zk_id": "27",
    "log_date": "2026-04-23",
    "time_in": "06:41:12",
    "time_out": "16:06:10"
  },
  {
    "zk_id": "27",
    "log_date": "2026-04-24",
    "time_in": "06:52:35",
    "time_out": "16:05:22"
  },
  {
    "zk_id": "27",
    "log_date": "2026-04-25",
    "time_in": "06:49:44",
    "time_out": "16:02:11"
  },
  {
    "zk_id": "27",
    "log_date": "2026-04-27",
    "time_in": "06:39:27",
    "time_out": "06:39:27"
  },
  {
    "zk_id": "28",
    "log_date": "2026-04-01",
    "time_in": "07:25:18",
    "time_out": "20:04:56"
  },
  {
    "zk_id": "28",
    "log_date": "2026-04-02",
    "time_in": "08:13:44",
    "time_out": "19:56:12"
  },
  {
    "zk_id": "28",
    "log_date": "2026-04-03",
    "time_in": "08:13:32",
    "time_out": "08:13:32"
  },
  {
    "zk_id": "28",
    "log_date": "2026-04-05",
    "time_in": "08:13:53",
    "time_out": "17:12:41"
  },
  {
    "zk_id": "28",
    "log_date": "2026-04-06",
    "time_in": "08:12:59",
    "time_out": "20:17:46"
  },
  {
    "zk_id": "28",
    "log_date": "2026-04-07",
    "time_in": "08:24:17",
    "time_out": "19:20:13"
  },
  {
    "zk_id": "28",
    "log_date": "2026-04-08",
    "time_in": "19:56:06",
    "time_out": "19:56:06"
  },
  {
    "zk_id": "28",
    "log_date": "2026-04-09",
    "time_in": "08:19:49",
    "time_out": "19:57:32"
  },
  {
    "zk_id": "28",
    "log_date": "2026-04-10",
    "time_in": "07:50:49",
    "time_out": "18:28:17"
  },
  {
    "zk_id": "28",
    "log_date": "2026-04-11",
    "time_in": "20:20:41",
    "time_out": "20:20:41"
  },
  {
    "zk_id": "28",
    "log_date": "2026-04-13",
    "time_in": "08:17:51",
    "time_out": "17:24:43"
  },
  {
    "zk_id": "28",
    "log_date": "2026-04-14",
    "time_in": "08:08:18",
    "time_out": "20:18:52"
  },
  {
    "zk_id": "28",
    "log_date": "2026-04-15",
    "time_in": "12:04:52",
    "time_out": "12:04:52"
  },
  {
    "zk_id": "28",
    "log_date": "2026-04-16",
    "time_in": "20:17:12",
    "time_out": "20:17:12"
  },
  {
    "zk_id": "28",
    "log_date": "2026-04-17",
    "time_in": "08:26:07",
    "time_out": "20:09:49"
  },
  {
    "zk_id": "28",
    "log_date": "2026-04-18",
    "time_in": "08:18:24",
    "time_out": "20:05:18"
  },
  {
    "zk_id": "28",
    "log_date": "2026-04-19",
    "time_in": "06:29:41",
    "time_out": "06:29:41"
  },
  {
    "zk_id": "28",
    "log_date": "2026-04-21",
    "time_in": "07:54:22",
    "time_out": "07:54:22"
  },
  {
    "zk_id": "28",
    "log_date": "2026-04-22",
    "time_in": "08:19:47",
    "time_out": "20:19:23"
  },
  {
    "zk_id": "28",
    "log_date": "2026-04-23",
    "time_in": "08:17:24",
    "time_out": "08:17:24"
  },
  {
    "zk_id": "28",
    "log_date": "2026-04-24",
    "time_in": "08:17:57",
    "time_out": "20:22:26"
  },
  {
    "zk_id": "28",
    "log_date": "2026-04-25",
    "time_in": "08:18:09",
    "time_out": "08:18:09"
  },
  {
    "zk_id": "29",
    "log_date": "2026-04-01",
    "time_in": "07:14:27",
    "time_out": "20:15:42"
  },
  {
    "zk_id": "29",
    "log_date": "2026-04-02",
    "time_in": "07:30:17",
    "time_out": "07:30:17"
  },
  {
    "zk_id": "29",
    "log_date": "2026-04-03",
    "time_in": "08:12:50",
    "time_out": "19:49:39"
  },
  {
    "zk_id": "29",
    "log_date": "2026-04-04",
    "time_in": "20:12:23",
    "time_out": "20:12:23"
  },
  {
    "zk_id": "29",
    "log_date": "2026-04-05",
    "time_in": "07:33:59",
    "time_out": "07:33:59"
  },
  {
    "zk_id": "29",
    "log_date": "2026-04-06",
    "time_in": "07:38:24",
    "time_out": "20:13:47"
  },
  {
    "zk_id": "29",
    "log_date": "2026-04-07",
    "time_in": "07:36:14",
    "time_out": "17:15:34"
  },
  {
    "zk_id": "29",
    "log_date": "2026-04-08",
    "time_in": "07:30:06",
    "time_out": "20:13:16"
  },
  {
    "zk_id": "29",
    "log_date": "2026-04-09",
    "time_in": "07:35:29",
    "time_out": "07:35:29"
  },
  {
    "zk_id": "29",
    "log_date": "2026-04-10",
    "time_in": "06:19:55",
    "time_out": "19:34:04"
  },
  {
    "zk_id": "29",
    "log_date": "2026-04-11",
    "time_in": "08:13:17",
    "time_out": "19:41:55"
  },
  {
    "zk_id": "29",
    "log_date": "2026-04-12",
    "time_in": "20:18:34",
    "time_out": "20:18:34"
  },
  {
    "zk_id": "29",
    "log_date": "2026-04-13",
    "time_in": "07:40:26",
    "time_out": "20:18:49"
  },
  {
    "zk_id": "29",
    "log_date": "2026-04-14",
    "time_in": "07:26:33",
    "time_out": "20:20:35"
  },
  {
    "zk_id": "29",
    "log_date": "2026-04-15",
    "time_in": "07:40:31",
    "time_out": "17:19:24"
  },
  {
    "zk_id": "29",
    "log_date": "2026-04-16",
    "time_in": "07:28:19",
    "time_out": "20:18:23"
  },
  {
    "zk_id": "29",
    "log_date": "2026-04-17",
    "time_in": "07:24:33",
    "time_out": "07:24:33"
  },
  {
    "zk_id": "29",
    "log_date": "2026-04-18",
    "time_in": "08:12:09",
    "time_out": "19:55:22"
  },
  {
    "zk_id": "29",
    "log_date": "2026-04-19",
    "time_in": "08:18:58",
    "time_out": "19:47:55"
  },
  {
    "zk_id": "29",
    "log_date": "2026-04-20",
    "time_in": "20:20:10",
    "time_out": "20:20:10"
  },
  {
    "zk_id": "29",
    "log_date": "2026-04-21",
    "time_in": "07:50:07",
    "time_out": "20:14:34"
  },
  {
    "zk_id": "29",
    "log_date": "2026-04-22",
    "time_in": "07:49:23",
    "time_out": "17:12:35"
  },
  {
    "zk_id": "29",
    "log_date": "2026-04-24",
    "time_in": "07:25:17",
    "time_out": "20:19:47"
  },
  {
    "zk_id": "29",
    "log_date": "2026-04-25",
    "time_in": "07:39:29",
    "time_out": "07:39:29"
  },
  {
    "zk_id": "29",
    "log_date": "2026-04-26",
    "time_in": "08:14:54",
    "time_out": "19:59:21"
  },
  {
    "zk_id": "29",
    "log_date": "2026-04-27",
    "time_in": "08:13:57",
    "time_out": "08:13:57"
  },
  {
    "zk_id": "3",
    "log_date": "2026-04-01",
    "time_in": "08:21:01",
    "time_out": "19:23:16"
  },
  {
    "zk_id": "3",
    "log_date": "2026-04-02",
    "time_in": "19:19:21",
    "time_out": "19:19:21"
  },
  {
    "zk_id": "3",
    "log_date": "2026-04-03",
    "time_in": "06:49:18",
    "time_out": "19:25:03"
  },
  {
    "zk_id": "3",
    "log_date": "2026-04-04",
    "time_in": "08:06:10",
    "time_out": "08:06:10"
  },
  {
    "zk_id": "3",
    "log_date": "2026-04-06",
    "time_in": "07:29:16",
    "time_out": "07:29:16"
  },
  {
    "zk_id": "3",
    "log_date": "2026-04-07",
    "time_in": "07:31:31",
    "time_out": "17:46:57"
  },
  {
    "zk_id": "3",
    "log_date": "2026-04-09",
    "time_in": "19:20:28",
    "time_out": "19:20:28"
  },
  {
    "zk_id": "3",
    "log_date": "2026-04-10",
    "time_in": "08:19:53",
    "time_out": "08:19:53"
  },
  {
    "zk_id": "3",
    "log_date": "2026-04-14",
    "time_in": "07:17:42",
    "time_out": "07:17:42"
  },
  {
    "zk_id": "3",
    "log_date": "2026-04-15",
    "time_in": "07:21:09",
    "time_out": "20:19:31"
  },
  {
    "zk_id": "3",
    "log_date": "2026-04-18",
    "time_in": "08:17:41",
    "time_out": "19:42:38"
  },
  {
    "zk_id": "3",
    "log_date": "2026-04-19",
    "time_in": "18:59:10",
    "time_out": "18:59:10"
  },
  {
    "zk_id": "3",
    "log_date": "2026-04-21",
    "time_in": "07:38:33",
    "time_out": "17:17:47"
  },
  {
    "zk_id": "3",
    "log_date": "2026-04-22",
    "time_in": "07:24:03",
    "time_out": "07:24:03"
  },
  {
    "zk_id": "3",
    "log_date": "2026-04-23",
    "time_in": "07:46:38",
    "time_out": "17:00:10"
  },
  {
    "zk_id": "3",
    "log_date": "2026-04-24",
    "time_in": "19:59:40",
    "time_out": "19:59:40"
  },
  {
    "zk_id": "3",
    "log_date": "2026-04-25",
    "time_in": "08:18:04",
    "time_out": "19:41:21"
  },
  {
    "zk_id": "3",
    "log_date": "2026-04-27",
    "time_in": "07:32:40",
    "time_out": "07:32:40"
  },
  {
    "zk_id": "30",
    "log_date": "2026-04-01",
    "time_in": "07:41:05",
    "time_out": "20:12:14"
  },
  {
    "zk_id": "30",
    "log_date": "2026-04-02",
    "time_in": "07:30:14",
    "time_out": "07:30:14"
  },
  {
    "zk_id": "30",
    "log_date": "2026-04-03",
    "time_in": "08:12:45",
    "time_out": "19:36:56"
  },
  {
    "zk_id": "30",
    "log_date": "2026-04-04",
    "time_in": "20:12:11",
    "time_out": "20:12:11"
  },
  {
    "zk_id": "30",
    "log_date": "2026-04-05",
    "time_in": "07:33:56",
    "time_out": "20:22:03"
  },
  {
    "zk_id": "30",
    "log_date": "2026-04-07",
    "time_in": "07:36:10",
    "time_out": "17:15:48"
  },
  {
    "zk_id": "30",
    "log_date": "2026-04-08",
    "time_in": "07:30:03",
    "time_out": "20:13:22"
  },
  {
    "zk_id": "30",
    "log_date": "2026-04-09",
    "time_in": "07:26:18",
    "time_out": "07:26:18"
  },
  {
    "zk_id": "30",
    "log_date": "2026-04-10",
    "time_in": "06:24:10",
    "time_out": "19:39:07"
  },
  {
    "zk_id": "30",
    "log_date": "2026-04-11",
    "time_in": "08:14:14",
    "time_out": "19:44:26"
  },
  {
    "zk_id": "30",
    "log_date": "2026-04-13",
    "time_in": "07:40:23",
    "time_out": "20:19:45"
  },
  {
    "zk_id": "30",
    "log_date": "2026-04-15",
    "time_in": "07:40:27",
    "time_out": "17:18:35"
  },
  {
    "zk_id": "30",
    "log_date": "2026-04-16",
    "time_in": "07:28:16",
    "time_out": "20:18:25"
  },
  {
    "zk_id": "30",
    "log_date": "2026-04-17",
    "time_in": "07:37:21",
    "time_out": "07:37:21"
  },
  {
    "zk_id": "30",
    "log_date": "2026-04-18",
    "time_in": "08:19:31",
    "time_out": "19:35:58"
  },
  {
    "zk_id": "30",
    "log_date": "2026-04-19",
    "time_in": "08:19:02",
    "time_out": "19:36:18"
  },
  {
    "zk_id": "30",
    "log_date": "2026-04-22",
    "time_in": "07:25:54",
    "time_out": "17:12:41"
  },
  {
    "zk_id": "30",
    "log_date": "2026-04-23",
    "time_in": "07:46:19",
    "time_out": "17:19:32"
  },
  {
    "zk_id": "30",
    "log_date": "2026-04-24",
    "time_in": "07:18:16",
    "time_out": "20:19:43"
  },
  {
    "zk_id": "30",
    "log_date": "2026-04-25",
    "time_in": "07:39:26",
    "time_out": "07:39:26"
  },
  {
    "zk_id": "30",
    "log_date": "2026-04-26",
    "time_in": "19:58:35",
    "time_out": "19:58:35"
  },
  {
    "zk_id": "30",
    "log_date": "2026-04-27",
    "time_in": "08:14:16",
    "time_out": "08:14:16"
  },
  {
    "zk_id": "31",
    "log_date": "2026-04-03",
    "time_in": "07:36:53",
    "time_out": "17:17:53"
  },
  {
    "zk_id": "31",
    "log_date": "2026-04-05",
    "time_in": "07:30:54",
    "time_out": "07:30:54"
  },
  {
    "zk_id": "31",
    "log_date": "2026-04-06",
    "time_in": "19:21:11",
    "time_out": "19:21:11"
  },
  {
    "zk_id": "31",
    "log_date": "2026-04-07",
    "time_in": "08:17:02",
    "time_out": "19:26:29"
  },
  {
    "zk_id": "31",
    "log_date": "2026-04-08",
    "time_in": "08:19:48",
    "time_out": "08:19:48"
  },
  {
    "zk_id": "31",
    "log_date": "2026-04-12",
    "time_in": "07:28:38",
    "time_out": "20:18:29"
  },
  {
    "zk_id": "31",
    "log_date": "2026-04-13",
    "time_in": "07:30:37",
    "time_out": "20:18:28"
  },
  {
    "zk_id": "31",
    "log_date": "2026-04-14",
    "time_in": "19:15:57",
    "time_out": "19:15:57"
  },
  {
    "zk_id": "31",
    "log_date": "2026-04-15",
    "time_in": "08:18:20",
    "time_out": "19:24:46"
  },
  {
    "zk_id": "31",
    "log_date": "2026-04-16",
    "time_in": "08:19:41",
    "time_out": "08:19:41"
  },
  {
    "zk_id": "31",
    "log_date": "2026-04-19",
    "time_in": "07:28:18",
    "time_out": "17:17:39"
  },
  {
    "zk_id": "31",
    "log_date": "2026-04-21",
    "time_in": "07:26:58",
    "time_out": "20:17:58"
  },
  {
    "zk_id": "31",
    "log_date": "2026-04-22",
    "time_in": "19:12:58",
    "time_out": "19:12:58"
  },
  {
    "zk_id": "31",
    "log_date": "2026-04-23",
    "time_in": "08:17:45",
    "time_out": "19:25:08"
  },
  {
    "zk_id": "31",
    "log_date": "2026-04-24",
    "time_in": "08:17:55",
    "time_out": "08:17:55"
  },
  {
    "zk_id": "33",
    "log_date": "2026-04-02",
    "time_in": "07:44:47",
    "time_out": "17:01:10"
  },
  {
    "zk_id": "33",
    "log_date": "2026-04-03",
    "time_in": "07:42:55",
    "time_out": "17:20:48"
  },
  {
    "zk_id": "33",
    "log_date": "2026-04-04",
    "time_in": "07:49:45",
    "time_out": "20:20:04"
  },
  {
    "zk_id": "33",
    "log_date": "2026-04-05",
    "time_in": "07:42:14",
    "time_out": "07:42:14"
  },
  {
    "zk_id": "33",
    "log_date": "2026-04-06",
    "time_in": "08:20:34",
    "time_out": "19:46:13"
  },
  {
    "zk_id": "33",
    "log_date": "2026-04-07",
    "time_in": "08:21:40",
    "time_out": "19:51:25"
  },
  {
    "zk_id": "33",
    "log_date": "2026-04-08",
    "time_in": "06:12:25",
    "time_out": "06:12:25"
  },
  {
    "zk_id": "33",
    "log_date": "2026-04-12",
    "time_in": "07:57:23",
    "time_out": "20:20:26"
  },
  {
    "zk_id": "33",
    "log_date": "2026-04-13",
    "time_in": "07:40:49",
    "time_out": "20:06:40"
  },
  {
    "zk_id": "33",
    "log_date": "2026-04-14",
    "time_in": "19:40:53",
    "time_out": "19:40:53"
  },
  {
    "zk_id": "33",
    "log_date": "2026-04-15",
    "time_in": "08:20:29",
    "time_out": "19:49:34"
  },
  {
    "zk_id": "33",
    "log_date": "2026-04-16",
    "time_in": "08:22:17",
    "time_out": "19:44:15"
  },
  {
    "zk_id": "33",
    "log_date": "2026-04-17",
    "time_in": "08:21:49",
    "time_out": "08:21:49"
  },
  {
    "zk_id": "33",
    "log_date": "2026-04-18",
    "time_in": "07:42:31",
    "time_out": "17:08:59"
  },
  {
    "zk_id": "33",
    "log_date": "2026-04-19",
    "time_in": "07:46:42",
    "time_out": "16:13:29"
  },
  {
    "zk_id": "33",
    "log_date": "2026-04-20",
    "time_in": "07:27:41",
    "time_out": "20:22:43"
  },
  {
    "zk_id": "33",
    "log_date": "2026-04-21",
    "time_in": "07:32:06",
    "time_out": "20:14:52"
  },
  {
    "zk_id": "33",
    "log_date": "2026-04-22",
    "time_in": "19:47:48",
    "time_out": "19:47:48"
  },
  {
    "zk_id": "33",
    "log_date": "2026-04-23",
    "time_in": "08:16:05",
    "time_out": "08:16:05"
  },
  {
    "zk_id": "33",
    "log_date": "2026-04-24",
    "time_in": "19:49:24",
    "time_out": "19:49:24"
  },
  {
    "zk_id": "33",
    "log_date": "2026-04-25",
    "time_in": "08:14:12",
    "time_out": "19:42:38"
  },
  {
    "zk_id": "33",
    "log_date": "2026-04-26",
    "time_in": "08:23:31",
    "time_out": "08:23:31"
  },
  {
    "zk_id": "33",
    "log_date": "2026-04-27",
    "time_in": "07:45:44",
    "time_out": "07:45:44"
  },
  {
    "zk_id": "34",
    "log_date": "2026-04-01",
    "time_in": "08:24:20",
    "time_out": "20:04:04"
  },
  {
    "zk_id": "34",
    "log_date": "2026-04-02",
    "time_in": "17:18:31",
    "time_out": "17:18:31"
  },
  {
    "zk_id": "34",
    "log_date": "2026-04-03",
    "time_in": "07:44:10",
    "time_out": "17:16:43"
  },
  {
    "zk_id": "34",
    "log_date": "2026-04-04",
    "time_in": "08:06:00",
    "time_out": "20:18:36"
  },
  {
    "zk_id": "34",
    "log_date": "2026-04-05",
    "time_in": "08:04:16",
    "time_out": "20:17:59"
  },
  {
    "zk_id": "34",
    "log_date": "2026-04-06",
    "time_in": "19:40:28",
    "time_out": "19:40:28"
  },
  {
    "zk_id": "34",
    "log_date": "2026-04-07",
    "time_in": "08:17:06",
    "time_out": "20:00:21"
  },
  {
    "zk_id": "34",
    "log_date": "2026-04-08",
    "time_in": "20:18:56",
    "time_out": "20:18:56"
  },
  {
    "zk_id": "34",
    "log_date": "2026-04-09",
    "time_in": "07:54:49",
    "time_out": "07:54:49"
  },
  {
    "zk_id": "34",
    "log_date": "2026-04-10",
    "time_in": "08:34:07",
    "time_out": "08:34:07"
  },
  {
    "zk_id": "34",
    "log_date": "2026-04-11",
    "time_in": "07:48:53",
    "time_out": "17:18:57"
  },
  {
    "zk_id": "34",
    "log_date": "2026-04-12",
    "time_in": "07:51:16",
    "time_out": "20:18:31"
  },
  {
    "zk_id": "34",
    "log_date": "2026-04-13",
    "time_in": "07:45:39",
    "time_out": "20:17:49"
  },
  {
    "zk_id": "34",
    "log_date": "2026-04-14",
    "time_in": "20:06:29",
    "time_out": "20:06:29"
  },
  {
    "zk_id": "34",
    "log_date": "2026-04-15",
    "time_in": "08:18:56",
    "time_out": "19:42:59"
  },
  {
    "zk_id": "34",
    "log_date": "2026-04-16",
    "time_in": "20:18:05",
    "time_out": "20:18:05"
  },
  {
    "zk_id": "34",
    "log_date": "2026-04-17",
    "time_in": "08:16:07",
    "time_out": "20:15:02"
  },
  {
    "zk_id": "34",
    "log_date": "2026-04-18",
    "time_in": "07:51:27",
    "time_out": "19:46:14"
  },
  {
    "zk_id": "34",
    "log_date": "2026-04-19",
    "time_in": "17:17:42",
    "time_out": "17:17:42"
  },
  {
    "zk_id": "34",
    "log_date": "2026-04-20",
    "time_in": "07:52:01",
    "time_out": "20:18:18"
  },
  {
    "zk_id": "34",
    "log_date": "2026-04-21",
    "time_in": "07:56:58",
    "time_out": "20:18:00"
  },
  {
    "zk_id": "34",
    "log_date": "2026-04-22",
    "time_in": "19:58:17",
    "time_out": "19:58:17"
  },
  {
    "zk_id": "34",
    "log_date": "2026-04-23",
    "time_in": "08:17:47",
    "time_out": "20:03:01"
  },
  {
    "zk_id": "34",
    "log_date": "2026-04-24",
    "time_in": "20:18:33",
    "time_out": "20:18:33"
  },
  {
    "zk_id": "34",
    "log_date": "2026-04-25",
    "time_in": "08:06:47",
    "time_out": "20:08:43"
  },
  {
    "zk_id": "34",
    "log_date": "2026-04-26",
    "time_in": "19:51:11",
    "time_out": "19:51:11"
  },
  {
    "zk_id": "35",
    "log_date": "2026-04-03",
    "time_in": "20:18:25",
    "time_out": "20:18:25"
  },
  {
    "zk_id": "35",
    "log_date": "2026-04-07",
    "time_in": "20:18:07",
    "time_out": "20:18:07"
  },
  {
    "zk_id": "35",
    "log_date": "2026-04-08",
    "time_in": "19:35:35",
    "time_out": "19:35:35"
  },
  {
    "zk_id": "35",
    "log_date": "2026-04-10",
    "time_in": "08:19:50",
    "time_out": "08:19:50"
  },
  {
    "zk_id": "35",
    "log_date": "2026-04-11",
    "time_in": "08:18:23",
    "time_out": "08:18:23"
  },
  {
    "zk_id": "35",
    "log_date": "2026-04-12",
    "time_in": "08:11:37",
    "time_out": "08:11:37"
  },
  {
    "zk_id": "35",
    "log_date": "2026-04-15",
    "time_in": "07:44:24",
    "time_out": "07:44:24"
  },
  {
    "zk_id": "35",
    "log_date": "2026-04-16",
    "time_in": "19:53:44",
    "time_out": "19:53:44"
  },
  {
    "zk_id": "35",
    "log_date": "2026-04-17",
    "time_in": "19:39:31",
    "time_out": "19:39:31"
  },
  {
    "zk_id": "35",
    "log_date": "2026-04-20",
    "time_in": "08:20:40",
    "time_out": "08:20:40"
  },
  {
    "zk_id": "35",
    "log_date": "2026-04-21",
    "time_in": "17:17:44",
    "time_out": "17:17:44"
  },
  {
    "zk_id": "35",
    "log_date": "2026-04-22",
    "time_in": "07:50:34",
    "time_out": "20:17:55"
  },
  {
    "zk_id": "35",
    "log_date": "2026-04-23",
    "time_in": "20:12:50",
    "time_out": "20:12:50"
  },
  {
    "zk_id": "35",
    "log_date": "2026-04-24",
    "time_in": "19:41:21",
    "time_out": "19:41:21"
  },
  {
    "zk_id": "35",
    "log_date": "2026-04-25",
    "time_in": "08:18:07",
    "time_out": "19:56:41"
  },
  {
    "zk_id": "35",
    "log_date": "2026-04-26",
    "time_in": "08:18:20",
    "time_out": "08:18:20"
  },
  {
    "zk_id": "36",
    "log_date": "2026-04-09",
    "time_in": "07:24:34",
    "time_out": "07:24:34"
  },
  {
    "zk_id": "36",
    "log_date": "2026-04-10",
    "time_in": "07:36:50",
    "time_out": "20:19:40"
  },
  {
    "zk_id": "36",
    "log_date": "2026-04-11",
    "time_in": "07:48:54",
    "time_out": "20:18:41"
  },
  {
    "zk_id": "36",
    "log_date": "2026-04-12",
    "time_in": "19:24:23",
    "time_out": "19:24:23"
  },
  {
    "zk_id": "36",
    "log_date": "2026-04-13",
    "time_in": "08:20:06",
    "time_out": "19:23:06"
  },
  {
    "zk_id": "36",
    "log_date": "2026-04-15",
    "time_in": "07:43:11",
    "time_out": "07:43:11"
  },
  {
    "zk_id": "36",
    "log_date": "2026-04-19",
    "time_in": "07:41:25",
    "time_out": "20:18:39"
  },
  {
    "zk_id": "36",
    "log_date": "2026-04-20",
    "time_in": "19:20:04",
    "time_out": "19:20:04"
  },
  {
    "zk_id": "36",
    "log_date": "2026-04-21",
    "time_in": "08:19:19",
    "time_out": "19:19:56"
  },
  {
    "zk_id": "36",
    "log_date": "2026-04-22",
    "time_in": "08:20:56",
    "time_out": "08:20:56"
  },
  {
    "zk_id": "36",
    "log_date": "2026-04-25",
    "time_in": "07:30:27",
    "time_out": "17:18:04"
  },
  {
    "zk_id": "36",
    "log_date": "2026-04-26",
    "time_in": "07:35:53",
    "time_out": "20:18:39"
  },
  {
    "zk_id": "36",
    "log_date": "2026-04-27",
    "time_in": "07:50:39",
    "time_out": "07:50:39"
  },
  {
    "zk_id": "37",
    "log_date": "2026-04-01",
    "time_in": "07:52:12",
    "time_out": "20:16:01"
  },
  {
    "zk_id": "37",
    "log_date": "2026-04-02",
    "time_in": "07:52:37",
    "time_out": "07:52:37"
  },
  {
    "zk_id": "37",
    "log_date": "2026-04-03",
    "time_in": "08:13:03",
    "time_out": "19:08:56"
  },
  {
    "zk_id": "37",
    "log_date": "2026-04-04",
    "time_in": "20:12:26",
    "time_out": "20:12:26"
  },
  {
    "zk_id": "37",
    "log_date": "2026-04-07",
    "time_in": "08:07:19",
    "time_out": "17:20:46"
  },
  {
    "zk_id": "37",
    "log_date": "2026-04-08",
    "time_in": "07:40:59",
    "time_out": "20:20:25"
  },
  {
    "zk_id": "37",
    "log_date": "2026-04-09",
    "time_in": "07:40:48",
    "time_out": "07:40:48"
  },
  {
    "zk_id": "37",
    "log_date": "2026-04-10",
    "time_in": "06:19:53",
    "time_out": "19:29:22"
  },
  {
    "zk_id": "37",
    "log_date": "2026-04-11",
    "time_in": "08:13:49",
    "time_out": "19:18:38"
  },
  {
    "zk_id": "37",
    "log_date": "2026-04-13",
    "time_in": "07:57:08",
    "time_out": "20:18:53"
  },
  {
    "zk_id": "37",
    "log_date": "2026-04-14",
    "time_in": "07:48:28",
    "time_out": "20:20:40"
  },
  {
    "zk_id": "37",
    "log_date": "2026-04-15",
    "time_in": "07:28:58",
    "time_out": "17:19:28"
  },
  {
    "zk_id": "37",
    "log_date": "2026-04-16",
    "time_in": "07:42:45",
    "time_out": "20:20:55"
  },
  {
    "zk_id": "37",
    "log_date": "2026-04-17",
    "time_in": "07:52:23",
    "time_out": "07:52:23"
  },
  {
    "zk_id": "37",
    "log_date": "2026-04-18",
    "time_in": "08:12:18",
    "time_out": "19:40:22"
  },
  {
    "zk_id": "37",
    "log_date": "2026-04-19",
    "time_in": "08:19:14",
    "time_out": "19:38:54"
  },
  {
    "zk_id": "37",
    "log_date": "2026-04-21",
    "time_in": "07:33:56",
    "time_out": "20:14:45"
  },
  {
    "zk_id": "37",
    "log_date": "2026-04-22",
    "time_in": "07:42:25",
    "time_out": "17:12:39"
  },
  {
    "zk_id": "37",
    "log_date": "2026-04-23",
    "time_in": "07:46:35",
    "time_out": "17:19:37"
  },
  {
    "zk_id": "37",
    "log_date": "2026-04-24",
    "time_in": "08:02:51",
    "time_out": "20:20:45"
  },
  {
    "zk_id": "37",
    "log_date": "2026-04-25",
    "time_in": "07:56:33",
    "time_out": "07:56:33"
  },
  {
    "zk_id": "37",
    "log_date": "2026-04-26",
    "time_in": "08:21:28",
    "time_out": "19:59:19"
  },
  {
    "zk_id": "37",
    "log_date": "2026-04-27",
    "time_in": "08:14:23",
    "time_out": "08:14:23"
  },
  {
    "zk_id": "39",
    "log_date": "2026-04-01",
    "time_in": "08:21:38",
    "time_out": "08:21:38"
  },
  {
    "zk_id": "39",
    "log_date": "2026-04-05",
    "time_in": "07:47:01",
    "time_out": "07:47:01"
  },
  {
    "zk_id": "39",
    "log_date": "2026-04-06",
    "time_in": "07:36:08",
    "time_out": "20:13:40"
  },
  {
    "zk_id": "39",
    "log_date": "2026-04-07",
    "time_in": "07:44:56",
    "time_out": "07:44:56"
  },
  {
    "zk_id": "39",
    "log_date": "2026-04-08",
    "time_in": "08:17:00",
    "time_out": "19:36:55"
  },
  {
    "zk_id": "39",
    "log_date": "2026-04-09",
    "time_in": "08:13:00",
    "time_out": "19:51:02"
  },
  {
    "zk_id": "39",
    "log_date": "2026-04-10",
    "time_in": "18:14:02",
    "time_out": "18:14:02"
  },
  {
    "zk_id": "39",
    "log_date": "2026-04-13",
    "time_in": "07:50:52",
    "time_out": "17:24:38"
  },
  {
    "zk_id": "39",
    "log_date": "2026-04-14",
    "time_in": "07:33:46",
    "time_out": "20:19:21"
  },
  {
    "zk_id": "39",
    "log_date": "2026-04-15",
    "time_in": "07:36:35",
    "time_out": "07:36:35"
  },
  {
    "zk_id": "39",
    "log_date": "2026-04-16",
    "time_in": "08:14:03",
    "time_out": "19:41:07"
  },
  {
    "zk_id": "39",
    "log_date": "2026-04-17",
    "time_in": "07:14:13",
    "time_out": "19:40:52"
  },
  {
    "zk_id": "39",
    "log_date": "2026-04-21",
    "time_in": "07:43:22",
    "time_out": "17:14:37"
  },
  {
    "zk_id": "39",
    "log_date": "2026-04-22",
    "time_in": "08:05:50",
    "time_out": "20:21:53"
  },
  {
    "zk_id": "39",
    "log_date": "2026-04-23",
    "time_in": "08:02:22",
    "time_out": "20:12:54"
  },
  {
    "zk_id": "39",
    "log_date": "2026-04-24",
    "time_in": "19:47:48",
    "time_out": "19:47:48"
  },
  {
    "zk_id": "39",
    "log_date": "2026-04-25",
    "time_in": "08:14:27",
    "time_out": "08:14:27"
  },
  {
    "zk_id": "39",
    "log_date": "2026-04-27",
    "time_in": "07:59:37",
    "time_out": "07:59:37"
  },
  {
    "zk_id": "4",
    "log_date": "2026-04-01",
    "time_in": "07:29:04",
    "time_out": "20:15:53"
  },
  {
    "zk_id": "4",
    "log_date": "2026-04-02",
    "time_in": "07:26:04",
    "time_out": "07:26:04"
  },
  {
    "zk_id": "4",
    "log_date": "2026-04-03",
    "time_in": "08:19:04",
    "time_out": "17:40:07"
  },
  {
    "zk_id": "4",
    "log_date": "2026-04-04",
    "time_in": "08:15:48",
    "time_out": "08:15:48"
  },
  {
    "zk_id": "4",
    "log_date": "2026-04-07",
    "time_in": "07:40:56",
    "time_out": "17:18:42"
  },
  {
    "zk_id": "4",
    "log_date": "2026-04-08",
    "time_in": "07:44:28",
    "time_out": "20:13:11"
  },
  {
    "zk_id": "4",
    "log_date": "2026-04-09",
    "time_in": "07:17:17",
    "time_out": "07:17:17"
  },
  {
    "zk_id": "4",
    "log_date": "2026-04-10",
    "time_in": "07:04:03",
    "time_out": "19:10:11"
  },
  {
    "zk_id": "4",
    "log_date": "2026-04-11",
    "time_in": "08:13:40",
    "time_out": "08:13:40"
  },
  {
    "zk_id": "4",
    "log_date": "2026-04-15",
    "time_in": "07:36:55",
    "time_out": "17:19:35"
  },
  {
    "zk_id": "4",
    "log_date": "2026-04-16",
    "time_in": "07:32:31",
    "time_out": "20:18:21"
  },
  {
    "zk_id": "4",
    "log_date": "2026-04-17",
    "time_in": "07:09:01",
    "time_out": "20:18:29"
  },
  {
    "zk_id": "4",
    "log_date": "2026-04-18",
    "time_in": "18:04:08",
    "time_out": "18:04:08"
  },
  {
    "zk_id": "4",
    "log_date": "2026-04-19",
    "time_in": "08:11:57",
    "time_out": "19:23:07"
  },
  {
    "zk_id": "4",
    "log_date": "2026-04-20",
    "time_in": "08:18:34",
    "time_out": "18:44:57"
  },
  {
    "zk_id": "4",
    "log_date": "2026-04-21",
    "time_in": "08:19:59",
    "time_out": "18:38:16"
  },
  {
    "zk_id": "4",
    "log_date": "2026-04-22",
    "time_in": "08:19:07",
    "time_out": "08:19:07"
  },
  {
    "zk_id": "4",
    "log_date": "2026-04-23",
    "time_in": "07:12:19",
    "time_out": "17:19:29"
  },
  {
    "zk_id": "4",
    "log_date": "2026-04-24",
    "time_in": "07:17:53",
    "time_out": "20:18:51"
  },
  {
    "zk_id": "4",
    "log_date": "2026-04-25",
    "time_in": "07:57:28",
    "time_out": "07:57:28"
  },
  {
    "zk_id": "4",
    "log_date": "2026-04-26",
    "time_in": "08:20:15",
    "time_out": "19:49:00"
  },
  {
    "zk_id": "4",
    "log_date": "2026-04-27",
    "time_in": "08:18:35",
    "time_out": "08:18:35"
  },
  {
    "zk_id": "40",
    "log_date": "2026-04-01",
    "time_in": "08:24:09",
    "time_out": "08:24:09"
  },
  {
    "zk_id": "40",
    "log_date": "2026-04-02",
    "time_in": "07:44:08",
    "time_out": "17:19:56"
  },
  {
    "zk_id": "40",
    "log_date": "2026-04-03",
    "time_in": "07:42:52",
    "time_out": "17:20:51"
  },
  {
    "zk_id": "40",
    "log_date": "2026-04-04",
    "time_in": "07:49:30",
    "time_out": "20:20:10"
  },
  {
    "zk_id": "40",
    "log_date": "2026-04-05",
    "time_in": "07:42:10",
    "time_out": "20:16:02"
  },
  {
    "zk_id": "40",
    "log_date": "2026-04-06",
    "time_in": "19:46:28",
    "time_out": "19:46:28"
  },
  {
    "zk_id": "40",
    "log_date": "2026-04-07",
    "time_in": "08:21:36",
    "time_out": "19:51:46"
  },
  {
    "zk_id": "40",
    "log_date": "2026-04-08",
    "time_in": "08:24:48",
    "time_out": "19:46:39"
  },
  {
    "zk_id": "40",
    "log_date": "2026-04-09",
    "time_in": "08:20:01",
    "time_out": "08:20:01"
  },
  {
    "zk_id": "40",
    "log_date": "2026-04-11",
    "time_in": "07:51:48",
    "time_out": "17:21:10"
  },
  {
    "zk_id": "40",
    "log_date": "2026-04-12",
    "time_in": "07:57:30",
    "time_out": "20:20:16"
  },
  {
    "zk_id": "40",
    "log_date": "2026-04-13",
    "time_in": "07:49:43",
    "time_out": "20:06:31"
  },
  {
    "zk_id": "40",
    "log_date": "2026-04-14",
    "time_in": "19:40:57",
    "time_out": "19:40:57"
  },
  {
    "zk_id": "40",
    "log_date": "2026-04-15",
    "time_in": "08:20:39",
    "time_out": "19:49:56"
  },
  {
    "zk_id": "40",
    "log_date": "2026-04-16",
    "time_in": "08:22:10",
    "time_out": "08:22:10"
  },
  {
    "zk_id": "40",
    "log_date": "2026-04-20",
    "time_in": "07:28:19",
    "time_out": "20:22:53"
  },
  {
    "zk_id": "40",
    "log_date": "2026-04-21",
    "time_in": "07:33:19",
    "time_out": "20:18:46"
  },
  {
    "zk_id": "40",
    "log_date": "2026-04-22",
    "time_in": "19:47:52",
    "time_out": "19:47:52"
  },
  {
    "zk_id": "40",
    "log_date": "2026-04-23",
    "time_in": "08:16:10",
    "time_out": "19:38:24"
  },
  {
    "zk_id": "40",
    "log_date": "2026-04-24",
    "time_in": "08:20:42",
    "time_out": "19:54:40"
  },
  {
    "zk_id": "40",
    "log_date": "2026-04-25",
    "time_in": "19:42:42",
    "time_out": "19:42:42"
  },
  {
    "zk_id": "40",
    "log_date": "2026-04-26",
    "time_in": "08:21:23",
    "time_out": "19:54:26"
  },
  {
    "zk_id": "41",
    "log_date": "2026-04-01",
    "time_in": "08:01:55",
    "time_out": "08:01:55"
  },
  {
    "zk_id": "41",
    "log_date": "2026-04-02",
    "time_in": "07:32:44",
    "time_out": "07:32:44"
  },
  {
    "zk_id": "41",
    "log_date": "2026-04-03",
    "time_in": "08:13:24",
    "time_out": "08:13:24"
  },
  {
    "zk_id": "41",
    "log_date": "2026-04-04",
    "time_in": "08:12:50",
    "time_out": "19:41:44"
  },
  {
    "zk_id": "41",
    "log_date": "2026-04-05",
    "time_in": "08:12:08",
    "time_out": "20:06:25"
  },
  {
    "zk_id": "41",
    "log_date": "2026-04-06",
    "time_in": "08:20:42",
    "time_out": "08:20:42"
  },
  {
    "zk_id": "41",
    "log_date": "2026-04-07",
    "time_in": "07:59:19",
    "time_out": "17:18:33"
  },
  {
    "zk_id": "41",
    "log_date": "2026-04-08",
    "time_in": "07:50:25",
    "time_out": "20:17:57"
  },
  {
    "zk_id": "41",
    "log_date": "2026-04-09",
    "time_in": "07:35:27",
    "time_out": "07:35:27"
  },
  {
    "zk_id": "41",
    "log_date": "2026-04-10",
    "time_in": "19:29:19",
    "time_out": "19:29:19"
  },
  {
    "zk_id": "41",
    "log_date": "2026-04-11",
    "time_in": "08:18:20",
    "time_out": "19:41:45"
  },
  {
    "zk_id": "41",
    "log_date": "2026-04-12",
    "time_in": "08:13:54",
    "time_out": "19:23:07"
  },
  {
    "zk_id": "41",
    "log_date": "2026-04-13",
    "time_in": "08:18:50",
    "time_out": "19:31:09"
  },
  {
    "zk_id": "41",
    "log_date": "2026-04-14",
    "time_in": "08:22:18",
    "time_out": "08:22:18"
  },
  {
    "zk_id": "41",
    "log_date": "2026-04-15",
    "time_in": "08:00:40",
    "time_out": "17:20:12"
  },
  {
    "zk_id": "41",
    "log_date": "2026-04-16",
    "time_in": "07:59:09",
    "time_out": "20:20:48"
  },
  {
    "zk_id": "41",
    "log_date": "2026-04-17",
    "time_in": "07:38:36",
    "time_out": "07:38:36"
  },
  {
    "zk_id": "41",
    "log_date": "2026-04-18",
    "time_in": "08:21:51",
    "time_out": "19:40:53"
  },
  {
    "zk_id": "41",
    "log_date": "2026-04-19",
    "time_in": "08:25:49",
    "time_out": "19:38:41"
  },
  {
    "zk_id": "41",
    "log_date": "2026-04-20",
    "time_in": "08:20:51",
    "time_out": "19:41:54"
  },
  {
    "zk_id": "41",
    "log_date": "2026-04-21",
    "time_in": "08:20:01",
    "time_out": "19:19:59"
  },
  {
    "zk_id": "41",
    "log_date": "2026-04-22",
    "time_in": "08:23:37",
    "time_out": "08:23:37"
  },
  {
    "zk_id": "41",
    "log_date": "2026-04-23",
    "time_in": "07:31:14",
    "time_out": "17:20:07"
  },
  {
    "zk_id": "41",
    "log_date": "2026-04-24",
    "time_in": "07:21:53",
    "time_out": "20:24:06"
  },
  {
    "zk_id": "41",
    "log_date": "2026-04-25",
    "time_in": "07:49:31",
    "time_out": "07:49:31"
  },
  {
    "zk_id": "41",
    "log_date": "2026-04-26",
    "time_in": "08:21:17",
    "time_out": "19:48:50"
  },
  {
    "zk_id": "41",
    "log_date": "2026-04-27",
    "time_in": "08:17:40",
    "time_out": "08:17:40"
  },
  {
    "zk_id": "42",
    "log_date": "2026-04-01",
    "time_in": "08:04:03",
    "time_out": "20:15:48"
  },
  {
    "zk_id": "42",
    "log_date": "2026-04-02",
    "time_in": "07:54:17",
    "time_out": "17:20:03"
  },
  {
    "zk_id": "42",
    "log_date": "2026-04-03",
    "time_in": "07:58:14",
    "time_out": "17:20:56"
  },
  {
    "zk_id": "42",
    "log_date": "2026-04-04",
    "time_in": "07:55:17",
    "time_out": "20:20:19"
  },
  {
    "zk_id": "42",
    "log_date": "2026-04-05",
    "time_in": "07:42:05",
    "time_out": "20:16:19"
  },
  {
    "zk_id": "42",
    "log_date": "2026-04-06",
    "time_in": "07:57:45",
    "time_out": "07:57:45"
  },
  {
    "zk_id": "42",
    "log_date": "2026-04-07",
    "time_in": "08:21:48",
    "time_out": "19:53:03"
  },
  {
    "zk_id": "42",
    "log_date": "2026-04-08",
    "time_in": "20:22:36",
    "time_out": "20:22:36"
  },
  {
    "zk_id": "42",
    "log_date": "2026-04-09",
    "time_in": "07:53:53",
    "time_out": "07:53:53"
  },
  {
    "zk_id": "42",
    "log_date": "2026-04-10",
    "time_in": "08:19:28",
    "time_out": "19:53:01"
  },
  {
    "zk_id": "42",
    "log_date": "2026-04-11",
    "time_in": "17:21:23",
    "time_out": "17:21:23"
  },
  {
    "zk_id": "42",
    "log_date": "2026-04-12",
    "time_in": "07:44:31",
    "time_out": "20:20:21"
  },
  {
    "zk_id": "42",
    "log_date": "2026-04-13",
    "time_in": "07:55:20",
    "time_out": "20:22:25"
  },
  {
    "zk_id": "42",
    "log_date": "2026-04-14",
    "time_in": "07:56:52",
    "time_out": "07:56:52"
  },
  {
    "zk_id": "42",
    "log_date": "2026-04-15",
    "time_in": "08:20:52",
    "time_out": "19:59:19"
  },
  {
    "zk_id": "42",
    "log_date": "2026-04-16",
    "time_in": "20:21:10",
    "time_out": "20:21:10"
  },
  {
    "zk_id": "42",
    "log_date": "2026-04-17",
    "time_in": "07:54:40",
    "time_out": "07:54:40"
  },
  {
    "zk_id": "42",
    "log_date": "2026-04-18",
    "time_in": "17:21:49",
    "time_out": "17:21:49"
  },
  {
    "zk_id": "42",
    "log_date": "2026-04-19",
    "time_in": "08:01:52",
    "time_out": "17:19:29"
  },
  {
    "zk_id": "42",
    "log_date": "2026-04-20",
    "time_in": "07:54:31",
    "time_out": "20:22:49"
  },
  {
    "zk_id": "42",
    "log_date": "2026-04-21",
    "time_in": "07:53:34",
    "time_out": "20:22:57"
  },
  {
    "zk_id": "42",
    "log_date": "2026-04-22",
    "time_in": "07:51:18",
    "time_out": "07:51:18"
  },
  {
    "zk_id": "42",
    "log_date": "2026-04-23",
    "time_in": "08:20:18",
    "time_out": "19:52:45"
  },
  {
    "zk_id": "42",
    "log_date": "2026-04-25",
    "time_in": "06:20:48",
    "time_out": "06:20:48"
  },
  {
    "zk_id": "42",
    "log_date": "2026-04-27",
    "time_in": "07:58:08",
    "time_out": "07:58:08"
  },
  {
    "zk_id": "45",
    "log_date": "2026-04-04",
    "time_in": "19:41:39",
    "time_out": "19:41:39"
  },
  {
    "zk_id": "45",
    "log_date": "2026-04-05",
    "time_in": "08:12:04",
    "time_out": "08:12:04"
  },
  {
    "zk_id": "45",
    "log_date": "2026-04-07",
    "time_in": "07:30:25",
    "time_out": "07:30:25"
  },
  {
    "zk_id": "45",
    "log_date": "2026-04-09",
    "time_in": "07:31:26",
    "time_out": "07:31:26"
  },
  {
    "zk_id": "45",
    "log_date": "2026-04-11",
    "time_in": "07:32:18",
    "time_out": "07:32:18"
  },
  {
    "zk_id": "45",
    "log_date": "2026-04-12",
    "time_in": "19:46:42",
    "time_out": "19:46:42"
  },
  {
    "zk_id": "45",
    "log_date": "2026-04-13",
    "time_in": "08:18:41",
    "time_out": "08:18:41"
  },
  {
    "zk_id": "45",
    "log_date": "2026-04-18",
    "time_in": "07:30:38",
    "time_out": "20:18:22"
  },
  {
    "zk_id": "45",
    "log_date": "2026-04-19",
    "time_in": "07:35:55",
    "time_out": "07:35:55"
  },
  {
    "zk_id": "45",
    "log_date": "2026-04-20",
    "time_in": "07:28:16",
    "time_out": "07:28:16"
  },
  {
    "zk_id": "45",
    "log_date": "2026-04-21",
    "time_in": "08:19:17",
    "time_out": "08:19:17"
  },
  {
    "zk_id": "45",
    "log_date": "2026-04-22",
    "time_in": "19:38:58",
    "time_out": "19:38:58"
  },
  {
    "zk_id": "45",
    "log_date": "2026-04-23",
    "time_in": "17:20:16",
    "time_out": "19:38:07"
  },
  {
    "zk_id": "45",
    "log_date": "2026-04-24",
    "time_in": "08:20:37",
    "time_out": "08:20:37"
  },
  {
    "zk_id": "45",
    "log_date": "2026-04-27",
    "time_in": "07:29:59",
    "time_out": "07:29:59"
  },
  {
    "zk_id": "46",
    "log_date": "2026-04-01",
    "time_in": "19:21:13",
    "time_out": "19:21:13"
  },
  {
    "zk_id": "46",
    "log_date": "2026-04-06",
    "time_in": "19:46:07",
    "time_out": "19:46:07"
  },
  {
    "zk_id": "46",
    "log_date": "2026-04-07",
    "time_in": "08:28:11",
    "time_out": "19:30:37"
  },
  {
    "zk_id": "46",
    "log_date": "2026-04-08",
    "time_in": "08:19:35",
    "time_out": "08:19:35"
  },
  {
    "zk_id": "46",
    "log_date": "2026-04-09",
    "time_in": "07:57:59",
    "time_out": "07:57:59"
  },
  {
    "zk_id": "46",
    "log_date": "2026-04-10",
    "time_in": "08:14:35",
    "time_out": "19:29:07"
  },
  {
    "zk_id": "46",
    "log_date": "2026-04-12",
    "time_in": "07:58:03",
    "time_out": "20:00:35"
  },
  {
    "zk_id": "46",
    "log_date": "2026-04-13",
    "time_in": "07:48:38",
    "time_out": "07:48:38"
  },
  {
    "zk_id": "46",
    "log_date": "2026-04-14",
    "time_in": "08:22:00",
    "time_out": "19:15:54"
  },
  {
    "zk_id": "46",
    "log_date": "2026-04-15",
    "time_in": "08:19:10",
    "time_out": "19:22:59"
  },
  {
    "zk_id": "46",
    "log_date": "2026-04-16",
    "time_in": "08:21:58",
    "time_out": "19:42:23"
  },
  {
    "zk_id": "46",
    "log_date": "2026-04-17",
    "time_in": "19:49:27",
    "time_out": "19:49:27"
  },
  {
    "zk_id": "46",
    "log_date": "2026-04-19",
    "time_in": "07:46:03",
    "time_out": "07:46:03"
  },
  {
    "zk_id": "46",
    "log_date": "2026-04-20",
    "time_in": "07:41:41",
    "time_out": "07:41:41"
  },
  {
    "zk_id": "46",
    "log_date": "2026-04-21",
    "time_in": "07:35:44",
    "time_out": "07:35:44"
  },
  {
    "zk_id": "46",
    "log_date": "2026-04-22",
    "time_in": "19:15:03",
    "time_out": "19:15:03"
  },
  {
    "zk_id": "46",
    "log_date": "2026-04-23",
    "time_in": "08:23:30",
    "time_out": "19:51:44"
  },
  {
    "zk_id": "46",
    "log_date": "2026-04-24",
    "time_in": "19:24:45",
    "time_out": "19:24:45"
  },
  {
    "zk_id": "46",
    "log_date": "2026-04-25",
    "time_in": "08:46:13",
    "time_out": "19:33:36"
  },
  {
    "zk_id": "46",
    "log_date": "2026-04-26",
    "time_in": "20:08:27",
    "time_out": "20:08:27"
  },
  {
    "zk_id": "46",
    "log_date": "2026-04-27",
    "time_in": "07:55:41",
    "time_out": "07:55:41"
  },
  {
    "zk_id": "47",
    "log_date": "2026-04-02",
    "time_in": "07:43:59",
    "time_out": "17:20:43"
  },
  {
    "zk_id": "47",
    "log_date": "2026-04-03",
    "time_in": "07:45:43",
    "time_out": "17:21:01"
  },
  {
    "zk_id": "47",
    "log_date": "2026-04-04",
    "time_in": "07:49:36",
    "time_out": "20:20:54"
  },
  {
    "zk_id": "47",
    "log_date": "2026-04-05",
    "time_in": "07:42:24",
    "time_out": "20:16:09"
  },
  {
    "zk_id": "47",
    "log_date": "2026-04-06",
    "time_in": "07:48:05",
    "time_out": "07:48:05"
  },
  {
    "zk_id": "47",
    "log_date": "2026-04-07",
    "time_in": "08:22:00",
    "time_out": "19:51:28"
  },
  {
    "zk_id": "47",
    "log_date": "2026-04-08",
    "time_in": "20:17:52",
    "time_out": "20:17:52"
  },
  {
    "zk_id": "47",
    "log_date": "2026-04-09",
    "time_in": "07:51:52",
    "time_out": "07:51:52"
  },
  {
    "zk_id": "47",
    "log_date": "2026-04-10",
    "time_in": "08:22:59",
    "time_out": "08:22:59"
  },
  {
    "zk_id": "47",
    "log_date": "2026-04-11",
    "time_in": "07:56:34",
    "time_out": "17:21:26"
  },
  {
    "zk_id": "47",
    "log_date": "2026-04-12",
    "time_in": "07:57:50",
    "time_out": "20:20:56"
  },
  {
    "zk_id": "47",
    "log_date": "2026-04-13",
    "time_in": "07:41:26",
    "time_out": "20:23:17"
  },
  {
    "zk_id": "47",
    "log_date": "2026-04-14",
    "time_in": "07:53:00",
    "time_out": "07:53:00"
  },
  {
    "zk_id": "47",
    "log_date": "2026-04-15",
    "time_in": "08:20:42",
    "time_out": "19:50:06"
  },
  {
    "zk_id": "47",
    "log_date": "2026-04-16",
    "time_in": "20:20:59",
    "time_out": "20:20:59"
  },
  {
    "zk_id": "47",
    "log_date": "2026-04-17",
    "time_in": "07:46:25",
    "time_out": "20:15:15"
  },
  {
    "zk_id": "47",
    "log_date": "2026-04-18",
    "time_in": "07:42:47",
    "time_out": "17:21:27"
  },
  {
    "zk_id": "47",
    "log_date": "2026-04-19",
    "time_in": "07:51:44",
    "time_out": "17:20:18"
  },
  {
    "zk_id": "47",
    "log_date": "2026-04-20",
    "time_in": "07:28:01",
    "time_out": "20:23:00"
  },
  {
    "zk_id": "47",
    "log_date": "2026-04-21",
    "time_in": "07:36:01",
    "time_out": "20:21:44"
  },
  {
    "zk_id": "47",
    "log_date": "2026-04-22",
    "time_in": "07:48:41",
    "time_out": "07:48:41"
  },
  {
    "zk_id": "47",
    "log_date": "2026-04-23",
    "time_in": "08:16:30",
    "time_out": "19:38:11"
  },
  {
    "zk_id": "47",
    "log_date": "2026-04-24",
    "time_in": "17:15:27",
    "time_out": "17:15:27"
  },
  {
    "zk_id": "47",
    "log_date": "2026-04-26",
    "time_in": "07:53:21",
    "time_out": "07:53:21"
  },
  {
    "zk_id": "48",
    "log_date": "2026-04-01",
    "time_in": "08:20:55",
    "time_out": "19:43:07"
  },
  {
    "zk_id": "48",
    "log_date": "2026-04-03",
    "time_in": "07:26:02",
    "time_out": "07:26:02"
  },
  {
    "zk_id": "48",
    "log_date": "2026-04-04",
    "time_in": "19:11:24",
    "time_out": "19:11:24"
  },
  {
    "zk_id": "48",
    "log_date": "2026-04-06",
    "time_in": "20:17:53",
    "time_out": "20:17:53"
  },
  {
    "zk_id": "48",
    "log_date": "2026-04-07",
    "time_in": "07:45:10",
    "time_out": "07:45:10"
  },
  {
    "zk_id": "48",
    "log_date": "2026-04-08",
    "time_in": "19:49:49",
    "time_out": "19:49:49"
  },
  {
    "zk_id": "48",
    "log_date": "2026-04-09",
    "time_in": "08:13:09",
    "time_out": "19:48:34"
  },
  {
    "zk_id": "48",
    "log_date": "2026-04-10",
    "time_in": "18:14:25",
    "time_out": "18:14:25"
  },
  {
    "zk_id": "48",
    "log_date": "2026-04-13",
    "time_in": "07:46:00",
    "time_out": "17:24:41"
  },
  {
    "zk_id": "48",
    "log_date": "2026-04-14",
    "time_in": "07:30:34",
    "time_out": "20:23:28"
  },
  {
    "zk_id": "48",
    "log_date": "2026-04-15",
    "time_in": "07:41:30",
    "time_out": "20:24:41"
  },
  {
    "zk_id": "48",
    "log_date": "2026-04-16",
    "time_in": "19:34:37",
    "time_out": "19:34:37"
  },
  {
    "zk_id": "48",
    "log_date": "2026-04-17",
    "time_in": "08:26:11",
    "time_out": "19:48:24"
  },
  {
    "zk_id": "48",
    "log_date": "2026-04-21",
    "time_in": "07:25:52",
    "time_out": "17:15:08"
  },
  {
    "zk_id": "48",
    "log_date": "2026-04-22",
    "time_in": "07:31:18",
    "time_out": "20:22:06"
  },
  {
    "zk_id": "48",
    "log_date": "2026-04-23",
    "time_in": "07:42:47",
    "time_out": "19:18:27"
  },
  {
    "zk_id": "48",
    "log_date": "2026-04-24",
    "time_in": "19:54:28",
    "time_out": "19:54:28"
  },
  {
    "zk_id": "48",
    "log_date": "2026-04-25",
    "time_in": "08:14:30",
    "time_out": "19:53:57"
  },
  {
    "zk_id": "48",
    "log_date": "2026-04-26",
    "time_in": "08:23:33",
    "time_out": "08:23:33"
  },
  {
    "zk_id": "48",
    "log_date": "2026-04-27",
    "time_in": "07:54:51",
    "time_out": "07:54:51"
  },
  {
    "zk_id": "49",
    "log_date": "2026-04-01",
    "time_in": "08:19:59",
    "time_out": "20:00:22"
  },
  {
    "zk_id": "49",
    "log_date": "2026-04-02",
    "time_in": "08:13:41",
    "time_out": "19:56:07"
  },
  {
    "zk_id": "49",
    "log_date": "2026-04-03",
    "time_in": "08:23:36",
    "time_out": "19:56:48"
  },
  {
    "zk_id": "49",
    "log_date": "2026-04-04",
    "time_in": "08:06:07",
    "time_out": "17:20:25"
  },
  {
    "zk_id": "49",
    "log_date": "2026-04-05",
    "time_in": "07:47:16",
    "time_out": "17:12:47"
  },
  {
    "zk_id": "49",
    "log_date": "2026-04-06",
    "time_in": "07:49:45",
    "time_out": "20:20:13"
  },
  {
    "zk_id": "49",
    "log_date": "2026-04-07",
    "time_in": "07:57:39",
    "time_out": "20:16:44"
  },
  {
    "zk_id": "49",
    "log_date": "2026-04-08",
    "time_in": "19:55:54",
    "time_out": "19:55:54"
  },
  {
    "zk_id": "49",
    "log_date": "2026-04-09",
    "time_in": "08:19:52",
    "time_out": "19:58:02"
  },
  {
    "zk_id": "49",
    "log_date": "2026-04-10",
    "time_in": "08:21:35",
    "time_out": "19:29:29"
  },
  {
    "zk_id": "49",
    "log_date": "2026-04-11",
    "time_in": "08:17:07",
    "time_out": "19:56:56"
  },
  {
    "zk_id": "49",
    "log_date": "2026-04-12",
    "time_in": "08:19:37",
    "time_out": "08:19:37"
  },
  {
    "zk_id": "49",
    "log_date": "2026-04-14",
    "time_in": "07:52:50",
    "time_out": "20:20:01"
  },
  {
    "zk_id": "49",
    "log_date": "2026-04-15",
    "time_in": "07:59:45",
    "time_out": "20:13:18"
  },
  {
    "zk_id": "49",
    "log_date": "2026-04-16",
    "time_in": "19:34:24",
    "time_out": "19:34:24"
  },
  {
    "zk_id": "49",
    "log_date": "2026-04-17",
    "time_in": "19:51:14",
    "time_out": "19:51:14"
  },
  {
    "zk_id": "49",
    "log_date": "2026-04-18",
    "time_in": "08:19:44",
    "time_out": "20:04:59"
  },
  {
    "zk_id": "49",
    "log_date": "2026-04-19",
    "time_in": "08:15:56",
    "time_out": "08:15:56"
  },
  {
    "zk_id": "49",
    "log_date": "2026-04-21",
    "time_in": "07:48:24",
    "time_out": "17:19:12"
  },
  {
    "zk_id": "49",
    "log_date": "2026-04-22",
    "time_in": "08:02:10",
    "time_out": "20:19:20"
  },
  {
    "zk_id": "49",
    "log_date": "2026-04-23",
    "time_in": "07:54:25",
    "time_out": "07:54:25"
  },
  {
    "zk_id": "49",
    "log_date": "2026-04-24",
    "time_in": "08:18:00",
    "time_out": "19:59:34"
  },
  {
    "zk_id": "49",
    "log_date": "2026-04-25",
    "time_in": "08:20:07",
    "time_out": "19:48:25"
  },
  {
    "zk_id": "49",
    "log_date": "2026-04-26",
    "time_in": "08:14:48",
    "time_out": "20:00:44"
  },
  {
    "zk_id": "49",
    "log_date": "2026-04-27",
    "time_in": "08:19:25",
    "time_out": "08:19:25"
  },
  {
    "zk_id": "5",
    "log_date": "2026-04-01",
    "time_in": "08:24:25",
    "time_out": "08:24:25"
  },
  {
    "zk_id": "5",
    "log_date": "2026-04-03",
    "time_in": "07:39:16",
    "time_out": "17:17:28"
  },
  {
    "zk_id": "5",
    "log_date": "2026-04-04",
    "time_in": "07:48:11",
    "time_out": "20:18:38"
  },
  {
    "zk_id": "5",
    "log_date": "2026-04-05",
    "time_in": "07:51:52",
    "time_out": "20:19:06"
  },
  {
    "zk_id": "5",
    "log_date": "2026-04-06",
    "time_in": "19:46:35",
    "time_out": "19:46:35"
  },
  {
    "zk_id": "5",
    "log_date": "2026-04-07",
    "time_in": "08:18:57",
    "time_out": "20:19:23"
  },
  {
    "zk_id": "5",
    "log_date": "2026-04-08",
    "time_in": "08:25:07",
    "time_out": "08:25:07"
  },
  {
    "zk_id": "5",
    "log_date": "2026-04-09",
    "time_in": "07:53:03",
    "time_out": "07:53:03"
  },
  {
    "zk_id": "5",
    "log_date": "2026-04-10",
    "time_in": "08:19:10",
    "time_out": "08:19:10"
  },
  {
    "zk_id": "5",
    "log_date": "2026-04-11",
    "time_in": "08:03:48",
    "time_out": "17:19:21"
  },
  {
    "zk_id": "5",
    "log_date": "2026-04-12",
    "time_in": "20:18:36",
    "time_out": "20:18:36"
  },
  {
    "zk_id": "5",
    "log_date": "2026-04-13",
    "time_in": "07:59:56",
    "time_out": "07:59:56"
  },
  {
    "zk_id": "5",
    "log_date": "2026-04-14",
    "time_in": "08:20:14",
    "time_out": "19:43:51"
  },
  {
    "zk_id": "5",
    "log_date": "2026-04-15",
    "time_in": "08:19:22",
    "time_out": "19:39:51"
  },
  {
    "zk_id": "5",
    "log_date": "2026-04-16",
    "time_in": "08:20:36",
    "time_out": "08:20:36"
  },
  {
    "zk_id": "5",
    "log_date": "2026-04-18",
    "time_in": "08:13:40",
    "time_out": "17:19:03"
  },
  {
    "zk_id": "5",
    "log_date": "2026-04-19",
    "time_in": "17:18:44",
    "time_out": "17:18:44"
  },
  {
    "zk_id": "5",
    "log_date": "2026-04-20",
    "time_in": "07:56:49",
    "time_out": "20:19:39"
  },
  {
    "zk_id": "5",
    "log_date": "2026-04-21",
    "time_in": "08:03:05",
    "time_out": "20:17:05"
  },
  {
    "zk_id": "5",
    "log_date": "2026-04-22",
    "time_in": "19:53:46",
    "time_out": "19:53:46"
  },
  {
    "zk_id": "5",
    "log_date": "2026-04-23",
    "time_in": "08:18:16",
    "time_out": "20:06:10"
  },
  {
    "zk_id": "5",
    "log_date": "2026-04-24",
    "time_in": "20:19:54",
    "time_out": "20:19:54"
  },
  {
    "zk_id": "5",
    "log_date": "2026-04-25",
    "time_in": "08:02:34",
    "time_out": "20:08:53"
  },
  {
    "zk_id": "50",
    "log_date": "2026-04-01",
    "time_in": "17:14:52",
    "time_out": "17:14:52"
  },
  {
    "zk_id": "50",
    "log_date": "2026-04-02",
    "time_in": "08:00:33",
    "time_out": "20:15:45"
  },
  {
    "zk_id": "50",
    "log_date": "2026-04-03",
    "time_in": "07:56:59",
    "time_out": "20:21:29"
  },
  {
    "zk_id": "50",
    "log_date": "2026-04-04",
    "time_in": "08:02:18",
    "time_out": "08:02:18"
  },
  {
    "zk_id": "50",
    "log_date": "2026-04-05",
    "time_in": "08:19:02",
    "time_out": "19:56:02"
  },
  {
    "zk_id": "50",
    "log_date": "2026-04-06",
    "time_in": "08:19:20",
    "time_out": "19:50:48"
  },
  {
    "zk_id": "50",
    "log_date": "2026-04-07",
    "time_in": "08:33:45",
    "time_out": "08:33:45"
  },
  {
    "zk_id": "50",
    "log_date": "2026-04-08",
    "time_in": "08:11:51",
    "time_out": "08:11:51"
  },
  {
    "zk_id": "50",
    "log_date": "2026-04-09",
    "time_in": "17:13:04",
    "time_out": "17:13:04"
  },
  {
    "zk_id": "50",
    "log_date": "2026-04-10",
    "time_in": "20:19:45",
    "time_out": "20:19:45"
  },
  {
    "zk_id": "50",
    "log_date": "2026-04-11",
    "time_in": "08:13:55",
    "time_out": "08:13:55"
  },
  {
    "zk_id": "50",
    "log_date": "2026-04-13",
    "time_in": "08:20:19",
    "time_out": "19:47:36"
  },
  {
    "zk_id": "50",
    "log_date": "2026-04-14",
    "time_in": "20:15:09",
    "time_out": "20:15:09"
  },
  {
    "zk_id": "50",
    "log_date": "2026-04-15",
    "time_in": "08:11:59",
    "time_out": "08:11:59"
  },
  {
    "zk_id": "50",
    "log_date": "2026-04-16",
    "time_in": "08:30:39",
    "time_out": "19:59:12"
  },
  {
    "zk_id": "50",
    "log_date": "2026-04-17",
    "time_in": "17:18:04",
    "time_out": "17:18:04"
  },
  {
    "zk_id": "50",
    "log_date": "2026-04-18",
    "time_in": "20:15:15",
    "time_out": "20:15:15"
  },
  {
    "zk_id": "50",
    "log_date": "2026-04-19",
    "time_in": "08:03:42",
    "time_out": "08:03:42"
  },
  {
    "zk_id": "50",
    "log_date": "2026-04-20",
    "time_in": "08:22:27",
    "time_out": "19:56:59"
  },
  {
    "zk_id": "50",
    "log_date": "2026-04-21",
    "time_in": "08:19:32",
    "time_out": "19:44:42"
  },
  {
    "zk_id": "50",
    "log_date": "2026-04-22",
    "time_in": "08:23:53",
    "time_out": "08:23:53"
  },
  {
    "zk_id": "50",
    "log_date": "2026-04-24",
    "time_in": "08:03:30",
    "time_out": "19:56:15"
  },
  {
    "zk_id": "50",
    "log_date": "2026-04-25",
    "time_in": "17:24:02",
    "time_out": "17:24:02"
  },
  {
    "zk_id": "50",
    "log_date": "2026-04-26",
    "time_in": "08:04:39",
    "time_out": "20:21:15"
  },
  {
    "zk_id": "50",
    "log_date": "2026-04-27",
    "time_in": "07:58:19",
    "time_out": "07:58:19"
  },
  {
    "zk_id": "51",
    "log_date": "2026-04-01",
    "time_in": "07:28:16",
    "time_out": "20:12:18"
  },
  {
    "zk_id": "51",
    "log_date": "2026-04-02",
    "time_in": "07:38:49",
    "time_out": "07:38:49"
  },
  {
    "zk_id": "51",
    "log_date": "2026-04-03",
    "time_in": "08:19:06",
    "time_out": "18:58:12"
  },
  {
    "zk_id": "51",
    "log_date": "2026-04-04",
    "time_in": "20:18:26",
    "time_out": "20:18:26"
  },
  {
    "zk_id": "51",
    "log_date": "2026-04-05",
    "time_in": "20:19:43",
    "time_out": "20:19:43"
  },
  {
    "zk_id": "51",
    "log_date": "2026-04-06",
    "time_in": "08:20:07",
    "time_out": "19:39:42"
  },
  {
    "zk_id": "51",
    "log_date": "2026-04-07",
    "time_in": "17:18:39",
    "time_out": "17:18:39"
  },
  {
    "zk_id": "51",
    "log_date": "2026-04-09",
    "time_in": "07:46:03",
    "time_out": "07:46:03"
  },
  {
    "zk_id": "51",
    "log_date": "2026-04-10",
    "time_in": "07:04:57",
    "time_out": "19:54:00"
  },
  {
    "zk_id": "51",
    "log_date": "2026-04-11",
    "time_in": "08:14:17",
    "time_out": "08:14:17"
  },
  {
    "zk_id": "51",
    "log_date": "2026-04-12",
    "time_in": "19:14:28",
    "time_out": "19:14:28"
  },
  {
    "zk_id": "51",
    "log_date": "2026-04-13",
    "time_in": "20:18:31",
    "time_out": "20:18:31"
  },
  {
    "zk_id": "51",
    "log_date": "2026-04-14",
    "time_in": "19:32:41",
    "time_out": "19:32:41"
  },
  {
    "zk_id": "51",
    "log_date": "2026-04-15",
    "time_in": "17:18:19",
    "time_out": "17:18:19"
  },
  {
    "zk_id": "51",
    "log_date": "2026-04-16",
    "time_in": "07:35:31",
    "time_out": "20:19:00"
  },
  {
    "zk_id": "51",
    "log_date": "2026-04-17",
    "time_in": "07:40:09",
    "time_out": "20:18:33"
  },
  {
    "zk_id": "51",
    "log_date": "2026-04-18",
    "time_in": "07:46:50",
    "time_out": "07:46:50"
  },
  {
    "zk_id": "51",
    "log_date": "2026-04-19",
    "time_in": "05:09:39",
    "time_out": "19:33:08"
  },
  {
    "zk_id": "51",
    "log_date": "2026-04-20",
    "time_in": "20:18:54",
    "time_out": "20:18:54"
  },
  {
    "zk_id": "51",
    "log_date": "2026-04-21",
    "time_in": "19:37:14",
    "time_out": "19:37:14"
  },
  {
    "zk_id": "51",
    "log_date": "2026-04-22",
    "time_in": "20:20:23",
    "time_out": "20:20:23"
  },
  {
    "zk_id": "51",
    "log_date": "2026-04-23",
    "time_in": "07:48:09",
    "time_out": "17:20:18"
  },
  {
    "zk_id": "51",
    "log_date": "2026-04-24",
    "time_in": "07:37:50",
    "time_out": "17:26:50"
  },
  {
    "zk_id": "51",
    "log_date": "2026-04-25",
    "time_in": "07:50:44",
    "time_out": "07:50:44"
  },
  {
    "zk_id": "51",
    "log_date": "2026-04-26",
    "time_in": "05:18:42",
    "time_out": "19:29:40"
  },
  {
    "zk_id": "51",
    "log_date": "2026-04-27",
    "time_in": "08:19:51",
    "time_out": "08:19:51"
  },
  {
    "zk_id": "52",
    "log_date": "2026-04-01",
    "time_in": "07:44:01",
    "time_out": "17:14:59"
  },
  {
    "zk_id": "52",
    "log_date": "2026-04-02",
    "time_in": "07:32:46",
    "time_out": "07:32:46"
  },
  {
    "zk_id": "52",
    "log_date": "2026-04-03",
    "time_in": "08:05:21",
    "time_out": "20:21:33"
  },
  {
    "zk_id": "52",
    "log_date": "2026-04-04",
    "time_in": "19:46:35",
    "time_out": "19:46:35"
  },
  {
    "zk_id": "52",
    "log_date": "2026-04-05",
    "time_in": "19:40:03",
    "time_out": "19:40:03"
  },
  {
    "zk_id": "52",
    "log_date": "2026-04-06",
    "time_in": "08:19:17",
    "time_out": "19:35:54"
  },
  {
    "zk_id": "52",
    "log_date": "2026-04-07",
    "time_in": "08:21:51",
    "time_out": "08:21:51"
  },
  {
    "zk_id": "52",
    "log_date": "2026-04-09",
    "time_in": "07:45:13",
    "time_out": "17:13:00"
  },
  {
    "zk_id": "52",
    "log_date": "2026-04-10",
    "time_in": "07:51:20",
    "time_out": "20:19:11"
  },
  {
    "zk_id": "52",
    "log_date": "2026-04-12",
    "time_in": "19:40:53",
    "time_out": "19:40:53"
  },
  {
    "zk_id": "52",
    "log_date": "2026-04-13",
    "time_in": "08:19:27",
    "time_out": "19:37:51"
  },
  {
    "zk_id": "52",
    "log_date": "2026-04-14",
    "time_in": "08:22:05",
    "time_out": "19:25:55"
  },
  {
    "zk_id": "52",
    "log_date": "2026-04-15",
    "time_in": "08:19:05",
    "time_out": "08:19:05"
  },
  {
    "zk_id": "52",
    "log_date": "2026-04-17",
    "time_in": "07:43:19",
    "time_out": "17:19:36"
  },
  {
    "zk_id": "52",
    "log_date": "2026-04-18",
    "time_in": "07:52:27",
    "time_out": "20:18:43"
  },
  {
    "zk_id": "52",
    "log_date": "2026-04-19",
    "time_in": "07:32:08",
    "time_out": "20:18:52"
  },
  {
    "zk_id": "52",
    "log_date": "2026-04-20",
    "time_in": "19:21:54",
    "time_out": "19:21:54"
  },
  {
    "zk_id": "52",
    "log_date": "2026-04-21",
    "time_in": "08:19:29",
    "time_out": "08:19:29"
  },
  {
    "zk_id": "52",
    "log_date": "2026-04-25",
    "time_in": "07:27:08",
    "time_out": "17:20:56"
  },
  {
    "zk_id": "52",
    "log_date": "2026-04-26",
    "time_in": "07:53:04",
    "time_out": "20:21:12"
  },
  {
    "zk_id": "52",
    "log_date": "2026-04-27",
    "time_in": "07:41:37",
    "time_out": "07:41:37"
  },
  {
    "zk_id": "53",
    "log_date": "2026-04-01",
    "time_in": "08:20:52",
    "time_out": "19:47:57"
  },
  {
    "zk_id": "53",
    "log_date": "2026-04-02",
    "time_in": "20:15:34",
    "time_out": "20:15:34"
  },
  {
    "zk_id": "53",
    "log_date": "2026-04-03",
    "time_in": "08:01:07",
    "time_out": "08:01:07"
  },
  {
    "zk_id": "53",
    "log_date": "2026-04-04",
    "time_in": "17:20:01",
    "time_out": "19:24:01"
  },
  {
    "zk_id": "53",
    "log_date": "2026-04-05",
    "time_in": "08:19:05",
    "time_out": "08:19:05"
  },
  {
    "zk_id": "53",
    "log_date": "2026-04-06",
    "time_in": "07:33:36",
    "time_out": "20:18:00"
  },
  {
    "zk_id": "53",
    "log_date": "2026-04-07",
    "time_in": "07:36:25",
    "time_out": "20:18:13"
  },
  {
    "zk_id": "53",
    "log_date": "2026-04-08",
    "time_in": "07:45:44",
    "time_out": "07:45:44"
  },
  {
    "zk_id": "53",
    "log_date": "2026-04-09",
    "time_in": "08:13:17",
    "time_out": "19:35:47"
  },
  {
    "zk_id": "53",
    "log_date": "2026-04-10",
    "time_in": "18:14:18",
    "time_out": "18:14:18"
  },
  {
    "zk_id": "53",
    "log_date": "2026-04-11",
    "time_in": "07:51:50",
    "time_out": "07:51:50"
  },
  {
    "zk_id": "53",
    "log_date": "2026-04-12",
    "time_in": "08:21:22",
    "time_out": "08:21:22"
  },
  {
    "zk_id": "53",
    "log_date": "2026-04-13",
    "time_in": "07:51:24",
    "time_out": "17:19:08"
  },
  {
    "zk_id": "53",
    "log_date": "2026-04-14",
    "time_in": "07:52:54",
    "time_out": "20:19:08"
  },
  {
    "zk_id": "53",
    "log_date": "2026-04-15",
    "time_in": "07:57:58",
    "time_out": "07:57:58"
  },
  {
    "zk_id": "53",
    "log_date": "2026-04-16",
    "time_in": "17:17:13",
    "time_out": "19:52:05"
  },
  {
    "zk_id": "53",
    "log_date": "2026-04-17",
    "time_in": "08:21:38",
    "time_out": "19:40:48"
  },
  {
    "zk_id": "53",
    "log_date": "2026-04-18",
    "time_in": "20:19:57",
    "time_out": "20:19:57"
  },
  {
    "zk_id": "53",
    "log_date": "2026-04-19",
    "time_in": "07:49:19",
    "time_out": "07:49:19"
  },
  {
    "zk_id": "53",
    "log_date": "2026-04-20",
    "time_in": "08:20:49",
    "time_out": "19:35:15"
  },
  {
    "zk_id": "53",
    "log_date": "2026-04-21",
    "time_in": "16:21:40",
    "time_out": "16:21:40"
  },
  {
    "zk_id": "53",
    "log_date": "2026-04-22",
    "time_in": "07:28:02",
    "time_out": "20:19:31"
  },
  {
    "zk_id": "53",
    "log_date": "2026-04-23",
    "time_in": "07:59:12",
    "time_out": "20:20:44"
  },
  {
    "zk_id": "53",
    "log_date": "2026-04-24",
    "time_in": "07:40:33",
    "time_out": "07:40:33"
  },
  {
    "zk_id": "53",
    "log_date": "2026-04-25",
    "time_in": "08:20:10",
    "time_out": "19:53:59"
  },
  {
    "zk_id": "53",
    "log_date": "2026-04-26",
    "time_in": "08:14:59",
    "time_out": "19:33:02"
  },
  {
    "zk_id": "54",
    "log_date": "2026-04-01",
    "time_in": "07:52:07",
    "time_out": "20:15:49"
  },
  {
    "zk_id": "54",
    "log_date": "2026-04-02",
    "time_in": "19:27:15",
    "time_out": "19:27:15"
  },
  {
    "zk_id": "54",
    "log_date": "2026-04-03",
    "time_in": "08:18:47",
    "time_out": "19:35:45"
  },
  {
    "zk_id": "54",
    "log_date": "2026-04-04",
    "time_in": "20:18:23",
    "time_out": "20:18:23"
  },
  {
    "zk_id": "54",
    "log_date": "2026-04-06",
    "time_in": "19:51:58",
    "time_out": "19:51:58"
  },
  {
    "zk_id": "54",
    "log_date": "2026-04-07",
    "time_in": "17:18:29",
    "time_out": "17:18:29"
  },
  {
    "zk_id": "54",
    "log_date": "2026-04-08",
    "time_in": "08:20:15",
    "time_out": "20:19:23"
  },
  {
    "zk_id": "54",
    "log_date": "2026-04-09",
    "time_in": "08:35:34",
    "time_out": "20:19:04"
  },
  {
    "zk_id": "54",
    "log_date": "2026-04-10",
    "time_in": "07:50:34",
    "time_out": "07:50:34"
  },
  {
    "zk_id": "54",
    "log_date": "2026-04-11",
    "time_in": "08:17:34",
    "time_out": "08:17:34"
  },
  {
    "zk_id": "54",
    "log_date": "2026-04-15",
    "time_in": "07:57:11",
    "time_out": "17:18:16"
  },
  {
    "zk_id": "54",
    "log_date": "2026-04-16",
    "time_in": "08:06:32",
    "time_out": "20:19:06"
  },
  {
    "zk_id": "54",
    "log_date": "2026-04-17",
    "time_in": "07:59:18",
    "time_out": "20:15:09"
  },
  {
    "zk_id": "54",
    "log_date": "2026-04-18",
    "time_in": "19:53:37",
    "time_out": "19:53:37"
  },
  {
    "zk_id": "54",
    "log_date": "2026-04-19",
    "time_in": "08:16:05",
    "time_out": "20:16:56"
  },
  {
    "zk_id": "54",
    "log_date": "2026-04-20",
    "time_in": "20:18:47",
    "time_out": "20:18:47"
  },
  {
    "zk_id": "54",
    "log_date": "2026-04-23",
    "time_in": "07:37:49",
    "time_out": "17:17:04"
  },
  {
    "zk_id": "54",
    "log_date": "2026-04-24",
    "time_in": "07:52:18",
    "time_out": "20:19:58"
  },
  {
    "zk_id": "54",
    "log_date": "2026-04-25",
    "time_in": "07:53:04",
    "time_out": "07:53:04"
  },
  {
    "zk_id": "54",
    "log_date": "2026-04-26",
    "time_in": "20:09:16",
    "time_out": "20:09:16"
  },
  {
    "zk_id": "54",
    "log_date": "2026-04-27",
    "time_in": "08:17:35",
    "time_out": "08:17:35"
  },
  {
    "zk_id": "55",
    "log_date": "2026-04-01",
    "time_in": "17:19:34",
    "time_out": "17:19:34"
  },
  {
    "zk_id": "55",
    "log_date": "2026-04-02",
    "time_in": "08:04:23",
    "time_out": "20:18:51"
  },
  {
    "zk_id": "55",
    "log_date": "2026-04-03",
    "time_in": "08:06:29",
    "time_out": "08:06:29"
  },
  {
    "zk_id": "55",
    "log_date": "2026-04-04",
    "time_in": "08:15:41",
    "time_out": "19:40:19"
  },
  {
    "zk_id": "55",
    "log_date": "2026-04-05",
    "time_in": "08:18:22",
    "time_out": "19:37:16"
  },
  {
    "zk_id": "55",
    "log_date": "2026-04-06",
    "time_in": "08:19:06",
    "time_out": "08:19:06"
  },
  {
    "zk_id": "55",
    "log_date": "2026-04-07",
    "time_in": "07:45:55",
    "time_out": "20:18:18"
  },
  {
    "zk_id": "55",
    "log_date": "2026-04-08",
    "time_in": "19:55:04",
    "time_out": "19:55:04"
  },
  {
    "zk_id": "55",
    "log_date": "2026-04-09",
    "time_in": "17:19:05",
    "time_out": "17:19:05"
  },
  {
    "zk_id": "55",
    "log_date": "2026-04-10",
    "time_in": "08:14:42",
    "time_out": "20:19:38"
  },
  {
    "zk_id": "55",
    "log_date": "2026-04-11",
    "time_in": "08:01:49",
    "time_out": "08:01:49"
  },
  {
    "zk_id": "55",
    "log_date": "2026-04-12",
    "time_in": "08:19:34",
    "time_out": "19:46:29"
  },
  {
    "zk_id": "55",
    "log_date": "2026-04-13",
    "time_in": "08:19:13",
    "time_out": "19:43:45"
  },
  {
    "zk_id": "55",
    "log_date": "2026-04-14",
    "time_in": "20:19:19",
    "time_out": "20:19:19"
  },
  {
    "zk_id": "55",
    "log_date": "2026-04-15",
    "time_in": "19:59:04",
    "time_out": "19:59:04"
  },
  {
    "zk_id": "55",
    "log_date": "2026-04-16",
    "time_in": "20:19:10",
    "time_out": "20:19:10"
  },
  {
    "zk_id": "55",
    "log_date": "2026-04-17",
    "time_in": "07:58:21",
    "time_out": "17:18:57"
  },
  {
    "zk_id": "55",
    "log_date": "2026-04-18",
    "time_in": "07:53:32",
    "time_out": "20:18:39"
  },
  {
    "zk_id": "55",
    "log_date": "2026-04-19",
    "time_in": "08:02:33",
    "time_out": "08:02:33"
  },
  {
    "zk_id": "55",
    "log_date": "2026-04-20",
    "time_in": "08:19:11",
    "time_out": "19:45:42"
  },
  {
    "zk_id": "55",
    "log_date": "2026-04-21",
    "time_in": "08:18:53",
    "time_out": "19:50:22"
  },
  {
    "zk_id": "55",
    "log_date": "2026-04-22",
    "time_in": "20:19:33",
    "time_out": "20:19:33"
  },
  {
    "zk_id": "55",
    "log_date": "2026-04-25",
    "time_in": "07:58:30",
    "time_out": "17:18:02"
  },
  {
    "zk_id": "55",
    "log_date": "2026-04-26",
    "time_in": "08:10:04",
    "time_out": "20:18:37"
  },
  {
    "zk_id": "55",
    "log_date": "2026-04-27",
    "time_in": "08:01:38",
    "time_out": "08:01:38"
  },
  {
    "zk_id": "56",
    "log_date": "2026-04-01",
    "time_in": "08:22:01",
    "time_out": "08:22:01"
  },
  {
    "zk_id": "56",
    "log_date": "2026-04-03",
    "time_in": "08:13:07",
    "time_out": "08:13:07"
  },
  {
    "zk_id": "56",
    "log_date": "2026-04-04",
    "time_in": "17:20:16",
    "time_out": "17:20:16"
  },
  {
    "zk_id": "56",
    "log_date": "2026-04-06",
    "time_in": "07:55:21",
    "time_out": "20:17:42"
  },
  {
    "zk_id": "56",
    "log_date": "2026-04-07",
    "time_in": "07:54:40",
    "time_out": "07:54:40"
  },
  {
    "zk_id": "56",
    "log_date": "2026-04-08",
    "time_in": "08:19:33",
    "time_out": "19:55:57"
  },
  {
    "zk_id": "56",
    "log_date": "2026-04-09",
    "time_in": "19:45:26",
    "time_out": "19:45:26"
  },
  {
    "zk_id": "56",
    "log_date": "2026-04-10",
    "time_in": "18:14:05",
    "time_out": "18:14:05"
  },
  {
    "zk_id": "56",
    "log_date": "2026-04-11",
    "time_in": "08:03:29",
    "time_out": "08:03:29"
  },
  {
    "zk_id": "56",
    "log_date": "2026-04-14",
    "time_in": "08:01:15",
    "time_out": "08:01:15"
  },
  {
    "zk_id": "56",
    "log_date": "2026-04-15",
    "time_in": "07:57:49",
    "time_out": "07:57:49"
  },
  {
    "zk_id": "56",
    "log_date": "2026-04-16",
    "time_in": "08:13:56",
    "time_out": "08:13:56"
  },
  {
    "zk_id": "56",
    "log_date": "2026-04-22",
    "time_in": "07:48:10",
    "time_out": "20:22:00"
  },
  {
    "zk_id": "56",
    "log_date": "2026-04-23",
    "time_in": "07:52:40",
    "time_out": "19:18:24"
  },
  {
    "zk_id": "56",
    "log_date": "2026-04-24",
    "time_in": "07:59:35",
    "time_out": "07:59:35"
  },
  {
    "zk_id": "56",
    "log_date": "2026-04-25",
    "time_in": "08:14:16",
    "time_out": "08:14:16"
  },
  {
    "zk_id": "56",
    "log_date": "2026-04-27",
    "time_in": "08:01:45",
    "time_out": "08:01:45"
  },
  {
    "zk_id": "57",
    "log_date": "2026-04-01",
    "time_in": "07:28:19",
    "time_out": "07:28:19"
  },
  {
    "zk_id": "57",
    "log_date": "2026-04-03",
    "time_in": "07:36:51",
    "time_out": "20:18:15"
  },
  {
    "zk_id": "57",
    "log_date": "2026-04-04",
    "time_in": "19:34:15",
    "time_out": "19:34:15"
  },
  {
    "zk_id": "57",
    "log_date": "2026-04-05",
    "time_in": "08:18:16",
    "time_out": "19:37:46"
  },
  {
    "zk_id": "57",
    "log_date": "2026-04-06",
    "time_in": "08:18:51",
    "time_out": "08:18:51"
  },
  {
    "zk_id": "57",
    "log_date": "2026-04-07",
    "time_in": "07:28:01",
    "time_out": "07:28:01"
  },
  {
    "zk_id": "57",
    "log_date": "2026-04-09",
    "time_in": "07:28:47",
    "time_out": "17:18:59"
  },
  {
    "zk_id": "57",
    "log_date": "2026-04-11",
    "time_in": "07:42:21",
    "time_out": "07:42:21"
  },
  {
    "zk_id": "57",
    "log_date": "2026-04-12",
    "time_in": "08:11:52",
    "time_out": "19:56:54"
  },
  {
    "zk_id": "57",
    "log_date": "2026-04-13",
    "time_in": "08:18:54",
    "time_out": "19:31:50"
  },
  {
    "zk_id": "57",
    "log_date": "2026-04-14",
    "time_in": "20:19:26",
    "time_out": "20:19:26"
  },
  {
    "zk_id": "57",
    "log_date": "2026-04-15",
    "time_in": "07:44:21",
    "time_out": "20:19:36"
  },
  {
    "zk_id": "57",
    "log_date": "2026-04-17",
    "time_in": "07:23:01",
    "time_out": "17:18:50"
  },
  {
    "zk_id": "57",
    "log_date": "2026-04-18",
    "time_in": "07:40:43",
    "time_out": "07:40:43"
  },
  {
    "zk_id": "57",
    "log_date": "2026-04-19",
    "time_in": "07:41:16",
    "time_out": "20:19:04"
  },
  {
    "zk_id": "57",
    "log_date": "2026-04-20",
    "time_in": "19:27:31",
    "time_out": "19:27:31"
  },
  {
    "zk_id": "57",
    "log_date": "2026-04-21",
    "time_in": "08:19:42",
    "time_out": "08:19:42"
  },
  {
    "zk_id": "57",
    "log_date": "2026-04-27",
    "time_in": "07:44:55",
    "time_out": "07:44:55"
  },
  {
    "zk_id": "58",
    "log_date": "2026-04-01",
    "time_in": "07:41:01",
    "time_out": "20:16:05"
  },
  {
    "zk_id": "58",
    "log_date": "2026-04-02",
    "time_in": "07:46:14",
    "time_out": "07:46:14"
  },
  {
    "zk_id": "58",
    "log_date": "2026-04-03",
    "time_in": "08:13:22",
    "time_out": "19:49:36"
  },
  {
    "zk_id": "58",
    "log_date": "2026-04-04",
    "time_in": "08:12:45",
    "time_out": "19:41:32"
  },
  {
    "zk_id": "58",
    "log_date": "2026-04-05",
    "time_in": "08:18:59",
    "time_out": "19:37:09"
  },
  {
    "zk_id": "58",
    "log_date": "2026-04-06",
    "time_in": "08:20:53",
    "time_out": "19:46:00"
  },
  {
    "zk_id": "58",
    "log_date": "2026-04-07",
    "time_in": "17:15:39",
    "time_out": "17:15:39"
  },
  {
    "zk_id": "58",
    "log_date": "2026-04-08",
    "time_in": "07:37:39",
    "time_out": "20:17:49"
  },
  {
    "zk_id": "58",
    "log_date": "2026-04-09",
    "time_in": "07:49:56",
    "time_out": "07:49:56"
  },
  {
    "zk_id": "58",
    "log_date": "2026-04-10",
    "time_in": "06:19:45",
    "time_out": "19:29:13"
  },
  {
    "zk_id": "58",
    "log_date": "2026-04-11",
    "time_in": "08:17:23",
    "time_out": "19:44:28"
  },
  {
    "zk_id": "58",
    "log_date": "2026-04-13",
    "time_in": "07:48:35",
    "time_out": "07:48:35"
  },
  {
    "zk_id": "58",
    "log_date": "2026-04-14",
    "time_in": "08:21:54",
    "time_out": "19:19:32"
  },
  {
    "zk_id": "58",
    "log_date": "2026-04-15",
    "time_in": "17:20:24",
    "time_out": "17:20:24"
  },
  {
    "zk_id": "58",
    "log_date": "2026-04-16",
    "time_in": "07:43:47",
    "time_out": "20:20:50"
  },
  {
    "zk_id": "58",
    "log_date": "2026-04-17",
    "time_in": "07:22:57",
    "time_out": "07:22:57"
  },
  {
    "zk_id": "58",
    "log_date": "2026-04-18",
    "time_in": "08:21:48",
    "time_out": "19:40:51"
  },
  {
    "zk_id": "58",
    "log_date": "2026-04-19",
    "time_in": "08:25:46",
    "time_out": "19:38:43"
  },
  {
    "zk_id": "58",
    "log_date": "2026-04-20",
    "time_in": "20:20:07",
    "time_out": "20:20:07"
  },
  {
    "zk_id": "58",
    "log_date": "2026-04-21",
    "time_in": "19:19:52",
    "time_out": "19:19:52"
  },
  {
    "zk_id": "58",
    "log_date": "2026-04-22",
    "time_in": "08:27:02",
    "time_out": "19:39:02"
  },
  {
    "zk_id": "58",
    "log_date": "2026-04-23",
    "time_in": "07:46:22",
    "time_out": "17:19:31"
  },
  {
    "zk_id": "58",
    "log_date": "2026-04-24",
    "time_in": "07:42:08",
    "time_out": "20:21:59"
  },
  {
    "zk_id": "58",
    "log_date": "2026-04-25",
    "time_in": "07:56:25",
    "time_out": "07:56:25"
  },
  {
    "zk_id": "58",
    "log_date": "2026-04-26",
    "time_in": "08:21:20",
    "time_out": "19:48:47"
  },
  {
    "zk_id": "58",
    "log_date": "2026-04-27",
    "time_in": "08:17:38",
    "time_out": "08:17:38"
  },
  {
    "zk_id": "59",
    "log_date": "2026-04-01",
    "time_in": "08:05:56",
    "time_out": "19:41:45"
  },
  {
    "zk_id": "59",
    "log_date": "2026-04-03",
    "time_in": "07:58:38",
    "time_out": "07:58:38"
  },
  {
    "zk_id": "59",
    "log_date": "2026-04-06",
    "time_in": "07:33:31",
    "time_out": "07:33:31"
  },
  {
    "zk_id": "59",
    "log_date": "2026-04-07",
    "time_in": "08:08:24",
    "time_out": "20:13:49"
  },
  {
    "zk_id": "59",
    "log_date": "2026-04-08",
    "time_in": "19:39:08",
    "time_out": "19:39:08"
  },
  {
    "zk_id": "59",
    "log_date": "2026-04-09",
    "time_in": "08:00:39",
    "time_out": "19:42:41"
  },
  {
    "zk_id": "59",
    "log_date": "2026-04-10",
    "time_in": "08:03:43",
    "time_out": "08:03:43"
  },
  {
    "zk_id": "59",
    "log_date": "2026-04-13",
    "time_in": "07:25:19",
    "time_out": "17:19:02"
  },
  {
    "zk_id": "59",
    "log_date": "2026-04-14",
    "time_in": "07:41:59",
    "time_out": "20:19:10"
  },
  {
    "zk_id": "59",
    "log_date": "2026-04-15",
    "time_in": "07:36:58",
    "time_out": "20:04:30"
  },
  {
    "zk_id": "59",
    "log_date": "2026-04-16",
    "time_in": "19:41:11",
    "time_out": "19:41:11"
  },
  {
    "zk_id": "59",
    "log_date": "2026-04-17",
    "time_in": "08:21:46",
    "time_out": "19:40:54"
  },
  {
    "zk_id": "59",
    "log_date": "2026-04-18",
    "time_in": "08:18:19",
    "time_out": "19:42:33"
  },
  {
    "zk_id": "59",
    "log_date": "2026-04-19",
    "time_in": "08:12:02",
    "time_out": "08:12:02"
  },
  {
    "zk_id": "59",
    "log_date": "2026-04-22",
    "time_in": "07:39:34",
    "time_out": "19:17:40"
  },
  {
    "zk_id": "59",
    "log_date": "2026-04-23",
    "time_in": "07:42:09",
    "time_out": "19:18:30"
  },
  {
    "zk_id": "59",
    "log_date": "2026-04-24",
    "time_in": "19:02:02",
    "time_out": "19:02:02"
  },
  {
    "zk_id": "59",
    "log_date": "2026-04-25",
    "time_in": "08:13:59",
    "time_out": "08:13:59"
  },
  {
    "zk_id": "6",
    "log_date": "2026-04-01",
    "time_in": "08:24:28",
    "time_out": "08:24:28"
  },
  {
    "zk_id": "6",
    "log_date": "2026-04-02",
    "time_in": "07:36:03",
    "time_out": "17:18:37"
  },
  {
    "zk_id": "6",
    "log_date": "2026-04-03",
    "time_in": "07:39:18",
    "time_out": "17:17:25"
  },
  {
    "zk_id": "6",
    "log_date": "2026-04-04",
    "time_in": "07:48:15",
    "time_out": "20:18:42"
  },
  {
    "zk_id": "6",
    "log_date": "2026-04-05",
    "time_in": "07:43:07",
    "time_out": "07:43:07"
  },
  {
    "zk_id": "6",
    "log_date": "2026-04-06",
    "time_in": "19:46:39",
    "time_out": "19:46:39"
  },
  {
    "zk_id": "6",
    "log_date": "2026-04-07",
    "time_in": "08:18:54",
    "time_out": "08:18:54"
  },
  {
    "zk_id": "6",
    "log_date": "2026-04-08",
    "time_in": "08:25:10",
    "time_out": "08:25:10"
  },
  {
    "zk_id": "6",
    "log_date": "2026-04-09",
    "time_in": "07:46:05",
    "time_out": "07:46:05"
  },
  {
    "zk_id": "6",
    "log_date": "2026-04-10",
    "time_in": "08:19:22",
    "time_out": "08:19:22"
  },
  {
    "zk_id": "6",
    "log_date": "2026-04-11",
    "time_in": "07:42:25",
    "time_out": "17:19:16"
  },
  {
    "zk_id": "6",
    "log_date": "2026-04-12",
    "time_in": "07:42:48",
    "time_out": "20:18:38"
  },
  {
    "zk_id": "6",
    "log_date": "2026-04-13",
    "time_in": "07:46:40",
    "time_out": "07:46:40"
  },
  {
    "zk_id": "6",
    "log_date": "2026-04-14",
    "time_in": "08:20:18",
    "time_out": "19:43:53"
  },
  {
    "zk_id": "6",
    "log_date": "2026-04-15",
    "time_in": "08:19:19",
    "time_out": "19:39:53"
  },
  {
    "zk_id": "6",
    "log_date": "2026-04-16",
    "time_in": "08:20:38",
    "time_out": "19:27:13"
  },
  {
    "zk_id": "6",
    "log_date": "2026-04-17",
    "time_in": "08:21:33",
    "time_out": "08:21:33"
  },
  {
    "zk_id": "6",
    "log_date": "2026-04-18",
    "time_in": "07:46:41",
    "time_out": "17:18:59"
  },
  {
    "zk_id": "6",
    "log_date": "2026-04-19",
    "time_in": "07:41:11",
    "time_out": "17:18:48"
  },
  {
    "zk_id": "6",
    "log_date": "2026-04-20",
    "time_in": "07:31:49",
    "time_out": "20:19:46"
  },
  {
    "zk_id": "6",
    "log_date": "2026-04-21",
    "time_in": "07:48:23",
    "time_out": "20:17:03"
  },
  {
    "zk_id": "6",
    "log_date": "2026-04-22",
    "time_in": "19:45:49",
    "time_out": "19:45:49"
  },
  {
    "zk_id": "6",
    "log_date": "2026-04-23",
    "time_in": "08:18:19",
    "time_out": "19:38:26"
  },
  {
    "zk_id": "6",
    "log_date": "2026-04-24",
    "time_in": "20:19:56",
    "time_out": "20:19:56"
  },
  {
    "zk_id": "6",
    "log_date": "2026-04-25",
    "time_in": "07:49:34",
    "time_out": "20:08:58"
  },
  {
    "zk_id": "60",
    "log_date": "2026-04-01",
    "time_in": "07:43:18",
    "time_out": "17:14:32"
  },
  {
    "zk_id": "60",
    "log_date": "2026-04-02",
    "time_in": "07:57:27",
    "time_out": "20:16:00"
  },
  {
    "zk_id": "60",
    "log_date": "2026-04-03",
    "time_in": "07:51:11",
    "time_out": "20:14:46"
  },
  {
    "zk_id": "60",
    "log_date": "2026-04-04",
    "time_in": "20:03:34",
    "time_out": "20:03:34"
  },
  {
    "zk_id": "60",
    "log_date": "2026-04-05",
    "time_in": "08:18:51",
    "time_out": "19:54:27"
  },
  {
    "zk_id": "60",
    "log_date": "2026-04-06",
    "time_in": "20:16:06",
    "time_out": "20:16:06"
  },
  {
    "zk_id": "60",
    "log_date": "2026-04-07",
    "time_in": "08:07:14",
    "time_out": "08:07:14"
  },
  {
    "zk_id": "60",
    "log_date": "2026-04-09",
    "time_in": "07:53:07",
    "time_out": "17:18:22"
  },
  {
    "zk_id": "60",
    "log_date": "2026-04-10",
    "time_in": "07:47:16",
    "time_out": "20:19:47"
  },
  {
    "zk_id": "60",
    "log_date": "2026-04-11",
    "time_in": "07:59:44",
    "time_out": "20:21:32"
  },
  {
    "zk_id": "60",
    "log_date": "2026-04-12",
    "time_in": "19:59:48",
    "time_out": "19:59:48"
  },
  {
    "zk_id": "60",
    "log_date": "2026-04-13",
    "time_in": "08:19:50",
    "time_out": "20:01:12"
  },
  {
    "zk_id": "60",
    "log_date": "2026-04-14",
    "time_in": "20:15:13",
    "time_out": "20:15:13"
  },
  {
    "zk_id": "60",
    "log_date": "2026-04-15",
    "time_in": "07:53:18",
    "time_out": "17:18:52"
  },
  {
    "zk_id": "60",
    "log_date": "2026-04-17",
    "time_in": "07:47:27",
    "time_out": "17:18:17"
  },
  {
    "zk_id": "60",
    "log_date": "2026-04-18",
    "time_in": "07:42:13",
    "time_out": "20:15:11"
  },
  {
    "zk_id": "60",
    "log_date": "2026-04-19",
    "time_in": "07:59:39",
    "time_out": "20:19:02"
  },
  {
    "zk_id": "60",
    "log_date": "2026-04-20",
    "time_in": "19:50:49",
    "time_out": "19:50:49"
  },
  {
    "zk_id": "60",
    "log_date": "2026-04-21",
    "time_in": "08:19:49",
    "time_out": "19:55:22"
  },
  {
    "zk_id": "60",
    "log_date": "2026-04-22",
    "time_in": "18:17:43",
    "time_out": "18:17:43"
  },
  {
    "zk_id": "60",
    "log_date": "2026-04-23",
    "time_in": "07:56:18",
    "time_out": "18:18:50"
  },
  {
    "zk_id": "60",
    "log_date": "2026-04-25",
    "time_in": "07:54:35",
    "time_out": "17:19:52"
  },
  {
    "zk_id": "60",
    "log_date": "2026-04-26",
    "time_in": "07:57:33",
    "time_out": "20:20:14"
  },
  {
    "zk_id": "60",
    "log_date": "2026-04-27",
    "time_in": "07:57:26",
    "time_out": "07:57:26"
  },
  {
    "zk_id": "62",
    "log_date": "2026-04-01",
    "time_in": "07:54:49",
    "time_out": "19:34:52"
  },
  {
    "zk_id": "62",
    "log_date": "2026-04-02",
    "time_in": "20:15:50",
    "time_out": "20:15:50"
  },
  {
    "zk_id": "62",
    "log_date": "2026-04-03",
    "time_in": "07:39:58",
    "time_out": "20:21:38"
  },
  {
    "zk_id": "62",
    "log_date": "2026-04-04",
    "time_in": "08:02:14",
    "time_out": "08:02:14"
  },
  {
    "zk_id": "62",
    "log_date": "2026-04-05",
    "time_in": "08:18:56",
    "time_out": "08:18:56"
  },
  {
    "zk_id": "63",
    "log_date": "2026-04-01",
    "time_in": "07:25:33",
    "time_out": "17:19:32"
  },
  {
    "zk_id": "63",
    "log_date": "2026-04-02",
    "time_in": "07:36:01",
    "time_out": "20:18:44"
  },
  {
    "zk_id": "63",
    "log_date": "2026-04-03",
    "time_in": "07:43:16",
    "time_out": "20:18:22"
  },
  {
    "zk_id": "63",
    "log_date": "2026-04-04",
    "time_in": "19:34:12",
    "time_out": "19:34:12"
  },
  {
    "zk_id": "63",
    "log_date": "2026-04-06",
    "time_in": "08:19:04",
    "time_out": "19:40:06"
  },
  {
    "zk_id": "63",
    "log_date": "2026-04-07",
    "time_in": "20:13:53",
    "time_out": "20:13:53"
  },
  {
    "zk_id": "63",
    "log_date": "2026-04-09",
    "time_in": "07:43:11",
    "time_out": "17:19:02"
  },
  {
    "zk_id": "63",
    "log_date": "2026-04-10",
    "time_in": "07:43:40",
    "time_out": "20:19:43"
  },
  {
    "zk_id": "63",
    "log_date": "2026-04-12",
    "time_in": "19:14:30",
    "time_out": "19:14:30"
  },
  {
    "zk_id": "63",
    "log_date": "2026-04-13",
    "time_in": "08:19:15",
    "time_out": "19:39:11"
  },
  {
    "zk_id": "63",
    "log_date": "2026-04-14",
    "time_in": "20:19:15",
    "time_out": "20:19:15"
  },
  {
    "zk_id": "63",
    "log_date": "2026-04-15",
    "time_in": "07:42:42",
    "time_out": "20:20:25"
  },
  {
    "zk_id": "63",
    "log_date": "2026-04-16",
    "time_in": "07:32:23",
    "time_out": "20:19:13"
  },
  {
    "zk_id": "63",
    "log_date": "2026-04-17",
    "time_in": "07:38:38",
    "time_out": "17:18:09"
  },
  {
    "zk_id": "63",
    "log_date": "2026-04-18",
    "time_in": "07:44:26",
    "time_out": "20:15:27"
  },
  {
    "zk_id": "63",
    "log_date": "2026-04-19",
    "time_in": "07:46:15",
    "time_out": "20:18:44"
  },
  {
    "zk_id": "63",
    "log_date": "2026-04-20",
    "time_in": "19:32:31",
    "time_out": "19:32:31"
  },
  {
    "zk_id": "63",
    "log_date": "2026-04-21",
    "time_in": "08:20:03",
    "time_out": "19:36:41"
  },
  {
    "zk_id": "63",
    "log_date": "2026-04-22",
    "time_in": "20:20:36",
    "time_out": "20:20:36"
  },
  {
    "zk_id": "63",
    "log_date": "2026-04-23",
    "time_in": "07:44:18",
    "time_out": "20:20:39"
  },
  {
    "zk_id": "63",
    "log_date": "2026-04-24",
    "time_in": "07:36:43",
    "time_out": "20:20:00"
  },
  {
    "zk_id": "65",
    "log_date": "2026-04-01",
    "time_in": "07:56:51",
    "time_out": "07:56:51"
  },
  {
    "zk_id": "65",
    "log_date": "2026-04-02",
    "time_in": "07:43:55",
    "time_out": "17:20:41"
  },
  {
    "zk_id": "65",
    "log_date": "2026-04-03",
    "time_in": "07:42:58",
    "time_out": "17:21:08"
  },
  {
    "zk_id": "65",
    "log_date": "2026-04-04",
    "time_in": "07:49:33",
    "time_out": "20:20:48"
  },
  {
    "zk_id": "65",
    "log_date": "2026-04-05",
    "time_in": "07:53:13",
    "time_out": "07:53:13"
  },
  {
    "zk_id": "65",
    "log_date": "2026-04-06",
    "time_in": "19:48:23",
    "time_out": "19:48:23"
  },
  {
    "zk_id": "65",
    "log_date": "2026-04-07",
    "time_in": "08:22:03",
    "time_out": "19:55:56"
  },
  {
    "zk_id": "65",
    "log_date": "2026-04-09",
    "time_in": "08:01:23",
    "time_out": "19:55:03"
  },
  {
    "zk_id": "65",
    "log_date": "2026-04-10",
    "time_in": "08:23:02",
    "time_out": "08:23:02"
  },
  {
    "zk_id": "65",
    "log_date": "2026-04-11",
    "time_in": "07:56:37",
    "time_out": "17:21:29"
  },
  {
    "zk_id": "65",
    "log_date": "2026-04-12",
    "time_in": "07:57:47",
    "time_out": "20:20:51"
  },
  {
    "zk_id": "65",
    "log_date": "2026-04-13",
    "time_in": "07:41:23",
    "time_out": "20:23:13"
  },
  {
    "zk_id": "65",
    "log_date": "2026-04-14",
    "time_in": "19:40:48",
    "time_out": "19:40:48"
  },
  {
    "zk_id": "65",
    "log_date": "2026-04-15",
    "time_in": "08:20:46",
    "time_out": "19:50:12"
  },
  {
    "zk_id": "65",
    "log_date": "2026-04-16",
    "time_in": "17:17:00",
    "time_out": "17:17:00"
  },
  {
    "zk_id": "65",
    "log_date": "2026-04-18",
    "time_in": "07:38:09",
    "time_out": "17:21:30"
  },
  {
    "zk_id": "65",
    "log_date": "2026-04-20",
    "time_in": "07:11:43",
    "time_out": "20:22:56"
  },
  {
    "zk_id": "65",
    "log_date": "2026-04-21",
    "time_in": "07:27:14",
    "time_out": "20:21:39"
  },
  {
    "zk_id": "65",
    "log_date": "2026-04-22",
    "time_in": "19:16:52",
    "time_out": "19:16:52"
  },
  {
    "zk_id": "65",
    "log_date": "2026-04-23",
    "time_in": "08:16:24",
    "time_out": "19:03:30"
  },
  {
    "zk_id": "65",
    "log_date": "2026-04-24",
    "time_in": "17:15:30",
    "time_out": "17:15:30"
  },
  {
    "zk_id": "65",
    "log_date": "2026-04-27",
    "time_in": "07:47:48",
    "time_out": "07:47:48"
  },
  {
    "zk_id": "66",
    "log_date": "2026-04-16",
    "time_in": "11:31:46",
    "time_out": "11:31:46"
  },
  {
    "zk_id": "66",
    "log_date": "2026-04-17",
    "time_in": "07:52:57",
    "time_out": "17:20:05"
  },
  {
    "zk_id": "66",
    "log_date": "2026-04-18",
    "time_in": "07:57:33",
    "time_out": "20:18:46"
  },
  {
    "zk_id": "66",
    "log_date": "2026-04-19",
    "time_in": "08:06:04",
    "time_out": "20:18:48"
  },
  {
    "zk_id": "66",
    "log_date": "2026-04-20",
    "time_in": "07:52:37",
    "time_out": "19:32:55"
  },
  {
    "zk_id": "66",
    "log_date": "2026-04-21",
    "time_in": "08:19:25",
    "time_out": "19:42:24"
  },
  {
    "zk_id": "66",
    "log_date": "2026-04-22",
    "time_in": "08:23:48",
    "time_out": "08:23:48"
  },
  {
    "zk_id": "66",
    "log_date": "2026-04-23",
    "time_in": "17:20:35",
    "time_out": "20:04:43"
  },
  {
    "zk_id": "66",
    "log_date": "2026-04-24",
    "time_in": "08:30:08",
    "time_out": "08:30:08"
  },
  {
    "zk_id": "66",
    "log_date": "2026-04-25",
    "time_in": "17:20:59",
    "time_out": "17:20:59"
  },
  {
    "zk_id": "66",
    "log_date": "2026-04-26",
    "time_in": "07:44:33",
    "time_out": "07:44:33"
  },
  {
    "zk_id": "66",
    "log_date": "2026-04-27",
    "time_in": "07:58:15",
    "time_out": "07:58:15"
  },
  {
    "zk_id": "67",
    "log_date": "2026-04-04",
    "time_in": "05:26:26",
    "time_out": "05:26:26"
  },
  {
    "zk_id": "67",
    "log_date": "2026-04-05",
    "time_in": "05:28:33",
    "time_out": "19:01:37"
  },
  {
    "zk_id": "67",
    "log_date": "2026-04-06",
    "time_in": "05:56:51",
    "time_out": "19:04:06"
  },
  {
    "zk_id": "67",
    "log_date": "2026-04-07",
    "time_in": "05:57:24",
    "time_out": "19:01:31"
  },
  {
    "zk_id": "67",
    "log_date": "2026-04-10",
    "time_in": "05:51:16",
    "time_out": "19:02:53"
  },
  {
    "zk_id": "67",
    "log_date": "2026-04-11",
    "time_in": "05:27:57",
    "time_out": "19:05:48"
  },
  {
    "zk_id": "67",
    "log_date": "2026-04-13",
    "time_in": "05:57:02",
    "time_out": "19:01:11"
  },
  {
    "zk_id": "67",
    "log_date": "2026-04-14",
    "time_in": "05:54:22",
    "time_out": "19:02:58"
  },
  {
    "zk_id": "67",
    "log_date": "2026-04-17",
    "time_in": "05:56:21",
    "time_out": "19:00:08"
  },
  {
    "zk_id": "67",
    "log_date": "2026-04-18",
    "time_in": "05:32:13",
    "time_out": "19:00:05"
  },
  {
    "zk_id": "67",
    "log_date": "2026-04-19",
    "time_in": "05:33:10",
    "time_out": "15:05:16"
  },
  {
    "zk_id": "67",
    "log_date": "2026-04-20",
    "time_in": "05:55:16",
    "time_out": "11:34:35"
  },
  {
    "zk_id": "67",
    "log_date": "2026-04-22",
    "time_in": "05:56:38",
    "time_out": "15:14:16"
  },
  {
    "zk_id": "67",
    "log_date": "2026-04-24",
    "time_in": "05:56:00",
    "time_out": "19:00:41"
  },
  {
    "zk_id": "67",
    "log_date": "2026-04-25",
    "time_in": "05:29:25",
    "time_out": "19:25:02"
  },
  {
    "zk_id": "67",
    "log_date": "2026-04-26",
    "time_in": "05:49:26",
    "time_out": "19:02:54"
  },
  {
    "zk_id": "67",
    "log_date": "2026-04-27",
    "time_in": "06:00:32",
    "time_out": "06:00:32"
  },
  {
    "zk_id": "7",
    "log_date": "2026-04-01",
    "time_in": "07:41:08",
    "time_out": "20:19:34"
  },
  {
    "zk_id": "7",
    "log_date": "2026-04-02",
    "time_in": "07:46:17",
    "time_out": "07:46:17"
  },
  {
    "zk_id": "7",
    "log_date": "2026-04-03",
    "time_in": "08:16:27",
    "time_out": "19:49:48"
  },
  {
    "zk_id": "7",
    "log_date": "2026-04-05",
    "time_in": "07:30:58",
    "time_out": "20:22:08"
  },
  {
    "zk_id": "7",
    "log_date": "2026-04-06",
    "time_in": "07:47:53",
    "time_out": "07:47:53"
  },
  {
    "zk_id": "7",
    "log_date": "2026-04-07",
    "time_in": "07:45:01",
    "time_out": "17:15:44"
  },
  {
    "zk_id": "7",
    "log_date": "2026-04-08",
    "time_in": "07:37:42",
    "time_out": "20:18:01"
  },
  {
    "zk_id": "7",
    "log_date": "2026-04-09",
    "time_in": "07:50:00",
    "time_out": "07:50:00"
  },
  {
    "zk_id": "7",
    "log_date": "2026-04-10",
    "time_in": "06:21:26",
    "time_out": "19:29:11"
  },
  {
    "zk_id": "7",
    "log_date": "2026-04-11",
    "time_in": "08:17:12",
    "time_out": "19:44:33"
  },
  {
    "zk_id": "7",
    "log_date": "2026-04-14",
    "time_in": "07:30:37",
    "time_out": "20:23:19"
  },
  {
    "zk_id": "7",
    "log_date": "2026-04-15",
    "time_in": "07:41:41",
    "time_out": "17:20:22"
  },
  {
    "zk_id": "7",
    "log_date": "2026-04-16",
    "time_in": "07:42:57",
    "time_out": "20:18:31"
  },
  {
    "zk_id": "7",
    "log_date": "2026-04-17",
    "time_in": "07:23:04",
    "time_out": "07:23:04"
  },
  {
    "zk_id": "7",
    "log_date": "2026-04-18",
    "time_in": "08:19:50",
    "time_out": "19:40:56"
  },
  {
    "zk_id": "7",
    "log_date": "2026-04-19",
    "time_in": "08:25:44",
    "time_out": "19:38:49"
  },
  {
    "zk_id": "7",
    "log_date": "2026-04-20",
    "time_in": "08:22:31",
    "time_out": "08:22:31"
  },
  {
    "zk_id": "7",
    "log_date": "2026-04-23",
    "time_in": "07:46:26",
    "time_out": "17:20:33"
  },
  {
    "zk_id": "7",
    "log_date": "2026-04-24",
    "time_in": "07:42:11",
    "time_out": "20:32:01"
  },
  {
    "zk_id": "7",
    "log_date": "2026-04-25",
    "time_in": "07:49:38",
    "time_out": "20:13:52"
  },
  {
    "zk_id": "7",
    "log_date": "2026-04-26",
    "time_in": "19:48:31",
    "time_out": "19:48:31"
  },
  {
    "zk_id": "7",
    "log_date": "2026-04-27",
    "time_in": "08:22:31",
    "time_out": "08:22:31"
  },
  {
    "zk_id": "70",
    "log_date": "2026-04-01",
    "time_in": "05:50:01",
    "time_out": "15:08:41"
  },
  {
    "zk_id": "70",
    "log_date": "2026-04-05",
    "time_in": "05:44:41",
    "time_out": "15:12:55"
  },
  {
    "zk_id": "70",
    "log_date": "2026-04-06",
    "time_in": "04:55:56",
    "time_out": "22:01:48"
  },
  {
    "zk_id": "70",
    "log_date": "2026-04-07",
    "time_in": "05:49:19",
    "time_out": "22:04:43"
  },
  {
    "zk_id": "70",
    "log_date": "2026-04-08",
    "time_in": "05:55:00",
    "time_out": "15:09:45"
  },
  {
    "zk_id": "70",
    "log_date": "2026-04-10",
    "time_in": "05:46:27",
    "time_out": "15:13:11"
  },
  {
    "zk_id": "70",
    "log_date": "2026-04-12",
    "time_in": "05:56:02",
    "time_out": "15:04:04"
  },
  {
    "zk_id": "70",
    "log_date": "2026-04-13",
    "time_in": "05:40:35",
    "time_out": "15:06:53"
  },
  {
    "zk_id": "70",
    "log_date": "2026-04-14",
    "time_in": "05:46:01",
    "time_out": "15:17:25"
  },
  {
    "zk_id": "70",
    "log_date": "2026-04-15",
    "time_in": "05:45:14",
    "time_out": "15:09:38"
  },
  {
    "zk_id": "70",
    "log_date": "2026-04-16",
    "time_in": "05:51:31",
    "time_out": "15:08:04"
  },
  {
    "zk_id": "70",
    "log_date": "2026-04-17",
    "time_in": "05:41:33",
    "time_out": "15:09:42"
  },
  {
    "zk_id": "70",
    "log_date": "2026-04-19",
    "time_in": "05:51:12",
    "time_out": "15:15:07"
  },
  {
    "zk_id": "70",
    "log_date": "2026-04-20",
    "time_in": "05:53:00",
    "time_out": "15:21:25"
  },
  {
    "zk_id": "70",
    "log_date": "2026-04-21",
    "time_in": "05:47:47",
    "time_out": "22:03:33"
  },
  {
    "zk_id": "70",
    "log_date": "2026-04-22",
    "time_in": "05:49:37",
    "time_out": "22:02:29"
  },
  {
    "zk_id": "70",
    "log_date": "2026-04-23",
    "time_in": "05:43:53",
    "time_out": "22:00:34"
  },
  {
    "zk_id": "70",
    "log_date": "2026-04-24",
    "time_in": "05:42:59",
    "time_out": "15:12:07"
  },
  {
    "zk_id": "70",
    "log_date": "2026-04-26",
    "time_in": "05:55:05",
    "time_out": "15:02:55"
  },
  {
    "zk_id": "70",
    "log_date": "2026-04-27",
    "time_in": "05:46:32",
    "time_out": "05:46:32"
  },
  {
    "zk_id": "71",
    "log_date": "2026-04-01",
    "time_in": "06:38:39",
    "time_out": "17:02:25"
  },
  {
    "zk_id": "71",
    "log_date": "2026-04-06",
    "time_in": "05:46:38",
    "time_out": "17:04:39"
  },
  {
    "zk_id": "71",
    "log_date": "2026-04-07",
    "time_in": "05:53:08",
    "time_out": "17:02:05"
  },
  {
    "zk_id": "71",
    "log_date": "2026-04-10",
    "time_in": "06:53:53",
    "time_out": "17:01:49"
  },
  {
    "zk_id": "71",
    "log_date": "2026-04-13",
    "time_in": "05:58:59",
    "time_out": "17:15:44"
  },
  {
    "zk_id": "71",
    "log_date": "2026-04-14",
    "time_in": "06:12:04",
    "time_out": "17:03:41"
  },
  {
    "zk_id": "71",
    "log_date": "2026-04-15",
    "time_in": "17:03:42",
    "time_out": "17:03:42"
  },
  {
    "zk_id": "71",
    "log_date": "2026-04-20",
    "time_in": "05:30:19",
    "time_out": "17:01:45"
  },
  {
    "zk_id": "71",
    "log_date": "2026-04-21",
    "time_in": "05:33:07",
    "time_out": "17:02:23"
  },
  {
    "zk_id": "71",
    "log_date": "2026-04-22",
    "time_in": "05:38:38",
    "time_out": "17:02:59"
  },
  {
    "zk_id": "71",
    "log_date": "2026-04-23",
    "time_in": "17:03:48",
    "time_out": "17:03:48"
  },
  {
    "zk_id": "71",
    "log_date": "2026-04-24",
    "time_in": "05:48:31",
    "time_out": "15:03:18"
  },
  {
    "zk_id": "71",
    "log_date": "2026-04-27",
    "time_in": "05:50:37",
    "time_out": "05:50:37"
  },
  {
    "zk_id": "72",
    "log_date": "2026-04-01",
    "time_in": "06:47:05",
    "time_out": "15:03:24"
  },
  {
    "zk_id": "72",
    "log_date": "2026-04-02",
    "time_in": "05:41:40",
    "time_out": "15:04:05"
  },
  {
    "zk_id": "72",
    "log_date": "2026-04-04",
    "time_in": "06:21:45",
    "time_out": "16:02:17"
  },
  {
    "zk_id": "72",
    "log_date": "2026-04-06",
    "time_in": "05:37:18",
    "time_out": "15:12:52"
  },
  {
    "zk_id": "72",
    "log_date": "2026-04-07",
    "time_in": "05:37:55",
    "time_out": "15:09:27"
  },
  {
    "zk_id": "72",
    "log_date": "2026-04-08",
    "time_in": "05:43:41",
    "time_out": "15:03:11"
  },
  {
    "zk_id": "72",
    "log_date": "2026-04-09",
    "time_in": "05:41:18",
    "time_out": "05:41:18"
  },
  {
    "zk_id": "72",
    "log_date": "2026-04-10",
    "time_in": "05:45:38",
    "time_out": "15:00:56"
  },
  {
    "zk_id": "72",
    "log_date": "2026-04-11",
    "time_in": "05:43:12",
    "time_out": "15:04:53"
  },
  {
    "zk_id": "72",
    "log_date": "2026-04-13",
    "time_in": "05:48:00",
    "time_out": "15:06:14"
  },
  {
    "zk_id": "72",
    "log_date": "2026-04-14",
    "time_in": "05:46:44",
    "time_out": "15:06:27"
  },
  {
    "zk_id": "72",
    "log_date": "2026-04-15",
    "time_in": "05:49:34",
    "time_out": "15:04:44"
  },
  {
    "zk_id": "72",
    "log_date": "2026-04-16",
    "time_in": "15:03:20",
    "time_out": "15:03:20"
  },
  {
    "zk_id": "72",
    "log_date": "2026-04-17",
    "time_in": "05:44:26",
    "time_out": "15:05:23"
  },
  {
    "zk_id": "72",
    "log_date": "2026-04-18",
    "time_in": "05:37:54",
    "time_out": "15:02:40"
  },
  {
    "zk_id": "72",
    "log_date": "2026-04-20",
    "time_in": "06:07:12",
    "time_out": "15:00:36"
  },
  {
    "zk_id": "72",
    "log_date": "2026-04-21",
    "time_in": "05:46:14",
    "time_out": "15:01:38"
  },
  {
    "zk_id": "72",
    "log_date": "2026-04-22",
    "time_in": "05:51:00",
    "time_out": "15:03:50"
  },
  {
    "zk_id": "72",
    "log_date": "2026-04-24",
    "time_in": "15:01:39",
    "time_out": "15:01:39"
  },
  {
    "zk_id": "72",
    "log_date": "2026-04-25",
    "time_in": "05:33:41",
    "time_out": "15:01:46"
  },
  {
    "zk_id": "72",
    "log_date": "2026-04-27",
    "time_in": "15:00:53",
    "time_out": "15:00:53"
  },
  {
    "zk_id": "73",
    "log_date": "2026-04-03",
    "time_in": "06:18:01",
    "time_out": "16:03:50"
  },
  {
    "zk_id": "73",
    "log_date": "2026-04-04",
    "time_in": "05:22:48",
    "time_out": "15:04:07"
  },
  {
    "zk_id": "73",
    "log_date": "2026-04-06",
    "time_in": "05:44:52",
    "time_out": "15:03:25"
  },
  {
    "zk_id": "73",
    "log_date": "2026-04-07",
    "time_in": "05:38:13",
    "time_out": "15:09:52"
  },
  {
    "zk_id": "73",
    "log_date": "2026-04-08",
    "time_in": "06:09:29",
    "time_out": "15:24:03"
  },
  {
    "zk_id": "73",
    "log_date": "2026-04-10",
    "time_in": "05:15:30",
    "time_out": "15:01:25"
  },
  {
    "zk_id": "73",
    "log_date": "2026-04-11",
    "time_in": "05:43:31",
    "time_out": "15:12:49"
  },
  {
    "zk_id": "73",
    "log_date": "2026-04-13",
    "time_in": "05:39:33",
    "time_out": "15:09:11"
  },
  {
    "zk_id": "73",
    "log_date": "2026-04-14",
    "time_in": "05:30:01",
    "time_out": "15:07:00"
  },
  {
    "zk_id": "73",
    "log_date": "2026-04-15",
    "time_in": "05:36:01",
    "time_out": "15:05:32"
  },
  {
    "zk_id": "73",
    "log_date": "2026-04-16",
    "time_in": "06:17:22",
    "time_out": "15:04:14"
  },
  {
    "zk_id": "73",
    "log_date": "2026-04-17",
    "time_in": "05:35:37",
    "time_out": "15:02:23"
  },
  {
    "zk_id": "73",
    "log_date": "2026-04-18",
    "time_in": "05:35:17",
    "time_out": "15:17:37"
  },
  {
    "zk_id": "73",
    "log_date": "2026-04-20",
    "time_in": "05:35:55",
    "time_out": "15:07:00"
  },
  {
    "zk_id": "73",
    "log_date": "2026-04-21",
    "time_in": "05:38:33",
    "time_out": "15:01:14"
  },
  {
    "zk_id": "73",
    "log_date": "2026-04-22",
    "time_in": "05:40:06",
    "time_out": "15:01:54"
  },
  {
    "zk_id": "73",
    "log_date": "2026-04-23",
    "time_in": "06:22:38",
    "time_out": "15:08:19"
  },
  {
    "zk_id": "73",
    "log_date": "2026-04-24",
    "time_in": "05:30:11",
    "time_out": "15:03:27"
  },
  {
    "zk_id": "73",
    "log_date": "2026-04-25",
    "time_in": "05:17:02",
    "time_out": "15:20:40"
  },
  {
    "zk_id": "73",
    "log_date": "2026-04-27",
    "time_in": "05:29:45",
    "time_out": "15:04:53"
  },
  {
    "zk_id": "74",
    "log_date": "2026-04-01",
    "time_in": "06:13:43",
    "time_out": "19:04:56"
  },
  {
    "zk_id": "74",
    "log_date": "2026-04-02",
    "time_in": "07:09:33",
    "time_out": "19:06:52"
  },
  {
    "zk_id": "74",
    "log_date": "2026-04-03",
    "time_in": "07:12:25",
    "time_out": "17:05:16"
  },
  {
    "zk_id": "74",
    "log_date": "2026-04-06",
    "time_in": "06:00:50",
    "time_out": "19:07:06"
  },
  {
    "zk_id": "74",
    "log_date": "2026-04-08",
    "time_in": "06:06:26",
    "time_out": "19:12:06"
  },
  {
    "zk_id": "74",
    "log_date": "2026-04-09",
    "time_in": "06:36:02",
    "time_out": "19:07:42"
  },
  {
    "zk_id": "74",
    "log_date": "2026-04-12",
    "time_in": "06:17:57",
    "time_out": "19:08:00"
  },
  {
    "zk_id": "74",
    "log_date": "2026-04-13",
    "time_in": "06:01:27",
    "time_out": "19:04:34"
  },
  {
    "zk_id": "74",
    "log_date": "2026-04-14",
    "time_in": "06:08:58",
    "time_out": "06:08:58"
  },
  {
    "zk_id": "74",
    "log_date": "2026-04-15",
    "time_in": "06:03:16",
    "time_out": "19:07:56"
  },
  {
    "zk_id": "74",
    "log_date": "2026-04-16",
    "time_in": "06:07:14",
    "time_out": "19:05:02"
  },
  {
    "zk_id": "74",
    "log_date": "2026-04-17",
    "time_in": "08:50:56",
    "time_out": "16:06:47"
  },
  {
    "zk_id": "74",
    "log_date": "2026-04-20",
    "time_in": "06:03:05",
    "time_out": "19:05:49"
  },
  {
    "zk_id": "74",
    "log_date": "2026-04-21",
    "time_in": "06:10:36",
    "time_out": "19:03:26"
  },
  {
    "zk_id": "74",
    "log_date": "2026-04-22",
    "time_in": "06:10:29",
    "time_out": "19:05:01"
  },
  {
    "zk_id": "74",
    "log_date": "2026-04-23",
    "time_in": "06:07:13",
    "time_out": "19:14:39"
  },
  {
    "zk_id": "75",
    "log_date": "2026-04-01",
    "time_in": "05:41:51",
    "time_out": "19:06:03"
  },
  {
    "zk_id": "75",
    "log_date": "2026-04-02",
    "time_in": "05:37:01",
    "time_out": "19:03:17"
  },
  {
    "zk_id": "75",
    "log_date": "2026-04-06",
    "time_in": "05:54:06",
    "time_out": "19:02:51"
  },
  {
    "zk_id": "75",
    "log_date": "2026-04-07",
    "time_in": "05:51:41",
    "time_out": "19:03:34"
  },
  {
    "zk_id": "75",
    "log_date": "2026-04-08",
    "time_in": "05:51:13",
    "time_out": "19:00:25"
  },
  {
    "zk_id": "75",
    "log_date": "2026-04-09",
    "time_in": "05:48:54",
    "time_out": "19:03:52"
  },
  {
    "zk_id": "75",
    "log_date": "2026-04-13",
    "time_in": "05:54:23",
    "time_out": "19:04:38"
  },
  {
    "zk_id": "75",
    "log_date": "2026-04-14",
    "time_in": "05:49:32",
    "time_out": "19:04:43"
  },
  {
    "zk_id": "75",
    "log_date": "2026-04-15",
    "time_in": "05:51:59",
    "time_out": "19:04:17"
  },
  {
    "zk_id": "75",
    "log_date": "2026-04-16",
    "time_in": "05:42:31",
    "time_out": "19:04:08"
  },
  {
    "zk_id": "75",
    "log_date": "2026-04-18",
    "time_in": "05:39:53",
    "time_out": "15:06:04"
  },
  {
    "zk_id": "75",
    "log_date": "2026-04-20",
    "time_in": "05:46:09",
    "time_out": "19:04:07"
  },
  {
    "zk_id": "75",
    "log_date": "2026-04-21",
    "time_in": "05:46:29",
    "time_out": "19:04:41"
  },
  {
    "zk_id": "75",
    "log_date": "2026-04-22",
    "time_in": "05:44:46",
    "time_out": "19:03:18"
  },
  {
    "zk_id": "75",
    "log_date": "2026-04-23",
    "time_in": "05:46:14",
    "time_out": "19:01:44"
  },
  {
    "zk_id": "75",
    "log_date": "2026-04-26",
    "time_in": "06:44:33",
    "time_out": "15:00:36"
  },
  {
    "zk_id": "75",
    "log_date": "2026-04-27",
    "time_in": "05:44:38",
    "time_out": "05:44:38"
  },
  {
    "zk_id": "76",
    "log_date": "2026-04-01",
    "time_in": "05:47:43",
    "time_out": "15:20:16"
  },
  {
    "zk_id": "76",
    "log_date": "2026-04-05",
    "time_in": "05:56:09",
    "time_out": "15:11:01"
  },
  {
    "zk_id": "76",
    "log_date": "2026-04-06",
    "time_in": "05:25:46",
    "time_out": "15:15:32"
  },
  {
    "zk_id": "76",
    "log_date": "2026-04-07",
    "time_in": "05:44:43",
    "time_out": "15:01:17"
  },
  {
    "zk_id": "76",
    "log_date": "2026-04-08",
    "time_in": "05:48:46",
    "time_out": "15:14:01"
  },
  {
    "zk_id": "76",
    "log_date": "2026-04-09",
    "time_in": "05:43:36",
    "time_out": "15:07:54"
  },
  {
    "zk_id": "76",
    "log_date": "2026-04-10",
    "time_in": "05:45:57",
    "time_out": "15:06:41"
  },
  {
    "zk_id": "76",
    "log_date": "2026-04-11",
    "time_in": "05:21:50",
    "time_out": "15:04:43"
  },
  {
    "zk_id": "76",
    "log_date": "2026-04-13",
    "time_in": "05:42:01",
    "time_out": "15:05:16"
  },
  {
    "zk_id": "76",
    "log_date": "2026-04-14",
    "time_in": "05:39:46",
    "time_out": "15:06:14"
  },
  {
    "zk_id": "76",
    "log_date": "2026-04-15",
    "time_in": "05:52:21",
    "time_out": "15:13:24"
  },
  {
    "zk_id": "76",
    "log_date": "2026-04-16",
    "time_in": "06:02:36",
    "time_out": "15:12:42"
  },
  {
    "zk_id": "76",
    "log_date": "2026-04-17",
    "time_in": "05:50:18",
    "time_out": "15:10:10"
  },
  {
    "zk_id": "76",
    "log_date": "2026-04-19",
    "time_in": "05:48:40",
    "time_out": "15:06:44"
  },
  {
    "zk_id": "76",
    "log_date": "2026-04-20",
    "time_in": "05:37:58",
    "time_out": "15:06:12"
  },
  {
    "zk_id": "76",
    "log_date": "2026-04-21",
    "time_in": "05:28:48",
    "time_out": "15:06:58"
  },
  {
    "zk_id": "76",
    "log_date": "2026-04-22",
    "time_in": "06:00:55",
    "time_out": "15:08:30"
  },
  {
    "zk_id": "76",
    "log_date": "2026-04-23",
    "time_in": "05:48:01",
    "time_out": "15:07:23"
  },
  {
    "zk_id": "76",
    "log_date": "2026-04-24",
    "time_in": "05:56:04",
    "time_out": "15:06:03"
  },
  {
    "zk_id": "76",
    "log_date": "2026-04-26",
    "time_in": "06:04:15",
    "time_out": "15:09:09"
  },
  {
    "zk_id": "76",
    "log_date": "2026-04-27",
    "time_in": "05:25:15",
    "time_out": "15:04:35"
  },
  {
    "zk_id": "77",
    "log_date": "2026-04-01",
    "time_in": "22:01:49",
    "time_out": "22:01:49"
  },
  {
    "zk_id": "77",
    "log_date": "2026-04-03",
    "time_in": "05:54:49",
    "time_out": "15:03:53"
  },
  {
    "zk_id": "77",
    "log_date": "2026-04-04",
    "time_in": "06:06:34",
    "time_out": "15:03:46"
  },
  {
    "zk_id": "77",
    "log_date": "2026-04-06",
    "time_in": "05:59:38",
    "time_out": "05:59:38"
  },
  {
    "zk_id": "77",
    "log_date": "2026-04-07",
    "time_in": "06:04:47",
    "time_out": "22:04:09"
  },
  {
    "zk_id": "77",
    "log_date": "2026-04-08",
    "time_in": "06:03:22",
    "time_out": "06:03:22"
  },
  {
    "zk_id": "77",
    "log_date": "2026-04-10",
    "time_in": "06:03:27",
    "time_out": "15:05:45"
  },
  {
    "zk_id": "77",
    "log_date": "2026-04-11",
    "time_in": "06:04:23",
    "time_out": "15:04:10"
  },
  {
    "zk_id": "77",
    "log_date": "2026-04-13",
    "time_in": "06:05:39",
    "time_out": "15:04:54"
  },
  {
    "zk_id": "77",
    "log_date": "2026-04-14",
    "time_in": "06:05:30",
    "time_out": "20:04:00"
  },
  {
    "zk_id": "77",
    "log_date": "2026-04-15",
    "time_in": "06:00:16",
    "time_out": "20:00:15"
  },
  {
    "zk_id": "77",
    "log_date": "2026-04-16",
    "time_in": "06:03:33",
    "time_out": "20:02:17"
  },
  {
    "zk_id": "77",
    "log_date": "2026-04-17",
    "time_in": "06:03:13",
    "time_out": "18:01:06"
  },
  {
    "zk_id": "77",
    "log_date": "2026-04-18",
    "time_in": "06:03:22",
    "time_out": "15:03:10"
  },
  {
    "zk_id": "77",
    "log_date": "2026-04-20",
    "time_in": "06:04:55",
    "time_out": "15:04:40"
  },
  {
    "zk_id": "77",
    "log_date": "2026-04-21",
    "time_in": "20:00:52",
    "time_out": "20:00:52"
  },
  {
    "zk_id": "77",
    "log_date": "2026-04-22",
    "time_in": "05:53:03",
    "time_out": "20:01:46"
  },
  {
    "zk_id": "77",
    "log_date": "2026-04-23",
    "time_in": "18:02:56",
    "time_out": "18:02:56"
  },
  {
    "zk_id": "77",
    "log_date": "2026-04-24",
    "time_in": "06:01:38",
    "time_out": "22:00:17"
  },
  {
    "zk_id": "77",
    "log_date": "2026-04-25",
    "time_in": "05:59:32",
    "time_out": "20:06:38"
  },
  {
    "zk_id": "77",
    "log_date": "2026-04-26",
    "time_in": "06:03:03",
    "time_out": "15:11:40"
  },
  {
    "zk_id": "77",
    "log_date": "2026-04-27",
    "time_in": "06:01:29",
    "time_out": "06:01:29"
  },
  {
    "zk_id": "78",
    "log_date": "2026-04-01",
    "time_in": "05:39:34",
    "time_out": "15:05:14"
  },
  {
    "zk_id": "78",
    "log_date": "2026-04-03",
    "time_in": "05:33:15",
    "time_out": "15:01:42"
  },
  {
    "zk_id": "78",
    "log_date": "2026-04-04",
    "time_in": "05:30:59",
    "time_out": "15:08:58"
  },
  {
    "zk_id": "78",
    "log_date": "2026-04-06",
    "time_in": "05:05:17",
    "time_out": "20:05:25"
  },
  {
    "zk_id": "78",
    "log_date": "2026-04-07",
    "time_in": "05:23:43",
    "time_out": "22:06:28"
  },
  {
    "zk_id": "78",
    "log_date": "2026-04-08",
    "time_in": "05:49:02",
    "time_out": "22:04:46"
  },
  {
    "zk_id": "78",
    "log_date": "2026-04-09",
    "time_in": "05:50:54",
    "time_out": "16:05:06"
  },
  {
    "zk_id": "78",
    "log_date": "2026-04-10",
    "time_in": "05:47:17",
    "time_out": "15:02:04"
  },
  {
    "zk_id": "78",
    "log_date": "2026-04-11",
    "time_in": "05:46:09",
    "time_out": "15:08:22"
  },
  {
    "zk_id": "78",
    "log_date": "2026-04-13",
    "time_in": "04:58:34",
    "time_out": "15:04:48"
  },
  {
    "zk_id": "78",
    "log_date": "2026-04-14",
    "time_in": "05:40:40",
    "time_out": "15:06:43"
  },
  {
    "zk_id": "78",
    "log_date": "2026-04-15",
    "time_in": "05:34:39",
    "time_out": "05:34:39"
  },
  {
    "zk_id": "78",
    "log_date": "2026-04-16",
    "time_in": "05:55:43",
    "time_out": "17:04:42"
  },
  {
    "zk_id": "78",
    "log_date": "2026-04-17",
    "time_in": "05:43:16",
    "time_out": "15:09:41"
  },
  {
    "zk_id": "78",
    "log_date": "2026-04-18",
    "time_in": "05:42:52",
    "time_out": "15:03:04"
  },
  {
    "zk_id": "78",
    "log_date": "2026-04-20",
    "time_in": "04:51:30",
    "time_out": "15:21:01"
  },
  {
    "zk_id": "78",
    "log_date": "2026-04-21",
    "time_in": "05:42:52",
    "time_out": "15:04:48"
  },
  {
    "zk_id": "78",
    "log_date": "2026-04-22",
    "time_in": "05:40:56",
    "time_out": "15:02:19"
  },
  {
    "zk_id": "78",
    "log_date": "2026-04-23",
    "time_in": "05:41:30",
    "time_out": "15:12:14"
  },
  {
    "zk_id": "78",
    "log_date": "2026-04-24",
    "time_in": "05:44:32",
    "time_out": "15:08:01"
  },
  {
    "zk_id": "78",
    "log_date": "2026-04-25",
    "time_in": "05:44:32",
    "time_out": "15:02:17"
  },
  {
    "zk_id": "78",
    "log_date": "2026-04-27",
    "time_in": "04:50:42",
    "time_out": "04:50:42"
  },
  {
    "zk_id": "79",
    "log_date": "2026-04-01",
    "time_in": "05:35:02",
    "time_out": "15:07:31"
  },
  {
    "zk_id": "79",
    "log_date": "2026-04-05",
    "time_in": "05:42:56",
    "time_out": "15:05:25"
  },
  {
    "zk_id": "79",
    "log_date": "2026-04-06",
    "time_in": "05:36:45",
    "time_out": "20:05:41"
  },
  {
    "zk_id": "79",
    "log_date": "2026-04-07",
    "time_in": "05:51:59",
    "time_out": "22:04:00"
  },
  {
    "zk_id": "79",
    "log_date": "2026-04-08",
    "time_in": "05:39:03",
    "time_out": "22:05:02"
  },
  {
    "zk_id": "79",
    "log_date": "2026-04-10",
    "time_in": "05:47:32",
    "time_out": "15:12:25"
  },
  {
    "zk_id": "79",
    "log_date": "2026-04-12",
    "time_in": "05:51:50",
    "time_out": "15:04:00"
  },
  {
    "zk_id": "79",
    "log_date": "2026-04-13",
    "time_in": "05:42:36",
    "time_out": "15:06:27"
  },
  {
    "zk_id": "79",
    "log_date": "2026-04-14",
    "time_in": "05:40:11",
    "time_out": "15:06:23"
  },
  {
    "zk_id": "79",
    "log_date": "2026-04-15",
    "time_in": "05:46:55",
    "time_out": "05:46:55"
  },
  {
    "zk_id": "79",
    "log_date": "2026-04-16",
    "time_in": "05:48:13",
    "time_out": "15:08:20"
  },
  {
    "zk_id": "79",
    "log_date": "2026-04-17",
    "time_in": "05:32:44",
    "time_out": "15:09:31"
  },
  {
    "zk_id": "79",
    "log_date": "2026-04-18",
    "time_in": "05:49:26",
    "time_out": "15:04:08"
  },
  {
    "zk_id": "79",
    "log_date": "2026-04-21",
    "time_in": "05:37:51",
    "time_out": "15:04:50"
  },
  {
    "zk_id": "79",
    "log_date": "2026-04-22",
    "time_in": "05:38:15",
    "time_out": "15:03:15"
  },
  {
    "zk_id": "79",
    "log_date": "2026-04-23",
    "time_in": "05:54:08",
    "time_out": "15:02:28"
  },
  {
    "zk_id": "79",
    "log_date": "2026-04-24",
    "time_in": "05:56:38",
    "time_out": "15:08:13"
  },
  {
    "zk_id": "79",
    "log_date": "2026-04-25",
    "time_in": "05:43:54",
    "time_out": "15:02:11"
  },
  {
    "zk_id": "79",
    "log_date": "2026-04-27",
    "time_in": "05:50:41",
    "time_out": "05:50:41"
  },
  {
    "zk_id": "8",
    "log_date": "2026-04-01",
    "time_in": "07:08:33",
    "time_out": "20:12:11"
  },
  {
    "zk_id": "8",
    "log_date": "2026-04-02",
    "time_in": "08:03:58",
    "time_out": "08:03:58"
  },
  {
    "zk_id": "8",
    "log_date": "2026-04-03",
    "time_in": "08:12:55",
    "time_out": "19:44:00"
  },
  {
    "zk_id": "8",
    "log_date": "2026-04-04",
    "time_in": "08:12:43",
    "time_out": "19:55:28"
  },
  {
    "zk_id": "8",
    "log_date": "2026-04-05",
    "time_in": "08:12:15",
    "time_out": "19:37:19"
  },
  {
    "zk_id": "8",
    "log_date": "2026-04-06",
    "time_in": "20:13:53",
    "time_out": "20:13:53"
  },
  {
    "zk_id": "8",
    "log_date": "2026-04-07",
    "time_in": "07:27:02",
    "time_out": "17:15:52"
  },
  {
    "zk_id": "8",
    "log_date": "2026-04-08",
    "time_in": "07:47:43",
    "time_out": "20:19:20"
  },
  {
    "zk_id": "8",
    "log_date": "2026-04-09",
    "time_in": "07:47:03",
    "time_out": "07:47:03"
  },
  {
    "zk_id": "8",
    "log_date": "2026-04-10",
    "time_in": "06:19:49",
    "time_out": "19:38:31"
  },
  {
    "zk_id": "8",
    "log_date": "2026-04-11",
    "time_in": "08:18:16",
    "time_out": "19:51:40"
  },
  {
    "zk_id": "8",
    "log_date": "2026-04-12",
    "time_in": "08:14:01",
    "time_out": "19:46:26"
  },
  {
    "zk_id": "8",
    "log_date": "2026-04-13",
    "time_in": "08:19:23",
    "time_out": "19:51:57"
  },
  {
    "zk_id": "8",
    "log_date": "2026-04-14",
    "time_in": "20:20:42",
    "time_out": "20:20:42"
  },
  {
    "zk_id": "8",
    "log_date": "2026-04-15",
    "time_in": "07:43:58",
    "time_out": "17:18:49"
  },
  {
    "zk_id": "8",
    "log_date": "2026-04-16",
    "time_in": "07:55:47",
    "time_out": "20:18:44"
  },
  {
    "zk_id": "8",
    "log_date": "2026-04-17",
    "time_in": "07:40:05",
    "time_out": "07:40:05"
  },
  {
    "zk_id": "8",
    "log_date": "2026-04-18",
    "time_in": "08:19:35",
    "time_out": "19:47:01"
  },
  {
    "zk_id": "8",
    "log_date": "2026-04-19",
    "time_in": "08:11:50",
    "time_out": "19:26:47"
  },
  {
    "zk_id": "8",
    "log_date": "2026-04-20",
    "time_in": "08:20:55",
    "time_out": "19:54:34"
  },
  {
    "zk_id": "8",
    "log_date": "2026-04-21",
    "time_in": "08:19:45",
    "time_out": "19:52:27"
  },
  {
    "zk_id": "8",
    "log_date": "2026-04-22",
    "time_in": "08:25:46",
    "time_out": "08:25:46"
  },
  {
    "zk_id": "8",
    "log_date": "2026-04-23",
    "time_in": "07:51:02",
    "time_out": "17:18:55"
  },
  {
    "zk_id": "8",
    "log_date": "2026-04-24",
    "time_in": "07:25:54",
    "time_out": "20:20:42"
  },
  {
    "zk_id": "8",
    "log_date": "2026-04-25",
    "time_in": "07:56:29",
    "time_out": "07:56:29"
  },
  {
    "zk_id": "8",
    "log_date": "2026-04-26",
    "time_in": "08:20:09",
    "time_out": "19:47:37"
  },
  {
    "zk_id": "8",
    "log_date": "2026-04-27",
    "time_in": "08:14:11",
    "time_out": "08:14:11"
  },
  {
    "zk_id": "80",
    "log_date": "2026-04-01",
    "time_in": "05:54:15",
    "time_out": "05:54:15"
  },
  {
    "zk_id": "80",
    "log_date": "2026-04-04",
    "time_in": "05:56:42",
    "time_out": "15:09:00"
  },
  {
    "zk_id": "80",
    "log_date": "2026-04-06",
    "time_in": "04:59:20",
    "time_out": "15:04:32"
  },
  {
    "zk_id": "80",
    "log_date": "2026-04-13",
    "time_in": "06:07:40",
    "time_out": "15:08:01"
  },
  {
    "zk_id": "80",
    "log_date": "2026-04-14",
    "time_in": "05:52:51",
    "time_out": "15:05:20"
  },
  {
    "zk_id": "80",
    "log_date": "2026-04-15",
    "time_in": "05:50:49",
    "time_out": "05:50:49"
  },
  {
    "zk_id": "80",
    "log_date": "2026-04-16",
    "time_in": "05:54:43",
    "time_out": "17:01:10"
  },
  {
    "zk_id": "80",
    "log_date": "2026-04-17",
    "time_in": "06:01:18",
    "time_out": "15:09:57"
  },
  {
    "zk_id": "80",
    "log_date": "2026-04-19",
    "time_in": "05:59:49",
    "time_out": "15:14:57"
  },
  {
    "zk_id": "80",
    "log_date": "2026-04-20",
    "time_in": "05:57:27",
    "time_out": "17:02:23"
  },
  {
    "zk_id": "80",
    "log_date": "2026-04-21",
    "time_in": "05:54:08",
    "time_out": "17:06:15"
  },
  {
    "zk_id": "80",
    "log_date": "2026-04-22",
    "time_in": "05:52:54",
    "time_out": "15:02:04"
  },
  {
    "zk_id": "80",
    "log_date": "2026-04-24",
    "time_in": "05:43:56",
    "time_out": "15:08:17"
  },
  {
    "zk_id": "80",
    "log_date": "2026-04-26",
    "time_in": "05:56:19",
    "time_out": "15:02:59"
  },
  {
    "zk_id": "80",
    "log_date": "2026-04-27",
    "time_in": "04:47:48",
    "time_out": "04:47:48"
  },
  {
    "zk_id": "81",
    "log_date": "2026-04-01",
    "time_in": "06:10:10",
    "time_out": "15:07:45"
  },
  {
    "zk_id": "81",
    "log_date": "2026-04-06",
    "time_in": "06:02:46",
    "time_out": "06:02:46"
  },
  {
    "zk_id": "81",
    "log_date": "2026-04-07",
    "time_in": "05:44:20",
    "time_out": "05:44:20"
  },
  {
    "zk_id": "81",
    "log_date": "2026-04-08",
    "time_in": "06:17:27",
    "time_out": "06:17:27"
  },
  {
    "zk_id": "81",
    "log_date": "2026-04-13",
    "time_in": "06:19:52",
    "time_out": "15:14:35"
  },
  {
    "zk_id": "81",
    "log_date": "2026-04-14",
    "time_in": "06:08:33",
    "time_out": "18:00:46"
  },
  {
    "zk_id": "81",
    "log_date": "2026-04-15",
    "time_in": "06:56:28",
    "time_out": "06:56:28"
  },
  {
    "zk_id": "81",
    "log_date": "2026-04-16",
    "time_in": "07:01:49",
    "time_out": "15:01:20"
  },
  {
    "zk_id": "81",
    "log_date": "2026-04-19",
    "time_in": "06:28:13",
    "time_out": "06:28:13"
  },
  {
    "zk_id": "81",
    "log_date": "2026-04-20",
    "time_in": "17:45:42",
    "time_out": "17:45:42"
  },
  {
    "zk_id": "81",
    "log_date": "2026-04-21",
    "time_in": "06:56:37",
    "time_out": "17:52:11"
  },
  {
    "zk_id": "81",
    "log_date": "2026-04-22",
    "time_in": "06:12:06",
    "time_out": "19:12:06"
  },
  {
    "zk_id": "81",
    "log_date": "2026-04-23",
    "time_in": "06:17:52",
    "time_out": "15:55:18"
  },
  {
    "zk_id": "81",
    "log_date": "2026-04-24",
    "time_in": "06:13:20",
    "time_out": "15:19:31"
  },
  {
    "zk_id": "82",
    "log_date": "2026-04-01",
    "time_in": "07:02:49",
    "time_out": "15:06:42"
  },
  {
    "zk_id": "82",
    "log_date": "2026-04-04",
    "time_in": "07:02:00",
    "time_out": "16:04:10"
  },
  {
    "zk_id": "82",
    "log_date": "2026-04-06",
    "time_in": "06:52:03",
    "time_out": "15:07:42"
  },
  {
    "zk_id": "82",
    "log_date": "2026-04-07",
    "time_in": "06:02:41",
    "time_out": "15:03:15"
  },
  {
    "zk_id": "82",
    "log_date": "2026-04-08",
    "time_in": "06:06:17",
    "time_out": "15:02:06"
  },
  {
    "zk_id": "82",
    "log_date": "2026-04-10",
    "time_in": "06:08:45",
    "time_out": "15:09:02"
  },
  {
    "zk_id": "82",
    "log_date": "2026-04-11",
    "time_in": "06:00:14",
    "time_out": "15:04:20"
  },
  {
    "zk_id": "82",
    "log_date": "2026-04-13",
    "time_in": "06:17:24",
    "time_out": "15:05:32"
  },
  {
    "zk_id": "82",
    "log_date": "2026-04-14",
    "time_in": "06:04:53",
    "time_out": "15:06:54"
  },
  {
    "zk_id": "82",
    "log_date": "2026-04-15",
    "time_in": "06:05:09",
    "time_out": "15:05:40"
  },
  {
    "zk_id": "82",
    "log_date": "2026-04-16",
    "time_in": "06:06:52",
    "time_out": "15:07:25"
  },
  {
    "zk_id": "82",
    "log_date": "2026-04-17",
    "time_in": "06:06:15",
    "time_out": "15:04:58"
  },
  {
    "zk_id": "82",
    "log_date": "2026-04-18",
    "time_in": "06:05:08",
    "time_out": "15:03:20"
  },
  {
    "zk_id": "82",
    "log_date": "2026-04-20",
    "time_in": "06:11:01",
    "time_out": "17:02:58"
  },
  {
    "zk_id": "82",
    "log_date": "2026-04-21",
    "time_in": "06:03:52",
    "time_out": "18:01:01"
  },
  {
    "zk_id": "82",
    "log_date": "2026-04-22",
    "time_in": "06:08:12",
    "time_out": "15:11:32"
  },
  {
    "zk_id": "82",
    "log_date": "2026-04-23",
    "time_in": "06:05:42",
    "time_out": "17:03:41"
  },
  {
    "zk_id": "82",
    "log_date": "2026-04-24",
    "time_in": "06:10:56",
    "time_out": "15:02:36"
  },
  {
    "zk_id": "82",
    "log_date": "2026-04-25",
    "time_in": "06:57:40",
    "time_out": "06:57:40"
  },
  {
    "zk_id": "82",
    "log_date": "2026-04-27",
    "time_in": "06:12:02",
    "time_out": "15:03:41"
  },
  {
    "zk_id": "83",
    "log_date": "2026-04-01",
    "time_in": "05:58:58",
    "time_out": "15:03:31"
  },
  {
    "zk_id": "83",
    "log_date": "2026-04-02",
    "time_in": "06:03:25",
    "time_out": "15:01:50"
  },
  {
    "zk_id": "83",
    "log_date": "2026-04-03",
    "time_in": "15:04:36",
    "time_out": "15:04:36"
  },
  {
    "zk_id": "83",
    "log_date": "2026-04-04",
    "time_in": "06:17:23",
    "time_out": "15:07:45"
  },
  {
    "zk_id": "83",
    "log_date": "2026-04-06",
    "time_in": "06:04:37",
    "time_out": "15:07:28"
  },
  {
    "zk_id": "83",
    "log_date": "2026-04-07",
    "time_in": "05:56:10",
    "time_out": "15:00:47"
  },
  {
    "zk_id": "83",
    "log_date": "2026-04-08",
    "time_in": "06:04:27",
    "time_out": "15:03:05"
  },
  {
    "zk_id": "83",
    "log_date": "2026-04-09",
    "time_in": "06:14:09",
    "time_out": "15:09:58"
  },
  {
    "zk_id": "83",
    "log_date": "2026-04-10",
    "time_in": "06:01:51",
    "time_out": "15:00:06"
  },
  {
    "zk_id": "83",
    "log_date": "2026-04-11",
    "time_in": "06:00:12",
    "time_out": "15:04:04"
  },
  {
    "zk_id": "83",
    "log_date": "2026-04-13",
    "time_in": "06:04:00",
    "time_out": "15:01:42"
  },
  {
    "zk_id": "83",
    "log_date": "2026-04-14",
    "time_in": "06:07:31",
    "time_out": "15:06:49"
  },
  {
    "zk_id": "83",
    "log_date": "2026-04-15",
    "time_in": "06:02:58",
    "time_out": "15:05:59"
  },
  {
    "zk_id": "83",
    "log_date": "2026-04-16",
    "time_in": "06:00:21",
    "time_out": "15:04:53"
  },
  {
    "zk_id": "83",
    "log_date": "2026-04-17",
    "time_in": "15:05:39",
    "time_out": "15:05:39"
  },
  {
    "zk_id": "83",
    "log_date": "2026-04-18",
    "time_in": "06:08:49",
    "time_out": "15:02:21"
  },
  {
    "zk_id": "83",
    "log_date": "2026-04-20",
    "time_in": "06:18:19",
    "time_out": "17:02:29"
  },
  {
    "zk_id": "83",
    "log_date": "2026-04-21",
    "time_in": "06:05:28",
    "time_out": "18:00:45"
  },
  {
    "zk_id": "83",
    "log_date": "2026-04-22",
    "time_in": "05:57:57",
    "time_out": "15:11:29"
  },
  {
    "zk_id": "83",
    "log_date": "2026-04-23",
    "time_in": "05:58:13",
    "time_out": "17:03:38"
  },
  {
    "zk_id": "83",
    "log_date": "2026-04-24",
    "time_in": "06:00:28",
    "time_out": "15:02:47"
  },
  {
    "zk_id": "83",
    "log_date": "2026-04-25",
    "time_in": "05:26:25",
    "time_out": "05:26:25"
  },
  {
    "zk_id": "83",
    "log_date": "2026-04-27",
    "time_in": "06:00:18",
    "time_out": "15:03:37"
  },
  {
    "zk_id": "84",
    "log_date": "2026-04-01",
    "time_in": "15:11:51",
    "time_out": "15:11:51"
  },
  {
    "zk_id": "84",
    "log_date": "2026-04-03",
    "time_in": "06:05:25",
    "time_out": "15:14:05"
  },
  {
    "zk_id": "84",
    "log_date": "2026-04-04",
    "time_in": "06:07:31",
    "time_out": "06:07:31"
  },
  {
    "zk_id": "84",
    "log_date": "2026-04-06",
    "time_in": "06:14:29",
    "time_out": "15:05:17"
  },
  {
    "zk_id": "84",
    "log_date": "2026-04-07",
    "time_in": "15:06:11",
    "time_out": "15:06:11"
  },
  {
    "zk_id": "84",
    "log_date": "2026-04-08",
    "time_in": "15:11:25",
    "time_out": "15:11:25"
  },
  {
    "zk_id": "84",
    "log_date": "2026-04-09",
    "time_in": "15:26:12",
    "time_out": "15:26:12"
  },
  {
    "zk_id": "84",
    "log_date": "2026-04-10",
    "time_in": "15:11:31",
    "time_out": "15:11:31"
  },
  {
    "zk_id": "84",
    "log_date": "2026-04-11",
    "time_in": "06:55:11",
    "time_out": "15:06:01"
  },
  {
    "zk_id": "84",
    "log_date": "2026-04-12",
    "time_in": "15:03:50",
    "time_out": "15:03:50"
  },
  {
    "zk_id": "84",
    "log_date": "2026-04-13",
    "time_in": "15:05:21",
    "time_out": "15:05:21"
  },
  {
    "zk_id": "84",
    "log_date": "2026-04-15",
    "time_in": "15:05:24",
    "time_out": "15:05:24"
  },
  {
    "zk_id": "84",
    "log_date": "2026-04-16",
    "time_in": "15:06:59",
    "time_out": "15:06:59"
  },
  {
    "zk_id": "84",
    "log_date": "2026-04-17",
    "time_in": "06:18:06",
    "time_out": "15:05:17"
  },
  {
    "zk_id": "84",
    "log_date": "2026-04-18",
    "time_in": "15:10:23",
    "time_out": "15:10:23"
  },
  {
    "zk_id": "84",
    "log_date": "2026-04-20",
    "time_in": "15:04:54",
    "time_out": "15:04:54"
  },
  {
    "zk_id": "84",
    "log_date": "2026-04-21",
    "time_in": "07:43:26",
    "time_out": "07:43:26"
  },
  {
    "zk_id": "84",
    "log_date": "2026-04-22",
    "time_in": "06:32:57",
    "time_out": "15:04:46"
  },
  {
    "zk_id": "84",
    "log_date": "2026-04-23",
    "time_in": "15:57:47",
    "time_out": "15:57:47"
  },
  {
    "zk_id": "84",
    "log_date": "2026-04-24",
    "time_in": "06:00:11",
    "time_out": "15:11:22"
  },
  {
    "zk_id": "84",
    "log_date": "2026-04-25",
    "time_in": "15:03:51",
    "time_out": "15:03:51"
  },
  {
    "zk_id": "84",
    "log_date": "2026-04-27",
    "time_in": "07:05:40",
    "time_out": "07:05:40"
  },
  {
    "zk_id": "85",
    "log_date": "2026-04-01",
    "time_in": "05:56:42",
    "time_out": "06:00:00"
  },
  {
    "zk_id": "85",
    "log_date": "2026-04-02",
    "time_in": "05:51:53",
    "time_out": "05:51:53"
  },
  {
    "zk_id": "85",
    "log_date": "2026-04-06",
    "time_in": "15:10:56",
    "time_out": "15:10:56"
  },
  {
    "zk_id": "85",
    "log_date": "2026-04-07",
    "time_in": "05:59:14",
    "time_out": "15:06:09"
  },
  {
    "zk_id": "85",
    "log_date": "2026-04-08",
    "time_in": "15:11:31",
    "time_out": "15:11:31"
  },
  {
    "zk_id": "85",
    "log_date": "2026-04-11",
    "time_in": "15:03:27",
    "time_out": "15:03:27"
  },
  {
    "zk_id": "85",
    "log_date": "2026-04-13",
    "time_in": "05:59:05",
    "time_out": "15:05:35"
  },
  {
    "zk_id": "85",
    "log_date": "2026-04-14",
    "time_in": "15:03:48",
    "time_out": "15:03:48"
  },
  {
    "zk_id": "85",
    "log_date": "2026-04-15",
    "time_in": "05:58:26",
    "time_out": "17:04:35"
  },
  {
    "zk_id": "85",
    "log_date": "2026-04-16",
    "time_in": "05:58:36",
    "time_out": "15:05:35"
  },
  {
    "zk_id": "85",
    "log_date": "2026-04-17",
    "time_in": "15:03:40",
    "time_out": "15:03:40"
  },
  {
    "zk_id": "85",
    "log_date": "2026-04-18",
    "time_in": "06:01:24",
    "time_out": "15:06:13"
  },
  {
    "zk_id": "85",
    "log_date": "2026-04-20",
    "time_in": "05:58:55",
    "time_out": "17:01:59"
  },
  {
    "zk_id": "85",
    "log_date": "2026-04-23",
    "time_in": "05:57:57",
    "time_out": "05:57:57"
  },
  {
    "zk_id": "85",
    "log_date": "2026-04-25",
    "time_in": "05:52:59",
    "time_out": "05:52:59"
  },
  {
    "zk_id": "86",
    "log_date": "2026-04-01",
    "time_in": "05:44:56",
    "time_out": "22:01:58"
  },
  {
    "zk_id": "86",
    "log_date": "2026-04-02",
    "time_in": "05:23:51",
    "time_out": "15:04:08"
  },
  {
    "zk_id": "86",
    "log_date": "2026-04-03",
    "time_in": "05:36:03",
    "time_out": "15:04:55"
  },
  {
    "zk_id": "86",
    "log_date": "2026-04-04",
    "time_in": "15:04:15",
    "time_out": "15:04:15"
  },
  {
    "zk_id": "86",
    "log_date": "2026-04-07",
    "time_in": "05:37:49",
    "time_out": "22:04:32"
  },
  {
    "zk_id": "86",
    "log_date": "2026-04-08",
    "time_in": "05:55:43",
    "time_out": "22:04:09"
  },
  {
    "zk_id": "86",
    "log_date": "2026-04-09",
    "time_in": "05:35:49",
    "time_out": "15:06:37"
  },
  {
    "zk_id": "86",
    "log_date": "2026-04-10",
    "time_in": "05:49:43",
    "time_out": "15:05:42"
  },
  {
    "zk_id": "86",
    "log_date": "2026-04-11",
    "time_in": "05:42:13",
    "time_out": "15:03:34"
  },
  {
    "zk_id": "86",
    "log_date": "2026-04-13",
    "time_in": "15:03:26",
    "time_out": "15:03:26"
  },
  {
    "zk_id": "86",
    "log_date": "2026-04-14",
    "time_in": "05:28:18",
    "time_out": "15:04:09"
  },
  {
    "zk_id": "86",
    "log_date": "2026-04-15",
    "time_in": "05:45:03",
    "time_out": "15:05:12"
  },
  {
    "zk_id": "86",
    "log_date": "2026-04-16",
    "time_in": "05:34:51",
    "time_out": "15:01:56"
  },
  {
    "zk_id": "86",
    "log_date": "2026-04-17",
    "time_in": "05:28:46",
    "time_out": "15:09:48"
  },
  {
    "zk_id": "86",
    "log_date": "2026-04-18",
    "time_in": "05:46:26",
    "time_out": "15:02:28"
  },
  {
    "zk_id": "86",
    "log_date": "2026-04-20",
    "time_in": "05:43:31",
    "time_out": "15:02:03"
  },
  {
    "zk_id": "86",
    "log_date": "2026-04-21",
    "time_in": "05:27:19",
    "time_out": "18:02:06"
  },
  {
    "zk_id": "86",
    "log_date": "2026-04-22",
    "time_in": "05:40:29",
    "time_out": "18:04:42"
  },
  {
    "zk_id": "86",
    "log_date": "2026-04-23",
    "time_in": "05:39:44",
    "time_out": "18:03:44"
  },
  {
    "zk_id": "86",
    "log_date": "2026-04-24",
    "time_in": "05:41:51",
    "time_out": "22:04:10"
  },
  {
    "zk_id": "86",
    "log_date": "2026-04-25",
    "time_in": "05:28:09",
    "time_out": "05:28:09"
  },
  {
    "zk_id": "86",
    "log_date": "2026-04-27",
    "time_in": "05:26:48",
    "time_out": "05:26:48"
  },
  {
    "zk_id": "88",
    "log_date": "2026-04-01",
    "time_in": "07:19:24",
    "time_out": "16:33:07"
  },
  {
    "zk_id": "88",
    "log_date": "2026-04-02",
    "time_in": "07:36:35",
    "time_out": "16:33:51"
  },
  {
    "zk_id": "88",
    "log_date": "2026-04-03",
    "time_in": "06:29:09",
    "time_out": "16:32:57"
  },
  {
    "zk_id": "88",
    "log_date": "2026-04-04",
    "time_in": "07:51:32",
    "time_out": "07:51:32"
  },
  {
    "zk_id": "88",
    "log_date": "2026-04-06",
    "time_in": "07:50:27",
    "time_out": "16:57:48"
  },
  {
    "zk_id": "88",
    "log_date": "2026-04-07",
    "time_in": "07:45:44",
    "time_out": "16:33:12"
  },
  {
    "zk_id": "88",
    "log_date": "2026-04-08",
    "time_in": "07:52:00",
    "time_out": "07:52:00"
  },
  {
    "zk_id": "88",
    "log_date": "2026-04-09",
    "time_in": "07:48:48",
    "time_out": "07:48:48"
  },
  {
    "zk_id": "88",
    "log_date": "2026-04-10",
    "time_in": "07:51:17",
    "time_out": "16:07:32"
  },
  {
    "zk_id": "88",
    "log_date": "2026-04-14",
    "time_in": "07:32:38",
    "time_out": "07:32:38"
  },
  {
    "zk_id": "88",
    "log_date": "2026-04-15",
    "time_in": "17:03:48",
    "time_out": "17:03:48"
  },
  {
    "zk_id": "88",
    "log_date": "2026-04-16",
    "time_in": "07:59:17",
    "time_out": "17:34:44"
  },
  {
    "zk_id": "88",
    "log_date": "2026-04-18",
    "time_in": "07:47:09",
    "time_out": "16:02:29"
  },
  {
    "zk_id": "88",
    "log_date": "2026-04-20",
    "time_in": "07:53:11",
    "time_out": "16:35:34"
  },
  {
    "zk_id": "88",
    "log_date": "2026-04-21",
    "time_in": "07:59:04",
    "time_out": "07:59:04"
  },
  {
    "zk_id": "88",
    "log_date": "2026-04-23",
    "time_in": "08:00:39",
    "time_out": "16:50:06"
  },
  {
    "zk_id": "88",
    "log_date": "2026-04-24",
    "time_in": "07:58:16",
    "time_out": "16:37:34"
  },
  {
    "zk_id": "88",
    "log_date": "2026-04-25",
    "time_in": "08:04:09",
    "time_out": "08:04:09"
  },
  {
    "zk_id": "89",
    "log_date": "2026-04-01",
    "time_in": "10:59:35",
    "time_out": "15:09:44"
  },
  {
    "zk_id": "89",
    "log_date": "2026-04-04",
    "time_in": "06:08:33",
    "time_out": "15:03:29"
  },
  {
    "zk_id": "89",
    "log_date": "2026-04-06",
    "time_in": "06:27:03",
    "time_out": "15:06:25"
  },
  {
    "zk_id": "89",
    "log_date": "2026-04-07",
    "time_in": "06:04:51",
    "time_out": "06:04:51"
  },
  {
    "zk_id": "89",
    "log_date": "2026-04-08",
    "time_in": "05:59:28",
    "time_out": "15:05:17"
  },
  {
    "zk_id": "89",
    "log_date": "2026-04-10",
    "time_in": "06:13:19",
    "time_out": "15:04:48"
  },
  {
    "zk_id": "89",
    "log_date": "2026-04-11",
    "time_in": "06:01:49",
    "time_out": "15:05:28"
  },
  {
    "zk_id": "89",
    "log_date": "2026-04-13",
    "time_in": "10:49:32",
    "time_out": "15:06:00"
  },
  {
    "zk_id": "89",
    "log_date": "2026-04-14",
    "time_in": "06:05:23",
    "time_out": "15:05:04"
  },
  {
    "zk_id": "89",
    "log_date": "2026-04-15",
    "time_in": "06:17:49",
    "time_out": "15:19:30"
  },
  {
    "zk_id": "89",
    "log_date": "2026-04-16",
    "time_in": "06:03:20",
    "time_out": "15:07:34"
  },
  {
    "zk_id": "89",
    "log_date": "2026-04-17",
    "time_in": "06:05:17",
    "time_out": "15:05:12"
  },
  {
    "zk_id": "89",
    "log_date": "2026-04-18",
    "time_in": "06:13:29",
    "time_out": "15:27:29"
  },
  {
    "zk_id": "89",
    "log_date": "2026-04-20",
    "time_in": "06:18:14",
    "time_out": "15:07:39"
  },
  {
    "zk_id": "89",
    "log_date": "2026-04-21",
    "time_in": "06:15:30",
    "time_out": "15:05:16"
  },
  {
    "zk_id": "89",
    "log_date": "2026-04-22",
    "time_in": "06:09:23",
    "time_out": "15:05:13"
  },
  {
    "zk_id": "89",
    "log_date": "2026-04-23",
    "time_in": "06:07:41",
    "time_out": "15:08:32"
  },
  {
    "zk_id": "89",
    "log_date": "2026-04-24",
    "time_in": "06:03:11",
    "time_out": "15:05:43"
  },
  {
    "zk_id": "89",
    "log_date": "2026-04-27",
    "time_in": "11:02:00",
    "time_out": "15:08:29"
  },
  {
    "zk_id": "9",
    "log_date": "2026-04-01",
    "time_in": "07:44:41",
    "time_out": "20:12:24"
  },
  {
    "zk_id": "9",
    "log_date": "2026-04-02",
    "time_in": "19:19:24",
    "time_out": "19:19:24"
  },
  {
    "zk_id": "9",
    "log_date": "2026-04-03",
    "time_in": "08:18:55",
    "time_out": "19:35:30"
  },
  {
    "zk_id": "9",
    "log_date": "2026-04-04",
    "time_in": "20:18:27",
    "time_out": "20:18:27"
  },
  {
    "zk_id": "9",
    "log_date": "2026-04-05",
    "time_in": "19:24:05",
    "time_out": "19:24:05"
  },
  {
    "zk_id": "9",
    "log_date": "2026-04-06",
    "time_in": "08:18:54",
    "time_out": "19:21:14"
  },
  {
    "zk_id": "9",
    "log_date": "2026-04-07",
    "time_in": "17:18:35",
    "time_out": "17:18:35"
  },
  {
    "zk_id": "9",
    "log_date": "2026-04-08",
    "time_in": "07:23:34",
    "time_out": "20:19:28"
  },
  {
    "zk_id": "9",
    "log_date": "2026-04-09",
    "time_in": "07:28:50",
    "time_out": "07:28:50"
  },
  {
    "zk_id": "9",
    "log_date": "2026-04-10",
    "time_in": "07:05:02",
    "time_out": "19:09:19"
  },
  {
    "zk_id": "9",
    "log_date": "2026-04-11",
    "time_in": "08:18:28",
    "time_out": "19:53:14"
  },
  {
    "zk_id": "9",
    "log_date": "2026-04-12",
    "time_in": "08:11:43",
    "time_out": "19:23:22"
  },
  {
    "zk_id": "9",
    "log_date": "2026-04-13",
    "time_in": "08:18:59",
    "time_out": "19:05:15"
  },
  {
    "zk_id": "9",
    "log_date": "2026-04-14",
    "time_in": "08:20:41",
    "time_out": "18:58:38"
  },
  {
    "zk_id": "9",
    "log_date": "2026-04-15",
    "time_in": "17:20:39",
    "time_out": "17:20:39"
  },
  {
    "zk_id": "9",
    "log_date": "2026-04-16",
    "time_in": "07:22:52",
    "time_out": "20:19:02"
  },
  {
    "zk_id": "9",
    "log_date": "2026-04-17",
    "time_in": "07:39:24",
    "time_out": "20:15:06"
  },
  {
    "zk_id": "9",
    "log_date": "2026-04-18",
    "time_in": "07:29:41",
    "time_out": "07:29:41"
  },
  {
    "zk_id": "9",
    "log_date": "2026-04-19",
    "time_in": "08:16:10",
    "time_out": "20:16:48"
  },
  {
    "zk_id": "9",
    "log_date": "2026-04-20",
    "time_in": "20:18:51",
    "time_out": "20:18:51"
  },
  {
    "zk_id": "9",
    "log_date": "2026-04-22",
    "time_in": "07:24:00",
    "time_out": "20:19:36"
  },
  {
    "zk_id": "9",
    "log_date": "2026-04-23",
    "time_in": "07:17:26",
    "time_out": "17:20:12"
  },
  {
    "zk_id": "9",
    "log_date": "2026-04-24",
    "time_in": "07:22:55",
    "time_out": "20:19:53"
  },
  {
    "zk_id": "9",
    "log_date": "2026-04-25",
    "time_in": "07:35:55",
    "time_out": "20:20:14"
  },
  {
    "zk_id": "9",
    "log_date": "2026-04-26",
    "time_in": "19:27:03",
    "time_out": "19:27:03"
  },
  {
    "zk_id": "9",
    "log_date": "2026-04-27",
    "time_in": "08:19:23",
    "time_out": "08:19:23"
  },
  {
    "zk_id": "90",
    "log_date": "2026-04-03",
    "time_in": "05:46:26",
    "time_out": "15:04:17"
  },
  {
    "zk_id": "90",
    "log_date": "2026-04-04",
    "time_in": "05:59:40",
    "time_out": "19:03:14"
  },
  {
    "zk_id": "90",
    "log_date": "2026-04-06",
    "time_in": "06:05:32",
    "time_out": "19:04:15"
  },
  {
    "zk_id": "90",
    "log_date": "2026-04-10",
    "time_in": "19:02:47",
    "time_out": "19:02:47"
  },
  {
    "zk_id": "90",
    "log_date": "2026-04-13",
    "time_in": "15:06:04",
    "time_out": "15:06:04"
  },
  {
    "zk_id": "90",
    "log_date": "2026-04-15",
    "time_in": "06:02:43",
    "time_out": "06:02:43"
  },
  {
    "zk_id": "90",
    "log_date": "2026-04-16",
    "time_in": "06:01:57",
    "time_out": "15:05:26"
  },
  {
    "zk_id": "90",
    "log_date": "2026-04-17",
    "time_in": "06:03:06",
    "time_out": "06:03:06"
  },
  {
    "zk_id": "90",
    "log_date": "2026-04-19",
    "time_in": "05:56:14",
    "time_out": "05:56:14"
  },
  {
    "zk_id": "90",
    "log_date": "2026-04-20",
    "time_in": "05:57:42",
    "time_out": "19:03:47"
  },
  {
    "zk_id": "90",
    "log_date": "2026-04-21",
    "time_in": "05:52:42",
    "time_out": "15:03:39"
  },
  {
    "zk_id": "90",
    "log_date": "2026-04-24",
    "time_in": "05:56:15",
    "time_out": "05:56:15"
  },
  {
    "zk_id": "91",
    "log_date": "2026-04-01",
    "time_in": "05:52:04",
    "time_out": "15:24:12"
  },
  {
    "zk_id": "91",
    "log_date": "2026-04-02",
    "time_in": "06:44:39",
    "time_out": "16:02:47"
  },
  {
    "zk_id": "91",
    "log_date": "2026-04-03",
    "time_in": "06:50:31",
    "time_out": "16:03:46"
  },
  {
    "zk_id": "91",
    "log_date": "2026-04-04",
    "time_in": "06:57:23",
    "time_out": "16:04:28"
  },
  {
    "zk_id": "91",
    "log_date": "2026-04-06",
    "time_in": "06:01:36",
    "time_out": "15:30:37"
  },
  {
    "zk_id": "91",
    "log_date": "2026-04-07",
    "time_in": "05:50:41",
    "time_out": "15:11:34"
  },
  {
    "zk_id": "91",
    "log_date": "2026-04-08",
    "time_in": "05:54:49",
    "time_out": "15:54:48"
  },
  {
    "zk_id": "91",
    "log_date": "2026-04-09",
    "time_in": "06:49:46",
    "time_out": "16:08:31"
  },
  {
    "zk_id": "91",
    "log_date": "2026-04-10",
    "time_in": "05:55:06",
    "time_out": "15:15:56"
  },
  {
    "zk_id": "91",
    "log_date": "2026-04-13",
    "time_in": "05:38:21",
    "time_out": "15:11:13"
  },
  {
    "zk_id": "91",
    "log_date": "2026-04-14",
    "time_in": "05:52:14",
    "time_out": "15:14:26"
  },
  {
    "zk_id": "91",
    "log_date": "2026-04-15",
    "time_in": "05:51:26",
    "time_out": "15:06:01"
  },
  {
    "zk_id": "91",
    "log_date": "2026-04-16",
    "time_in": "05:51:47",
    "time_out": "15:21:17"
  },
  {
    "zk_id": "91",
    "log_date": "2026-04-17",
    "time_in": "05:53:48",
    "time_out": "15:14:33"
  },
  {
    "zk_id": "91",
    "log_date": "2026-04-19",
    "time_in": "06:47:02",
    "time_out": "16:17:05"
  },
  {
    "zk_id": "91",
    "log_date": "2026-04-20",
    "time_in": "05:51:07",
    "time_out": "15:13:22"
  },
  {
    "zk_id": "91",
    "log_date": "2026-04-21",
    "time_in": "05:58:17",
    "time_out": "15:11:58"
  },
  {
    "zk_id": "91",
    "log_date": "2026-04-22",
    "time_in": "05:56:32",
    "time_out": "15:10:45"
  },
  {
    "zk_id": "91",
    "log_date": "2026-04-23",
    "time_in": "05:53:23",
    "time_out": "15:16:21"
  },
  {
    "zk_id": "91",
    "log_date": "2026-04-24",
    "time_in": "05:50:42",
    "time_out": "15:31:45"
  },
  {
    "zk_id": "91",
    "log_date": "2026-04-26",
    "time_in": "06:44:45",
    "time_out": "16:18:51"
  },
  {
    "zk_id": "91",
    "log_date": "2026-04-27",
    "time_in": "05:50:56",
    "time_out": "15:07:00"
  },
  {
    "zk_id": "92",
    "log_date": "2026-04-01",
    "time_in": "05:12:41",
    "time_out": "22:00:04"
  },
  {
    "zk_id": "92",
    "log_date": "2026-04-02",
    "time_in": "05:28:40",
    "time_out": "15:06:05"
  },
  {
    "zk_id": "92",
    "log_date": "2026-04-04",
    "time_in": "05:16:34",
    "time_out": "15:03:50"
  },
  {
    "zk_id": "92",
    "log_date": "2026-04-06",
    "time_in": "05:10:42",
    "time_out": "05:10:42"
  },
  {
    "zk_id": "92",
    "log_date": "2026-04-07",
    "time_in": "05:20:01",
    "time_out": "22:04:06"
  },
  {
    "zk_id": "92",
    "log_date": "2026-04-08",
    "time_in": "05:14:34",
    "time_out": "22:04:31"
  },
  {
    "zk_id": "92",
    "log_date": "2026-04-10",
    "time_in": "05:21:48",
    "time_out": "15:09:45"
  },
  {
    "zk_id": "92",
    "log_date": "2026-04-11",
    "time_in": "05:26:45",
    "time_out": "15:01:29"
  },
  {
    "zk_id": "92",
    "log_date": "2026-04-13",
    "time_in": "05:30:32",
    "time_out": "15:02:25"
  },
  {
    "zk_id": "92",
    "log_date": "2026-04-14",
    "time_in": "05:33:20",
    "time_out": "20:03:47"
  },
  {
    "zk_id": "92",
    "log_date": "2026-04-15",
    "time_in": "05:19:46",
    "time_out": "20:00:17"
  },
  {
    "zk_id": "92",
    "log_date": "2026-04-16",
    "time_in": "05:13:19",
    "time_out": "20:02:03"
  },
  {
    "zk_id": "92",
    "log_date": "2026-04-17",
    "time_in": "05:11:07",
    "time_out": "18:01:10"
  },
  {
    "zk_id": "92",
    "log_date": "2026-04-18",
    "time_in": "05:38:18",
    "time_out": "15:01:16"
  },
  {
    "zk_id": "92",
    "log_date": "2026-04-20",
    "time_in": "04:56:46",
    "time_out": "15:02:51"
  },
  {
    "zk_id": "92",
    "log_date": "2026-04-21",
    "time_in": "05:25:47",
    "time_out": "20:00:58"
  },
  {
    "zk_id": "92",
    "log_date": "2026-04-22",
    "time_in": "05:14:44",
    "time_out": "20:01:52"
  },
  {
    "zk_id": "92",
    "log_date": "2026-04-23",
    "time_in": "05:12:00",
    "time_out": "16:07:22"
  },
  {
    "zk_id": "92",
    "log_date": "2026-04-24",
    "time_in": "05:18:38",
    "time_out": "11:03:25"
  },
  {
    "zk_id": "92",
    "log_date": "2026-04-26",
    "time_in": "05:42:04",
    "time_out": "15:21:02"
  },
  {
    "zk_id": "92",
    "log_date": "2026-04-27",
    "time_in": "04:56:15",
    "time_out": "04:56:15"
  },
  {
    "zk_id": "94",
    "log_date": "2026-04-01",
    "time_in": "07:24:56",
    "time_out": "16:30:52"
  },
  {
    "zk_id": "94",
    "log_date": "2026-04-02",
    "time_in": "07:22:14",
    "time_out": "16:32:58"
  },
  {
    "zk_id": "94",
    "log_date": "2026-04-03",
    "time_in": "07:27:38",
    "time_out": "16:31:18"
  },
  {
    "zk_id": "94",
    "log_date": "2026-04-04",
    "time_in": "07:24:42",
    "time_out": "16:30:36"
  },
  {
    "zk_id": "94",
    "log_date": "2026-04-06",
    "time_in": "07:27:59",
    "time_out": "16:30:16"
  },
  {
    "zk_id": "94",
    "log_date": "2026-04-07",
    "time_in": "07:23:07",
    "time_out": "16:33:02"
  },
  {
    "zk_id": "94",
    "log_date": "2026-04-08",
    "time_in": "07:26:58",
    "time_out": "16:30:03"
  },
  {
    "zk_id": "94",
    "log_date": "2026-04-09",
    "time_in": "07:26:14",
    "time_out": "16:33:02"
  },
  {
    "zk_id": "94",
    "log_date": "2026-04-10",
    "time_in": "07:28:14",
    "time_out": "16:33:03"
  },
  {
    "zk_id": "94",
    "log_date": "2026-04-11",
    "time_in": "07:24:09",
    "time_out": "16:32:44"
  },
  {
    "zk_id": "94",
    "log_date": "2026-04-13",
    "time_in": "07:25:52",
    "time_out": "16:31:35"
  },
  {
    "zk_id": "94",
    "log_date": "2026-04-14",
    "time_in": "07:24:38",
    "time_out": "16:33:14"
  },
  {
    "zk_id": "94",
    "log_date": "2026-04-15",
    "time_in": "07:28:10",
    "time_out": "20:32:24"
  },
  {
    "zk_id": "94",
    "log_date": "2026-04-16",
    "time_in": "06:53:38",
    "time_out": "16:05:51"
  },
  {
    "zk_id": "94",
    "log_date": "2026-04-17",
    "time_in": "07:27:51",
    "time_out": "16:31:34"
  },
  {
    "zk_id": "94",
    "log_date": "2026-04-18",
    "time_in": "06:06:04",
    "time_out": "06:06:04"
  },
  {
    "zk_id": "94",
    "log_date": "2026-04-20",
    "time_in": "20:30:41",
    "time_out": "20:30:41"
  },
  {
    "zk_id": "94",
    "log_date": "2026-04-21",
    "time_in": "07:28:23",
    "time_out": "16:30:55"
  },
  {
    "zk_id": "94",
    "log_date": "2026-04-22",
    "time_in": "07:27:29",
    "time_out": "23:31:03"
  },
  {
    "zk_id": "94",
    "log_date": "2026-04-23",
    "time_in": "06:52:00",
    "time_out": "06:52:00"
  },
  {
    "zk_id": "94",
    "log_date": "2026-04-24",
    "time_in": "00:01:02",
    "time_out": "07:24:02"
  },
  {
    "zk_id": "94",
    "log_date": "2026-04-25",
    "time_in": "07:29:55",
    "time_out": "20:35:02"
  },
  {
    "zk_id": "94",
    "log_date": "2026-04-26",
    "time_in": "06:04:24",
    "time_out": "06:04:24"
  },
  {
    "zk_id": "94",
    "log_date": "2026-04-27",
    "time_in": "07:24:16",
    "time_out": "07:24:16"
  },
  {
    "zk_id": "95",
    "log_date": "2026-04-01",
    "time_in": "16:30:45",
    "time_out": "16:30:45"
  },
  {
    "zk_id": "95",
    "log_date": "2026-04-02",
    "time_in": "07:24:13",
    "time_out": "16:33:55"
  },
  {
    "zk_id": "95",
    "log_date": "2026-04-03",
    "time_in": "07:28:47",
    "time_out": "16:30:03"
  },
  {
    "zk_id": "95",
    "log_date": "2026-04-04",
    "time_in": "07:26:18",
    "time_out": "16:30:49"
  },
  {
    "zk_id": "95",
    "log_date": "2026-04-06",
    "time_in": "07:25:15",
    "time_out": "16:30:28"
  },
  {
    "zk_id": "95",
    "log_date": "2026-04-07",
    "time_in": "07:25:14",
    "time_out": "16:30:34"
  },
  {
    "zk_id": "95",
    "log_date": "2026-04-08",
    "time_in": "07:26:05",
    "time_out": "16:30:08"
  },
  {
    "zk_id": "95",
    "log_date": "2026-04-09",
    "time_in": "07:26:59",
    "time_out": "16:31:25"
  },
  {
    "zk_id": "95",
    "log_date": "2026-04-10",
    "time_in": "07:24:50",
    "time_out": "16:32:57"
  },
  {
    "zk_id": "95",
    "log_date": "2026-04-11",
    "time_in": "07:25:02",
    "time_out": "16:33:05"
  },
  {
    "zk_id": "95",
    "log_date": "2026-04-13",
    "time_in": "07:26:14",
    "time_out": "16:33:00"
  },
  {
    "zk_id": "95",
    "log_date": "2026-04-14",
    "time_in": "07:25:12",
    "time_out": "16:31:54"
  },
  {
    "zk_id": "95",
    "log_date": "2026-04-15",
    "time_in": "07:26:54",
    "time_out": "20:31:32"
  },
  {
    "zk_id": "95",
    "log_date": "2026-04-16",
    "time_in": "06:53:41",
    "time_out": "16:04:47"
  },
  {
    "zk_id": "95",
    "log_date": "2026-04-17",
    "time_in": "07:24:12",
    "time_out": "16:30:02"
  },
  {
    "zk_id": "95",
    "log_date": "2026-04-18",
    "time_in": "06:06:08",
    "time_out": "06:06:08"
  },
  {
    "zk_id": "95",
    "log_date": "2026-04-21",
    "time_in": "07:28:43",
    "time_out": "16:30:04"
  },
  {
    "zk_id": "95",
    "log_date": "2026-04-22",
    "time_in": "07:28:04",
    "time_out": "23:31:19"
  },
  {
    "zk_id": "95",
    "log_date": "2026-04-23",
    "time_in": "06:50:23",
    "time_out": "06:50:23"
  },
  {
    "zk_id": "95",
    "log_date": "2026-04-24",
    "time_in": "07:25:26",
    "time_out": "16:32:57"
  },
  {
    "zk_id": "95",
    "log_date": "2026-04-25",
    "time_in": "07:22:49",
    "time_out": "20:30:04"
  },
  {
    "zk_id": "95",
    "log_date": "2026-04-26",
    "time_in": "20:31:05",
    "time_out": "20:31:05"
  },
  {
    "zk_id": "95",
    "log_date": "2026-04-27",
    "time_in": "07:24:30",
    "time_out": "07:24:30"
  },
  {
    "zk_id": "97",
    "log_date": "2026-04-01",
    "time_in": "06:29:00",
    "time_out": "16:30:32"
  },
  {
    "zk_id": "97",
    "log_date": "2026-04-02",
    "time_in": "06:33:10",
    "time_out": "16:30:39"
  },
  {
    "zk_id": "97",
    "log_date": "2026-04-03",
    "time_in": "06:23:50",
    "time_out": "16:31:13"
  },
  {
    "zk_id": "97",
    "log_date": "2026-04-04",
    "time_in": "06:26:55",
    "time_out": "16:31:01"
  },
  {
    "zk_id": "97",
    "log_date": "2026-04-06",
    "time_in": "06:29:49",
    "time_out": "16:35:35"
  },
  {
    "zk_id": "97",
    "log_date": "2026-04-07",
    "time_in": "06:25:22",
    "time_out": "16:33:14"
  },
  {
    "zk_id": "97",
    "log_date": "2026-04-08",
    "time_in": "06:21:27",
    "time_out": "16:30:40"
  },
  {
    "zk_id": "97",
    "log_date": "2026-04-10",
    "time_in": "06:30:43",
    "time_out": "06:30:43"
  },
  {
    "zk_id": "97",
    "log_date": "2026-04-11",
    "time_in": "06:32:27",
    "time_out": "06:33:43"
  },
  {
    "zk_id": "97",
    "log_date": "2026-04-12",
    "time_in": "06:33:27",
    "time_out": "16:30:05"
  },
  {
    "zk_id": "97",
    "log_date": "2026-04-13",
    "time_in": "06:29:47",
    "time_out": "06:29:47"
  },
  {
    "zk_id": "97",
    "log_date": "2026-04-14",
    "time_in": "06:30:22",
    "time_out": "16:31:14"
  },
  {
    "zk_id": "97",
    "log_date": "2026-04-15",
    "time_in": "06:24:35",
    "time_out": "16:33:17"
  },
  {
    "zk_id": "97",
    "log_date": "2026-04-16",
    "time_in": "06:17:31",
    "time_out": "16:33:07"
  },
  {
    "zk_id": "97",
    "log_date": "2026-04-17",
    "time_in": "06:25:28",
    "time_out": "06:25:28"
  },
  {
    "zk_id": "97",
    "log_date": "2026-04-18",
    "time_in": "06:35:36",
    "time_out": "06:37:17"
  },
  {
    "zk_id": "97",
    "log_date": "2026-04-19",
    "time_in": "06:27:07",
    "time_out": "06:27:07"
  },
  {
    "zk_id": "97",
    "log_date": "2026-04-20",
    "time_in": "06:30:11",
    "time_out": "20:30:06"
  },
  {
    "zk_id": "97",
    "log_date": "2026-04-22",
    "time_in": "06:31:44",
    "time_out": "06:31:44"
  },
  {
    "zk_id": "97",
    "log_date": "2026-04-23",
    "time_in": "07:31:28",
    "time_out": "16:31:12"
  },
  {
    "zk_id": "97",
    "log_date": "2026-04-24",
    "time_in": "06:32:16",
    "time_out": "19:17:59"
  },
  {
    "zk_id": "97",
    "log_date": "2026-04-25",
    "time_in": "08:02:19",
    "time_out": "19:22:16"
  },
  {
    "zk_id": "97",
    "log_date": "2026-04-26",
    "time_in": "08:07:53",
    "time_out": "08:07:53"
  },
  {
    "zk_id": "97",
    "log_date": "2026-04-27",
    "time_in": "06:16:00",
    "time_out": "06:16:00"
  },
  {
    "zk_id": "98",
    "log_date": "2026-04-08",
    "time_in": "07:15:41",
    "time_out": "16:30:10"
  },
  {
    "zk_id": "98",
    "log_date": "2026-04-09",
    "time_in": "06:51:51",
    "time_out": "16:00:30"
  },
  {
    "zk_id": "98",
    "log_date": "2026-04-10",
    "time_in": "07:15:43",
    "time_out": "16:30:18"
  },
  {
    "zk_id": "98",
    "log_date": "2026-04-12",
    "time_in": "07:24:18",
    "time_out": "16:30:17"
  },
  {
    "zk_id": "98",
    "log_date": "2026-04-13",
    "time_in": "07:03:53",
    "time_out": "16:30:03"
  },
  {
    "zk_id": "98",
    "log_date": "2026-04-14",
    "time_in": "07:06:55",
    "time_out": "16:30:02"
  },
  {
    "zk_id": "98",
    "log_date": "2026-04-15",
    "time_in": "07:10:01",
    "time_out": "16:30:12"
  },
  {
    "zk_id": "98",
    "log_date": "2026-04-16",
    "time_in": "06:53:21",
    "time_out": "16:00:04"
  },
  {
    "zk_id": "98",
    "log_date": "2026-04-17",
    "time_in": "07:00:25",
    "time_out": "16:30:25"
  },
  {
    "zk_id": "98",
    "log_date": "2026-04-20",
    "time_in": "07:13:18",
    "time_out": "16:31:35"
  },
  {
    "zk_id": "98",
    "log_date": "2026-04-22",
    "time_in": "07:17:13",
    "time_out": "16:30:05"
  },
  {
    "zk_id": "98",
    "log_date": "2026-04-23",
    "time_in": "06:49:30",
    "time_out": "16:00:23"
  },
  {
    "zk_id": "98",
    "log_date": "2026-04-24",
    "time_in": "07:13:35",
    "time_out": "16:31:04"
  },
  {
    "zk_id": "98",
    "log_date": "2026-04-25",
    "time_in": "07:19:13",
    "time_out": "16:30:04"
  },
  {
    "zk_id": "98",
    "log_date": "2026-04-27",
    "time_in": "07:17:11",
    "time_out": "07:17:11"
  }
]

=== IMPORT RESULTS ===
Status: processing
Total processed: 1863
Inserted: 0
Skipped: 0
Failed: 0

=== ERRORS ===
No errors

=== END OF LOG ===