=== IMPORT ATTENDANCE LOG ===
Timestamp: 2025-12-18T08:08:59.150Z
File: ZJW2241900038_attlog.dat
Size: 136571 bytes
MIME Type: application/octet-stream

=== ALL FILE CONTENT ===
Total records found: 1903
[
  {
    "zk_id": "0023",
    "log_date": "2025-11-01",
    "time_in": "07:23:00",
    "time_out": "17:16:54"
  },
  {
    "zk_id": "0023",
    "log_date": "2025-11-02",
    "time_in": "07:24:54",
    "time_out": "17:16:59"
  },
  {
    "zk_id": "0023",
    "log_date": "2025-11-03",
    "time_in": "07:42:59",
    "time_out": "17:16:48"
  },
  {
    "zk_id": "0023",
    "log_date": "2025-11-04",
    "time_in": "07:39:56",
    "time_out": "17:20:33"
  },
  {
    "zk_id": "0023",
    "log_date": "2025-11-05",
    "time_in": "07:18:00",
    "time_out": "20:14:54"
  },
  {
    "zk_id": "0023",
    "log_date": "2025-11-06",
    "time_in": "07:30:56",
    "time_out": "17:09:25"
  },
  {
    "zk_id": "0023",
    "log_date": "2025-11-07",
    "time_in": "07:44:16",
    "time_out": "17:01:22"
  },
  {
    "zk_id": "0023",
    "log_date": "2025-11-08",
    "time_in": "07:45:28",
    "time_out": "17:00:44"
  },
  {
    "zk_id": "0023",
    "log_date": "2025-11-09",
    "time_in": "08:15:41",
    "time_out": "08:15:41"
  },
  {
    "zk_id": "0023",
    "log_date": "2025-11-10",
    "time_in": "07:26:04",
    "time_out": "17:16:45"
  },
  {
    "zk_id": "0023",
    "log_date": "2025-11-11",
    "time_in": "07:38:07",
    "time_out": "17:18:01"
  },
  {
    "zk_id": "0023",
    "log_date": "2025-11-12",
    "time_in": "07:25:22",
    "time_out": "17:16:39"
  },
  {
    "zk_id": "0023",
    "log_date": "2025-11-13",
    "time_in": "07:41:01",
    "time_out": "17:16:54"
  },
  {
    "zk_id": "0023",
    "log_date": "2025-11-14",
    "time_in": "07:23:44",
    "time_out": "17:17:29"
  },
  {
    "zk_id": "0023",
    "log_date": "2025-11-15",
    "time_in": "07:39:11",
    "time_out": "19:13:05"
  },
  {
    "zk_id": "0023",
    "log_date": "2025-11-18",
    "time_in": "07:39:48",
    "time_out": "17:11:01"
  },
  {
    "zk_id": "0023",
    "log_date": "2025-11-20",
    "time_in": "07:30:50",
    "time_out": "17:09:21"
  },
  {
    "zk_id": "0023",
    "log_date": "2025-11-21",
    "time_in": "07:31:14",
    "time_out": "17:17:39"
  },
  {
    "zk_id": "0023",
    "log_date": "2025-11-22",
    "time_in": "07:32:24",
    "time_out": "20:15:11"
  },
  {
    "zk_id": "0023",
    "log_date": "2025-11-23",
    "time_in": "19:41:17",
    "time_out": "19:41:17"
  },
  {
    "zk_id": "0023",
    "log_date": "2025-11-24",
    "time_in": "07:23:17",
    "time_out": "19:28:44"
  },
  {
    "zk_id": "0023",
    "log_date": "2025-11-25",
    "time_in": "07:56:50",
    "time_out": "17:17:18"
  },
  {
    "zk_id": "0023",
    "log_date": "2025-11-26",
    "time_in": "07:51:32",
    "time_out": "17:11:53"
  },
  {
    "zk_id": "0023",
    "log_date": "2025-11-27",
    "time_in": "07:43:32",
    "time_out": "17:19:14"
  },
  {
    "zk_id": "0023",
    "log_date": "2025-11-28",
    "time_in": "07:39:35",
    "time_out": "17:19:17"
  },
  {
    "zk_id": "0023",
    "log_date": "2025-11-29",
    "time_in": "07:33:16",
    "time_out": "17:13:35"
  },
  {
    "zk_id": "0023",
    "log_date": "2025-11-30",
    "time_in": "07:28:13",
    "time_out": "17:10:14"
  },
  {
    "zk_id": "1",
    "log_date": "2025-11-01",
    "time_in": "07:39:46",
    "time_out": "17:15:11"
  },
  {
    "zk_id": "1",
    "log_date": "2025-11-03",
    "time_in": "07:33:08",
    "time_out": "17:16:26"
  },
  {
    "zk_id": "1",
    "log_date": "2025-11-06",
    "time_in": "07:42:16",
    "time_out": "17:17:08"
  },
  {
    "zk_id": "1",
    "log_date": "2025-11-07",
    "time_in": "07:42:39",
    "time_out": "07:42:39"
  },
  {
    "zk_id": "1",
    "log_date": "2025-11-08",
    "time_in": "07:56:15",
    "time_out": "17:16:28"
  },
  {
    "zk_id": "1",
    "log_date": "2025-11-10",
    "time_in": "07:36:18",
    "time_out": "17:18:12"
  },
  {
    "zk_id": "1",
    "log_date": "2025-11-11",
    "time_in": "17:17:51",
    "time_out": "17:17:51"
  },
  {
    "zk_id": "1",
    "log_date": "2025-11-12",
    "time_in": "07:44:28",
    "time_out": "17:15:20"
  },
  {
    "zk_id": "1",
    "log_date": "2025-11-13",
    "time_in": "07:45:28",
    "time_out": "17:17:01"
  },
  {
    "zk_id": "1",
    "log_date": "2025-11-14",
    "time_in": "17:17:39",
    "time_out": "17:17:39"
  },
  {
    "zk_id": "1",
    "log_date": "2025-11-15",
    "time_in": "07:35:59",
    "time_out": "07:35:59"
  },
  {
    "zk_id": "1",
    "log_date": "2025-11-17",
    "time_in": "07:40:14",
    "time_out": "17:16:44"
  },
  {
    "zk_id": "1",
    "log_date": "2025-11-18",
    "time_in": "07:50:41",
    "time_out": "17:18:38"
  },
  {
    "zk_id": "1",
    "log_date": "2025-11-20",
    "time_in": "08:01:48",
    "time_out": "17:16:39"
  },
  {
    "zk_id": "1",
    "log_date": "2025-11-21",
    "time_in": "07:30:49",
    "time_out": "17:19:13"
  },
  {
    "zk_id": "1",
    "log_date": "2025-11-22",
    "time_in": "07:32:11",
    "time_out": "17:22:48"
  },
  {
    "zk_id": "1",
    "log_date": "2025-11-24",
    "time_in": "07:40:42",
    "time_out": "07:40:42"
  },
  {
    "zk_id": "1",
    "log_date": "2025-11-25",
    "time_in": "08:28:09",
    "time_out": "08:28:09"
  },
  {
    "zk_id": "1",
    "log_date": "2025-11-26",
    "time_in": "20:16:43",
    "time_out": "20:16:43"
  },
  {
    "zk_id": "1",
    "log_date": "2025-11-27",
    "time_in": "07:50:30",
    "time_out": "20:16:52"
  },
  {
    "zk_id": "1",
    "log_date": "2025-11-28",
    "time_in": "07:40:49",
    "time_out": "07:40:49"
  },
  {
    "zk_id": "1",
    "log_date": "2025-11-29",
    "time_in": "07:46:03",
    "time_out": "17:13:32"
  },
  {
    "zk_id": "10",
    "log_date": "2025-11-02",
    "time_in": "07:58:59",
    "time_out": "20:16:17"
  },
  {
    "zk_id": "10",
    "log_date": "2025-11-03",
    "time_in": "18:37:27",
    "time_out": "18:37:27"
  },
  {
    "zk_id": "10",
    "log_date": "2025-11-04",
    "time_in": "08:22:04",
    "time_out": "19:10:30"
  },
  {
    "zk_id": "10",
    "log_date": "2025-11-05",
    "time_in": "08:17:10",
    "time_out": "08:17:10"
  },
  {
    "zk_id": "10",
    "log_date": "2025-11-09",
    "time_in": "07:23:31",
    "time_out": "20:11:18"
  },
  {
    "zk_id": "10",
    "log_date": "2025-11-10",
    "time_in": "07:28:53",
    "time_out": "20:17:08"
  },
  {
    "zk_id": "10",
    "log_date": "2025-11-11",
    "time_in": "19:26:24",
    "time_out": "19:26:24"
  },
  {
    "zk_id": "10",
    "log_date": "2025-11-12",
    "time_in": "08:16:13",
    "time_out": "19:09:38"
  },
  {
    "zk_id": "10",
    "log_date": "2025-11-13",
    "time_in": "08:18:09",
    "time_out": "08:18:09"
  },
  {
    "zk_id": "10",
    "log_date": "2025-11-17",
    "time_in": "07:26:53",
    "time_out": "20:05:56"
  },
  {
    "zk_id": "10",
    "log_date": "2025-11-18",
    "time_in": "07:26:43",
    "time_out": "20:00:25"
  },
  {
    "zk_id": "10",
    "log_date": "2025-11-19",
    "time_in": "18:46:57",
    "time_out": "18:46:57"
  },
  {
    "zk_id": "10",
    "log_date": "2025-11-20",
    "time_in": "08:20:04",
    "time_out": "19:17:15"
  },
  {
    "zk_id": "10",
    "log_date": "2025-11-21",
    "time_in": "17:12:49",
    "time_out": "17:12:49"
  },
  {
    "zk_id": "10",
    "log_date": "2025-11-23",
    "time_in": "07:37:13",
    "time_out": "17:04:02"
  },
  {
    "zk_id": "10",
    "log_date": "2025-11-24",
    "time_in": "07:27:13",
    "time_out": "17:16:34"
  },
  {
    "zk_id": "10",
    "log_date": "2025-11-25",
    "time_in": "07:49:47",
    "time_out": "20:08:51"
  },
  {
    "zk_id": "10",
    "log_date": "2025-11-26",
    "time_in": "07:32:30",
    "time_out": "20:05:00"
  },
  {
    "zk_id": "10",
    "log_date": "2025-11-28",
    "time_in": "08:17:19",
    "time_out": "19:26:09"
  },
  {
    "zk_id": "10",
    "log_date": "2025-11-29",
    "time_in": "08:09:48",
    "time_out": "08:09:48"
  },
  {
    "zk_id": "100",
    "log_date": "2025-11-01",
    "time_in": "06:30:18",
    "time_out": "06:30:18"
  },
  {
    "zk_id": "100",
    "log_date": "2025-11-02",
    "time_in": "18:00:28",
    "time_out": "19:03:11"
  },
  {
    "zk_id": "100",
    "log_date": "2025-11-03",
    "time_in": "16:33:19",
    "time_out": "19:33:29"
  },
  {
    "zk_id": "100",
    "log_date": "2025-11-04",
    "time_in": "06:00:39",
    "time_out": "06:06:23"
  },
  {
    "zk_id": "100",
    "log_date": "2025-11-05",
    "time_in": "06:02:14",
    "time_out": "16:32:11"
  },
  {
    "zk_id": "100",
    "log_date": "2025-11-06",
    "time_in": "06:59:10",
    "time_out": "16:05:12"
  },
  {
    "zk_id": "100",
    "log_date": "2025-11-07",
    "time_in": "07:28:41",
    "time_out": "22:30:12"
  },
  {
    "zk_id": "100",
    "log_date": "2025-11-08",
    "time_in": "07:28:22",
    "time_out": "16:31:12"
  },
  {
    "zk_id": "100",
    "log_date": "2025-11-10",
    "time_in": "07:25:18",
    "time_out": "20:32:14"
  },
  {
    "zk_id": "100",
    "log_date": "2025-11-11",
    "time_in": "07:23:42",
    "time_out": "16:31:09"
  },
  {
    "zk_id": "100",
    "log_date": "2025-11-12",
    "time_in": "07:25:46",
    "time_out": "07:25:46"
  },
  {
    "zk_id": "100",
    "log_date": "2025-11-13",
    "time_in": "06:57:34",
    "time_out": "20:02:20"
  },
  {
    "zk_id": "100",
    "log_date": "2025-11-14",
    "time_in": "07:26:00",
    "time_out": "20:33:35"
  },
  {
    "zk_id": "100",
    "log_date": "2025-11-15",
    "time_in": "07:25:18",
    "time_out": "16:35:31"
  },
  {
    "zk_id": "100",
    "log_date": "2025-11-17",
    "time_in": "07:23:20",
    "time_out": "20:30:27"
  },
  {
    "zk_id": "100",
    "log_date": "2025-11-18",
    "time_in": "07:13:45",
    "time_out": "16:34:12"
  },
  {
    "zk_id": "100",
    "log_date": "2025-11-19",
    "time_in": "07:18:09",
    "time_out": "07:18:09"
  },
  {
    "zk_id": "100",
    "log_date": "2025-11-20",
    "time_in": "06:49:29",
    "time_out": "06:56:40"
  },
  {
    "zk_id": "100",
    "log_date": "2025-11-21",
    "time_in": "06:46:52",
    "time_out": "23:30:11"
  },
  {
    "zk_id": "100",
    "log_date": "2025-11-22",
    "time_in": "07:21:26",
    "time_out": "07:21:26"
  },
  {
    "zk_id": "100",
    "log_date": "2025-11-23",
    "time_in": "06:02:36",
    "time_out": "07:21:21"
  },
  {
    "zk_id": "100",
    "log_date": "2025-11-24",
    "time_in": "06:01:52",
    "time_out": "16:32:42"
  },
  {
    "zk_id": "100",
    "log_date": "2025-11-25",
    "time_in": "07:17:42",
    "time_out": "20:31:33"
  },
  {
    "zk_id": "100",
    "log_date": "2025-11-26",
    "time_in": "07:30:10",
    "time_out": "20:30:58"
  },
  {
    "zk_id": "100",
    "log_date": "2025-11-27",
    "time_in": "06:59:56",
    "time_out": "23:01:21"
  },
  {
    "zk_id": "100",
    "log_date": "2025-11-28",
    "time_in": "07:26:54",
    "time_out": "07:26:54"
  },
  {
    "zk_id": "100",
    "log_date": "2025-11-29",
    "time_in": "07:34:10",
    "time_out": "20:33:18"
  },
  {
    "zk_id": "100",
    "log_date": "2025-11-30",
    "time_in": "07:22:43",
    "time_out": "22:30:29"
  },
  {
    "zk_id": "106",
    "log_date": "2025-11-01",
    "time_in": "08:18:04",
    "time_out": "08:18:04"
  },
  {
    "zk_id": "106",
    "log_date": "2025-11-05",
    "time_in": "08:12:50",
    "time_out": "19:07:50"
  },
  {
    "zk_id": "106",
    "log_date": "2025-11-06",
    "time_in": "07:50:29",
    "time_out": "20:03:32"
  },
  {
    "zk_id": "106",
    "log_date": "2025-11-07",
    "time_in": "19:37:11",
    "time_out": "19:37:11"
  },
  {
    "zk_id": "106",
    "log_date": "2025-11-08",
    "time_in": "08:18:32",
    "time_out": "19:33:25"
  },
  {
    "zk_id": "106",
    "log_date": "2025-11-09",
    "time_in": "08:01:21",
    "time_out": "08:01:21"
  },
  {
    "zk_id": "106",
    "log_date": "2025-11-13",
    "time_in": "08:04:56",
    "time_out": "20:18:19"
  },
  {
    "zk_id": "106",
    "log_date": "2025-11-14",
    "time_in": "07:39:18",
    "time_out": "20:19:10"
  },
  {
    "zk_id": "106",
    "log_date": "2025-11-15",
    "time_in": "19:50:58",
    "time_out": "19:50:58"
  },
  {
    "zk_id": "106",
    "log_date": "2025-11-16",
    "time_in": "08:34:01",
    "time_out": "19:29:20"
  },
  {
    "zk_id": "106",
    "log_date": "2025-11-17",
    "time_in": "08:10:17",
    "time_out": "08:10:17"
  },
  {
    "zk_id": "106",
    "log_date": "2025-11-20",
    "time_in": "08:01:43",
    "time_out": "17:18:01"
  },
  {
    "zk_id": "106",
    "log_date": "2025-11-21",
    "time_in": "07:34:46",
    "time_out": "19:19:01"
  },
  {
    "zk_id": "106",
    "log_date": "2025-11-23",
    "time_in": "19:51:39",
    "time_out": "19:51:39"
  },
  {
    "zk_id": "106",
    "log_date": "2025-11-24",
    "time_in": "08:17:03",
    "time_out": "19:48:33"
  },
  {
    "zk_id": "106",
    "log_date": "2025-11-25",
    "time_in": "08:05:58",
    "time_out": "08:05:58"
  },
  {
    "zk_id": "106",
    "log_date": "2025-11-28",
    "time_in": "07:42:23",
    "time_out": "17:19:20"
  },
  {
    "zk_id": "106",
    "log_date": "2025-11-29",
    "time_in": "07:42:37",
    "time_out": "19:01:02"
  },
  {
    "zk_id": "106",
    "log_date": "2025-11-30",
    "time_in": "07:40:40",
    "time_out": "20:11:22"
  },
  {
    "zk_id": "11",
    "log_date": "2025-11-01",
    "time_in": "19:42:40",
    "time_out": "19:42:40"
  },
  {
    "zk_id": "11",
    "log_date": "2025-11-02",
    "time_in": "08:17:44",
    "time_out": "19:43:16"
  },
  {
    "zk_id": "11",
    "log_date": "2025-11-03",
    "time_in": "08:16:56",
    "time_out": "08:16:56"
  },
  {
    "zk_id": "11",
    "log_date": "2025-11-06",
    "time_in": "07:43:40",
    "time_out": "17:16:30"
  },
  {
    "zk_id": "11",
    "log_date": "2025-11-07",
    "time_in": "07:52:25",
    "time_out": "20:15:47"
  },
  {
    "zk_id": "11",
    "log_date": "2025-11-08",
    "time_in": "07:49:31",
    "time_out": "20:11:24"
  },
  {
    "zk_id": "11",
    "log_date": "2025-11-09",
    "time_in": "19:32:48",
    "time_out": "19:32:48"
  },
  {
    "zk_id": "11",
    "log_date": "2025-11-10",
    "time_in": "08:16:40",
    "time_out": "19:49:39"
  },
  {
    "zk_id": "11",
    "log_date": "2025-11-11",
    "time_in": "08:29:36",
    "time_out": "08:29:36"
  },
  {
    "zk_id": "11",
    "log_date": "2025-11-13",
    "time_in": "07:45:38",
    "time_out": "17:16:18"
  },
  {
    "zk_id": "11",
    "log_date": "2025-11-14",
    "time_in": "07:50:22",
    "time_out": "17:15:49"
  },
  {
    "zk_id": "11",
    "log_date": "2025-11-15",
    "time_in": "07:52:46",
    "time_out": "20:15:39"
  },
  {
    "zk_id": "11",
    "log_date": "2025-11-16",
    "time_in": "07:52:17",
    "time_out": "20:15:54"
  },
  {
    "zk_id": "11",
    "log_date": "2025-11-17",
    "time_in": "19:27:47",
    "time_out": "19:27:47"
  },
  {
    "zk_id": "11",
    "log_date": "2025-11-18",
    "time_in": "08:17:17",
    "time_out": "19:38:00"
  },
  {
    "zk_id": "11",
    "log_date": "2025-11-19",
    "time_in": "08:21:31",
    "time_out": "08:21:31"
  },
  {
    "zk_id": "11",
    "log_date": "2025-11-22",
    "time_in": "07:53:32",
    "time_out": "17:17:23"
  },
  {
    "zk_id": "11",
    "log_date": "2025-11-23",
    "time_in": "07:55:58",
    "time_out": "20:19:26"
  },
  {
    "zk_id": "11",
    "log_date": "2025-11-24",
    "time_in": "07:49:24",
    "time_out": "20:17:09"
  },
  {
    "zk_id": "11",
    "log_date": "2025-11-25",
    "time_in": "19:34:53",
    "time_out": "19:34:53"
  },
  {
    "zk_id": "11",
    "log_date": "2025-11-26",
    "time_in": "08:16:37",
    "time_out": "19:29:00"
  },
  {
    "zk_id": "11",
    "log_date": "2025-11-27",
    "time_in": "08:16:14",
    "time_out": "08:16:14"
  },
  {
    "zk_id": "12",
    "log_date": "2025-11-01",
    "time_in": "19:13:08",
    "time_out": "19:13:08"
  },
  {
    "zk_id": "12",
    "log_date": "2025-11-02",
    "time_in": "08:16:37",
    "time_out": "19:05:54"
  },
  {
    "zk_id": "12",
    "log_date": "2025-11-03",
    "time_in": "08:10:05",
    "time_out": "08:10:05"
  },
  {
    "zk_id": "12",
    "log_date": "2025-11-06",
    "time_in": "07:20:59",
    "time_out": "17:09:32"
  },
  {
    "zk_id": "12",
    "log_date": "2025-11-07",
    "time_in": "07:17:44",
    "time_out": "20:16:16"
  },
  {
    "zk_id": "12",
    "log_date": "2025-11-08",
    "time_in": "07:11:42",
    "time_out": "20:06:49"
  },
  {
    "zk_id": "12",
    "log_date": "2025-11-09",
    "time_in": "18:56:08",
    "time_out": "18:56:08"
  },
  {
    "zk_id": "12",
    "log_date": "2025-11-10",
    "time_in": "08:15:58",
    "time_out": "18:52:45"
  },
  {
    "zk_id": "12",
    "log_date": "2025-11-11",
    "time_in": "08:27:38",
    "time_out": "08:27:38"
  },
  {
    "zk_id": "12",
    "log_date": "2025-11-13",
    "time_in": "07:24:16",
    "time_out": "17:16:14"
  },
  {
    "zk_id": "12",
    "log_date": "2025-11-14",
    "time_in": "07:27:33",
    "time_out": "17:16:22"
  },
  {
    "zk_id": "12",
    "log_date": "2025-11-15",
    "time_in": "07:04:06",
    "time_out": "20:15:32"
  },
  {
    "zk_id": "12",
    "log_date": "2025-11-16",
    "time_in": "07:02:21",
    "time_out": "20:02:38"
  },
  {
    "zk_id": "12",
    "log_date": "2025-11-17",
    "time_in": "19:11:05",
    "time_out": "19:11:05"
  },
  {
    "zk_id": "12",
    "log_date": "2025-11-18",
    "time_in": "08:11:13",
    "time_out": "19:04:17"
  },
  {
    "zk_id": "12",
    "log_date": "2025-11-19",
    "time_in": "08:20:52",
    "time_out": "08:20:52"
  },
  {
    "zk_id": "12",
    "log_date": "2025-11-22",
    "time_in": "07:13:01",
    "time_out": "17:12:18"
  },
  {
    "zk_id": "12",
    "log_date": "2025-11-23",
    "time_in": "07:02:48",
    "time_out": "20:00:10"
  },
  {
    "zk_id": "12",
    "log_date": "2025-11-24",
    "time_in": "07:16:25",
    "time_out": "20:07:11"
  },
  {
    "zk_id": "12",
    "log_date": "2025-11-25",
    "time_in": "18:43:43",
    "time_out": "18:43:43"
  },
  {
    "zk_id": "12",
    "log_date": "2025-11-26",
    "time_in": "08:12:03",
    "time_out": "19:15:40"
  },
  {
    "zk_id": "12",
    "log_date": "2025-11-27",
    "time_in": "08:16:23",
    "time_out": "08:16:23"
  },
  {
    "zk_id": "14",
    "log_date": "2025-11-01",
    "time_in": "07:32:15",
    "time_out": "17:17:01"
  },
  {
    "zk_id": "14",
    "log_date": "2025-11-03",
    "time_in": "07:37:04",
    "time_out": "17:19:58"
  },
  {
    "zk_id": "14",
    "log_date": "2025-11-04",
    "time_in": "07:41:15",
    "time_out": "07:41:15"
  },
  {
    "zk_id": "14",
    "log_date": "2025-11-05",
    "time_in": "07:32:29",
    "time_out": "17:20:12"
  },
  {
    "zk_id": "14",
    "log_date": "2025-11-06",
    "time_in": "07:43:37",
    "time_out": "17:19:03"
  },
  {
    "zk_id": "14",
    "log_date": "2025-11-07",
    "time_in": "07:31:43",
    "time_out": "17:18:18"
  },
  {
    "zk_id": "14",
    "log_date": "2025-11-08",
    "time_in": "07:41:48",
    "time_out": "17:17:43"
  },
  {
    "zk_id": "14",
    "log_date": "2025-11-10",
    "time_in": "07:34:52",
    "time_out": "17:19:20"
  },
  {
    "zk_id": "14",
    "log_date": "2025-11-11",
    "time_in": "07:21:21",
    "time_out": "17:17:03"
  },
  {
    "zk_id": "14",
    "log_date": "2025-11-12",
    "time_in": "07:33:20",
    "time_out": "17:17:33"
  },
  {
    "zk_id": "14",
    "log_date": "2025-11-13",
    "time_in": "07:34:35",
    "time_out": "17:20:11"
  },
  {
    "zk_id": "14",
    "log_date": "2025-11-14",
    "time_in": "07:34:09",
    "time_out": "17:17:05"
  },
  {
    "zk_id": "14",
    "log_date": "2025-11-17",
    "time_in": "07:34:42",
    "time_out": "12:19:45"
  },
  {
    "zk_id": "14",
    "log_date": "2025-11-18",
    "time_in": "07:47:26",
    "time_out": "17:20:26"
  },
  {
    "zk_id": "14",
    "log_date": "2025-11-19",
    "time_in": "07:42:26",
    "time_out": "17:19:59"
  },
  {
    "zk_id": "14",
    "log_date": "2025-11-20",
    "time_in": "07:44:39",
    "time_out": "17:19:31"
  },
  {
    "zk_id": "14",
    "log_date": "2025-11-21",
    "time_in": "07:36:07",
    "time_out": "17:18:04"
  },
  {
    "zk_id": "14",
    "log_date": "2025-11-22",
    "time_in": "07:39:20",
    "time_out": "17:26:53"
  },
  {
    "zk_id": "14",
    "log_date": "2025-11-24",
    "time_in": "07:17:39",
    "time_out": "17:29:58"
  },
  {
    "zk_id": "14",
    "log_date": "2025-11-25",
    "time_in": "07:38:48",
    "time_out": "17:21:53"
  },
  {
    "zk_id": "14",
    "log_date": "2025-11-26",
    "time_in": "07:52:42",
    "time_out": "20:16:56"
  },
  {
    "zk_id": "14",
    "log_date": "2025-11-27",
    "time_in": "07:37:14",
    "time_out": "20:18:56"
  },
  {
    "zk_id": "14",
    "log_date": "2025-11-28",
    "time_in": "07:29:29",
    "time_out": "17:18:35"
  },
  {
    "zk_id": "14",
    "log_date": "2025-11-29",
    "time_in": "07:40:02",
    "time_out": "17:13:24"
  },
  {
    "zk_id": "14",
    "log_date": "2025-11-30",
    "time_in": "07:35:45",
    "time_out": "17:10:11"
  },
  {
    "zk_id": "15",
    "log_date": "2025-11-03",
    "time_in": "07:44:07",
    "time_out": "20:17:02"
  },
  {
    "zk_id": "15",
    "log_date": "2025-11-05",
    "time_in": "19:33:21",
    "time_out": "19:33:21"
  },
  {
    "zk_id": "15",
    "log_date": "2025-11-06",
    "time_in": "08:20:33",
    "time_out": "19:50:22"
  },
  {
    "zk_id": "15",
    "log_date": "2025-11-07",
    "time_in": "08:29:13",
    "time_out": "08:29:13"
  },
  {
    "zk_id": "15",
    "log_date": "2025-11-10",
    "time_in": "07:45:40",
    "time_out": "17:16:41"
  },
  {
    "zk_id": "15",
    "log_date": "2025-11-11",
    "time_in": "07:42:13",
    "time_out": "20:17:18"
  },
  {
    "zk_id": "15",
    "log_date": "2025-11-12",
    "time_in": "07:27:08",
    "time_out": "20:16:38"
  },
  {
    "zk_id": "15",
    "log_date": "2025-11-13",
    "time_in": "19:13:55",
    "time_out": "19:13:55"
  },
  {
    "zk_id": "15",
    "log_date": "2025-11-14",
    "time_in": "08:16:23",
    "time_out": "19:30:17"
  },
  {
    "zk_id": "15",
    "log_date": "2025-11-15",
    "time_in": "08:17:15",
    "time_out": "08:17:15"
  },
  {
    "zk_id": "15",
    "log_date": "2025-11-19",
    "time_in": "08:01:03",
    "time_out": "20:15:33"
  },
  {
    "zk_id": "15",
    "log_date": "2025-11-20",
    "time_in": "07:42:54",
    "time_out": "20:20:10"
  },
  {
    "zk_id": "15",
    "log_date": "2025-11-21",
    "time_in": "19:42:00",
    "time_out": "19:42:00"
  },
  {
    "zk_id": "15",
    "log_date": "2025-11-22",
    "time_in": "08:14:34",
    "time_out": "08:14:34"
  },
  {
    "zk_id": "15",
    "log_date": "2025-11-27",
    "time_in": "07:31:19",
    "time_out": "20:16:50"
  },
  {
    "zk_id": "15",
    "log_date": "2025-11-28",
    "time_in": "07:40:51",
    "time_out": "20:18:58"
  },
  {
    "zk_id": "15",
    "log_date": "2025-11-29",
    "time_in": "19:29:53",
    "time_out": "19:29:53"
  },
  {
    "zk_id": "15",
    "log_date": "2025-11-30",
    "time_in": "08:13:39",
    "time_out": "19:34:03"
  },
  {
    "zk_id": "16",
    "log_date": "2025-11-01",
    "time_in": "06:38:58",
    "time_out": "06:38:58"
  },
  {
    "zk_id": "16",
    "log_date": "2025-11-05",
    "time_in": "08:03:14",
    "time_out": "20:16:17"
  },
  {
    "zk_id": "16",
    "log_date": "2025-11-06",
    "time_in": "07:52:14",
    "time_out": "20:15:14"
  },
  {
    "zk_id": "16",
    "log_date": "2025-11-07",
    "time_in": "19:51:33",
    "time_out": "19:51:33"
  },
  {
    "zk_id": "16",
    "log_date": "2025-11-08",
    "time_in": "08:16:22",
    "time_out": "19:44:07"
  },
  {
    "zk_id": "16",
    "log_date": "2025-11-09",
    "time_in": "08:26:37",
    "time_out": "08:26:37"
  },
  {
    "zk_id": "16",
    "log_date": "2025-11-13",
    "time_in": "07:56:52",
    "time_out": "20:16:43"
  },
  {
    "zk_id": "16",
    "log_date": "2025-11-14",
    "time_in": "07:54:41",
    "time_out": "20:17:19"
  },
  {
    "zk_id": "16",
    "log_date": "2025-11-15",
    "time_in": "19:52:26",
    "time_out": "19:52:26"
  },
  {
    "zk_id": "16",
    "log_date": "2025-11-16",
    "time_in": "08:29:11",
    "time_out": "19:54:31"
  },
  {
    "zk_id": "16",
    "log_date": "2025-11-17",
    "time_in": "08:10:10",
    "time_out": "08:10:10"
  },
  {
    "zk_id": "16",
    "log_date": "2025-11-20",
    "time_in": "08:03:45",
    "time_out": "17:16:53"
  },
  {
    "zk_id": "16",
    "log_date": "2025-11-21",
    "time_in": "08:05:12",
    "time_out": "20:17:12"
  },
  {
    "zk_id": "16",
    "log_date": "2025-11-22",
    "time_in": "07:50:31",
    "time_out": "20:17:14"
  },
  {
    "zk_id": "16",
    "log_date": "2025-11-23",
    "time_in": "20:00:34",
    "time_out": "20:00:34"
  },
  {
    "zk_id": "16",
    "log_date": "2025-11-24",
    "time_in": "08:17:08",
    "time_out": "08:17:08"
  },
  {
    "zk_id": "16",
    "log_date": "2025-11-28",
    "time_in": "07:47:01",
    "time_out": "17:16:50"
  },
  {
    "zk_id": "16",
    "log_date": "2025-11-29",
    "time_in": "07:55:45",
    "time_out": "20:16:41"
  },
  {
    "zk_id": "16",
    "log_date": "2025-11-30",
    "time_in": "07:55:34",
    "time_out": "20:16:26"
  },
  {
    "zk_id": "17",
    "log_date": "2025-11-01",
    "time_in": "08:27:20",
    "time_out": "08:27:20"
  },
  {
    "zk_id": "17",
    "log_date": "2025-11-05",
    "time_in": "07:33:59",
    "time_out": "20:16:12"
  },
  {
    "zk_id": "17",
    "log_date": "2025-11-06",
    "time_in": "07:30:43",
    "time_out": "20:15:20"
  },
  {
    "zk_id": "17",
    "log_date": "2025-11-07",
    "time_in": "19:18:39",
    "time_out": "19:18:39"
  },
  {
    "zk_id": "17",
    "log_date": "2025-11-08",
    "time_in": "08:16:18",
    "time_out": "19:15:52"
  },
  {
    "zk_id": "17",
    "log_date": "2025-11-09",
    "time_in": "08:26:42",
    "time_out": "08:26:42"
  },
  {
    "zk_id": "17",
    "log_date": "2025-11-12",
    "time_in": "07:28:45",
    "time_out": "17:16:26"
  },
  {
    "zk_id": "17",
    "log_date": "2025-11-13",
    "time_in": "07:18:35",
    "time_out": "20:16:46"
  },
  {
    "zk_id": "17",
    "log_date": "2025-11-14",
    "time_in": "07:14:50",
    "time_out": "20:16:38"
  },
  {
    "zk_id": "17",
    "log_date": "2025-11-15",
    "time_in": "19:18:15",
    "time_out": "19:18:15"
  },
  {
    "zk_id": "17",
    "log_date": "2025-11-16",
    "time_in": "08:29:09",
    "time_out": "08:29:09"
  },
  {
    "zk_id": "17",
    "log_date": "2025-11-20",
    "time_in": "07:27:11",
    "time_out": "17:16:57"
  },
  {
    "zk_id": "17",
    "log_date": "2025-11-21",
    "time_in": "07:25:11",
    "time_out": "20:17:24"
  },
  {
    "zk_id": "17",
    "log_date": "2025-11-22",
    "time_in": "07:27:11",
    "time_out": "20:17:06"
  },
  {
    "zk_id": "17",
    "log_date": "2025-11-24",
    "time_in": "19:03:13",
    "time_out": "19:03:13"
  },
  {
    "zk_id": "17",
    "log_date": "2025-11-25",
    "time_in": "08:16:12",
    "time_out": "08:16:12"
  },
  {
    "zk_id": "17",
    "log_date": "2025-11-28",
    "time_in": "07:28:53",
    "time_out": "17:16:53"
  },
  {
    "zk_id": "17",
    "log_date": "2025-11-29",
    "time_in": "07:18:08",
    "time_out": "20:16:38"
  },
  {
    "zk_id": "17",
    "log_date": "2025-11-30",
    "time_in": "07:23:25",
    "time_out": "20:16:24"
  },
  {
    "zk_id": "19",
    "log_date": "2025-11-03",
    "time_in": "07:20:19",
    "time_out": "20:17:45"
  },
  {
    "zk_id": "19",
    "log_date": "2025-11-05",
    "time_in": "19:34:28",
    "time_out": "19:34:28"
  },
  {
    "zk_id": "19",
    "log_date": "2025-11-06",
    "time_in": "08:21:09",
    "time_out": "20:30:43"
  },
  {
    "zk_id": "19",
    "log_date": "2025-11-07",
    "time_in": "08:29:59",
    "time_out": "08:29:59"
  },
  {
    "zk_id": "19",
    "log_date": "2025-11-10",
    "time_in": "07:30:30",
    "time_out": "17:17:38"
  },
  {
    "zk_id": "19",
    "log_date": "2025-11-11",
    "time_in": "07:44:12",
    "time_out": "20:17:34"
  },
  {
    "zk_id": "19",
    "log_date": "2025-11-12",
    "time_in": "07:40:18",
    "time_out": "20:18:57"
  },
  {
    "zk_id": "19",
    "log_date": "2025-11-13",
    "time_in": "19:06:13",
    "time_out": "19:06:13"
  },
  {
    "zk_id": "19",
    "log_date": "2025-11-14",
    "time_in": "08:19:50",
    "time_out": "19:08:48"
  },
  {
    "zk_id": "19",
    "log_date": "2025-11-15",
    "time_in": "08:27:10",
    "time_out": "08:27:10"
  },
  {
    "zk_id": "19",
    "log_date": "2025-11-19",
    "time_in": "07:31:45",
    "time_out": "20:12:48"
  },
  {
    "zk_id": "19",
    "log_date": "2025-11-20",
    "time_in": "07:36:05",
    "time_out": "20:14:21"
  },
  {
    "zk_id": "19",
    "log_date": "2025-11-21",
    "time_in": "19:43:39",
    "time_out": "19:43:39"
  },
  {
    "zk_id": "19",
    "log_date": "2025-11-22",
    "time_in": "08:18:32",
    "time_out": "19:43:36"
  },
  {
    "zk_id": "19",
    "log_date": "2025-11-23",
    "time_in": "08:19:44",
    "time_out": "08:19:44"
  },
  {
    "zk_id": "19",
    "log_date": "2025-11-27",
    "time_in": "07:31:28",
    "time_out": "20:19:14"
  },
  {
    "zk_id": "19",
    "log_date": "2025-11-28",
    "time_in": "07:28:21",
    "time_out": "20:20:02"
  },
  {
    "zk_id": "19",
    "log_date": "2025-11-29",
    "time_in": "19:18:32",
    "time_out": "19:18:32"
  },
  {
    "zk_id": "19",
    "log_date": "2025-11-30",
    "time_in": "08:28:23",
    "time_out": "19:20:49"
  },
  {
    "zk_id": "2",
    "log_date": "2025-11-01",
    "time_in": "20:01:16",
    "time_out": "20:01:16"
  },
  {
    "zk_id": "2",
    "log_date": "2025-11-02",
    "time_in": "08:25:52",
    "time_out": "19:48:57"
  },
  {
    "zk_id": "2",
    "log_date": "2025-11-03",
    "time_in": "08:17:12",
    "time_out": "08:17:12"
  },
  {
    "zk_id": "2",
    "log_date": "2025-11-07",
    "time_in": "07:52:58",
    "time_out": "20:15:51"
  },
  {
    "zk_id": "2",
    "log_date": "2025-11-08",
    "time_in": "08:10:57",
    "time_out": "08:10:57"
  },
  {
    "zk_id": "2",
    "log_date": "2025-11-09",
    "time_in": "20:27:48",
    "time_out": "20:27:48"
  },
  {
    "zk_id": "2",
    "log_date": "2025-11-10",
    "time_in": "08:22:16",
    "time_out": "19:53:22"
  },
  {
    "zk_id": "2",
    "log_date": "2025-11-11",
    "time_in": "08:29:24",
    "time_out": "08:29:24"
  },
  {
    "zk_id": "2",
    "log_date": "2025-11-13",
    "time_in": "07:55:50",
    "time_out": "17:17:03"
  },
  {
    "zk_id": "2",
    "log_date": "2025-11-14",
    "time_in": "08:10:55",
    "time_out": "17:15:13"
  },
  {
    "zk_id": "2",
    "log_date": "2025-11-15",
    "time_in": "08:01:49",
    "time_out": "08:01:49"
  },
  {
    "zk_id": "2",
    "log_date": "2025-11-16",
    "time_in": "07:56:21",
    "time_out": "19:02:41"
  },
  {
    "zk_id": "2",
    "log_date": "2025-11-17",
    "time_in": "19:56:03",
    "time_out": "19:56:03"
  },
  {
    "zk_id": "2",
    "log_date": "2025-11-18",
    "time_in": "08:17:27",
    "time_out": "21:30:08"
  },
  {
    "zk_id": "2",
    "log_date": "2025-11-19",
    "time_in": "08:23:38",
    "time_out": "08:23:38"
  },
  {
    "zk_id": "2",
    "log_date": "2025-11-23",
    "time_in": "08:09:26",
    "time_out": "20:16:31"
  },
  {
    "zk_id": "2",
    "log_date": "2025-11-24",
    "time_in": "07:49:12",
    "time_out": "20:18:59"
  },
  {
    "zk_id": "2",
    "log_date": "2025-11-25",
    "time_in": "19:49:05",
    "time_out": "19:49:05"
  },
  {
    "zk_id": "2",
    "log_date": "2025-11-26",
    "time_in": "08:12:20",
    "time_out": "19:38:38"
  },
  {
    "zk_id": "2",
    "log_date": "2025-11-27",
    "time_in": "08:17:35",
    "time_out": "08:17:35"
  },
  {
    "zk_id": "21",
    "log_date": "2025-11-01",
    "time_in": "08:27:16",
    "time_out": "08:27:16"
  },
  {
    "zk_id": "21",
    "log_date": "2025-11-05",
    "time_in": "07:45:13",
    "time_out": "20:17:47"
  },
  {
    "zk_id": "21",
    "log_date": "2025-11-06",
    "time_in": "07:52:07",
    "time_out": "20:00:28"
  },
  {
    "zk_id": "21",
    "log_date": "2025-11-07",
    "time_in": "19:54:40",
    "time_out": "19:54:40"
  },
  {
    "zk_id": "21",
    "log_date": "2025-11-08",
    "time_in": "08:02:12",
    "time_out": "19:30:51"
  },
  {
    "zk_id": "21",
    "log_date": "2025-11-09",
    "time_in": "08:00:59",
    "time_out": "08:00:59"
  },
  {
    "zk_id": "21",
    "log_date": "2025-11-12",
    "time_in": "07:43:35",
    "time_out": "07:43:35"
  },
  {
    "zk_id": "21",
    "log_date": "2025-11-13",
    "time_in": "07:34:17",
    "time_out": "20:17:52"
  },
  {
    "zk_id": "21",
    "log_date": "2025-11-14",
    "time_in": "07:42:25",
    "time_out": "20:01:12"
  },
  {
    "zk_id": "21",
    "log_date": "2025-11-15",
    "time_in": "19:29:32",
    "time_out": "19:29:32"
  },
  {
    "zk_id": "21",
    "log_date": "2025-11-20",
    "time_in": "07:32:51",
    "time_out": "17:09:15"
  },
  {
    "zk_id": "21",
    "log_date": "2025-11-21",
    "time_in": "20:17:27",
    "time_out": "20:17:27"
  },
  {
    "zk_id": "21",
    "log_date": "2025-11-22",
    "time_in": "07:45:19",
    "time_out": "20:18:43"
  },
  {
    "zk_id": "21",
    "log_date": "2025-11-23",
    "time_in": "19:41:39",
    "time_out": "19:41:39"
  },
  {
    "zk_id": "21",
    "log_date": "2025-11-24",
    "time_in": "08:16:46",
    "time_out": "19:34:36"
  },
  {
    "zk_id": "21",
    "log_date": "2025-11-25",
    "time_in": "08:04:00",
    "time_out": "08:04:00"
  },
  {
    "zk_id": "21",
    "log_date": "2025-11-28",
    "time_in": "07:35:54",
    "time_out": "17:17:46"
  },
  {
    "zk_id": "21",
    "log_date": "2025-11-29",
    "time_in": "07:40:20",
    "time_out": "20:17:55"
  },
  {
    "zk_id": "21",
    "log_date": "2025-11-30",
    "time_in": "07:27:41",
    "time_out": "20:01:36"
  },
  {
    "zk_id": "22",
    "log_date": "2025-11-01",
    "time_in": "08:26:28",
    "time_out": "08:26:28"
  },
  {
    "zk_id": "22",
    "log_date": "2025-11-05",
    "time_in": "07:31:32",
    "time_out": "20:17:35"
  },
  {
    "zk_id": "22",
    "log_date": "2025-11-06",
    "time_in": "07:19:40",
    "time_out": "20:00:37"
  },
  {
    "zk_id": "22",
    "log_date": "2025-11-07",
    "time_in": "19:18:50",
    "time_out": "19:18:50"
  },
  {
    "zk_id": "22",
    "log_date": "2025-11-08",
    "time_in": "08:18:53",
    "time_out": "19:30:45"
  },
  {
    "zk_id": "22",
    "log_date": "2025-11-09",
    "time_in": "08:01:05",
    "time_out": "08:01:05"
  },
  {
    "zk_id": "22",
    "log_date": "2025-11-12",
    "time_in": "07:33:50",
    "time_out": "12:11:56"
  },
  {
    "zk_id": "22",
    "log_date": "2025-11-13",
    "time_in": "07:18:37",
    "time_out": "20:18:15"
  },
  {
    "zk_id": "22",
    "log_date": "2025-11-14",
    "time_in": "07:18:18",
    "time_out": "20:19:00"
  },
  {
    "zk_id": "22",
    "log_date": "2025-11-15",
    "time_in": "19:12:57",
    "time_out": "19:12:57"
  },
  {
    "zk_id": "22",
    "log_date": "2025-11-16",
    "time_in": "08:11:55",
    "time_out": "18:58:40"
  },
  {
    "zk_id": "22",
    "log_date": "2025-11-17",
    "time_in": "08:10:02",
    "time_out": "08:10:02"
  },
  {
    "zk_id": "22",
    "log_date": "2025-11-20",
    "time_in": "07:32:45",
    "time_out": "17:16:42"
  },
  {
    "zk_id": "22",
    "log_date": "2025-11-21",
    "time_in": "07:31:18",
    "time_out": "20:19:15"
  },
  {
    "zk_id": "22",
    "log_date": "2025-11-22",
    "time_in": "07:32:28",
    "time_out": "20:18:49"
  },
  {
    "zk_id": "22",
    "log_date": "2025-11-23",
    "time_in": "07:39:56",
    "time_out": "07:39:56"
  },
  {
    "zk_id": "22",
    "log_date": "2025-11-24",
    "time_in": "08:19:55",
    "time_out": "19:39:11"
  },
  {
    "zk_id": "22",
    "log_date": "2025-11-25",
    "time_in": "08:04:22",
    "time_out": "08:04:22"
  },
  {
    "zk_id": "22",
    "log_date": "2025-11-28",
    "time_in": "11:59:22",
    "time_out": "17:17:48"
  },
  {
    "zk_id": "22",
    "log_date": "2025-11-29",
    "time_in": "07:28:51",
    "time_out": "20:18:53"
  },
  {
    "zk_id": "22",
    "log_date": "2025-11-30",
    "time_in": "07:22:27",
    "time_out": "20:11:12"
  },
  {
    "zk_id": "24",
    "log_date": "2025-11-01",
    "time_in": "07:14:17",
    "time_out": "20:13:27"
  },
  {
    "zk_id": "24",
    "log_date": "2025-11-02",
    "time_in": "07:17:11",
    "time_out": "20:15:14"
  },
  {
    "zk_id": "24",
    "log_date": "2025-11-03",
    "time_in": "18:33:58",
    "time_out": "18:33:58"
  },
  {
    "zk_id": "24",
    "log_date": "2025-11-04",
    "time_in": "08:21:56",
    "time_out": "18:14:43"
  },
  {
    "zk_id": "24",
    "log_date": "2025-11-05",
    "time_in": "08:17:15",
    "time_out": "08:17:15"
  },
  {
    "zk_id": "24",
    "log_date": "2025-11-09",
    "time_in": "07:40:32",
    "time_out": "20:13:29"
  },
  {
    "zk_id": "24",
    "log_date": "2025-11-10",
    "time_in": "07:34:36",
    "time_out": "20:16:09"
  },
  {
    "zk_id": "24",
    "log_date": "2025-11-11",
    "time_in": "18:35:24",
    "time_out": "18:35:24"
  },
  {
    "zk_id": "24",
    "log_date": "2025-11-12",
    "time_in": "08:16:45",
    "time_out": "18:06:37"
  },
  {
    "zk_id": "24",
    "log_date": "2025-11-13",
    "time_in": "08:17:55",
    "time_out": "08:17:55"
  },
  {
    "zk_id": "24",
    "log_date": "2025-11-17",
    "time_in": "07:39:30",
    "time_out": "20:16:01"
  },
  {
    "zk_id": "24",
    "log_date": "2025-11-18",
    "time_in": "07:46:03",
    "time_out": "20:17:08"
  },
  {
    "zk_id": "24",
    "log_date": "2025-11-19",
    "time_in": "18:09:41",
    "time_out": "18:09:41"
  },
  {
    "zk_id": "24",
    "log_date": "2025-11-20",
    "time_in": "08:18:44",
    "time_out": "18:22:17"
  },
  {
    "zk_id": "24",
    "log_date": "2025-11-21",
    "time_in": "08:16:17",
    "time_out": "08:16:17"
  },
  {
    "zk_id": "24",
    "log_date": "2025-11-22",
    "time_in": "07:17:38",
    "time_out": "17:15:33"
  },
  {
    "zk_id": "24",
    "log_date": "2025-11-24",
    "time_in": "07:27:08",
    "time_out": "17:16:03"
  },
  {
    "zk_id": "24",
    "log_date": "2025-11-25",
    "time_in": "07:36:04",
    "time_out": "20:13:56"
  },
  {
    "zk_id": "24",
    "log_date": "2025-11-26",
    "time_in": "07:41:08",
    "time_out": "20:06:57"
  },
  {
    "zk_id": "24",
    "log_date": "2025-11-27",
    "time_in": "18:08:16",
    "time_out": "18:08:16"
  },
  {
    "zk_id": "24",
    "log_date": "2025-11-28",
    "time_in": "08:17:05",
    "time_out": "18:09:34"
  },
  {
    "zk_id": "24",
    "log_date": "2025-11-29",
    "time_in": "08:09:44",
    "time_out": "08:09:44"
  },
  {
    "zk_id": "25",
    "log_date": "2025-11-01",
    "time_in": "07:18:10",
    "time_out": "17:16:50"
  },
  {
    "zk_id": "25",
    "log_date": "2025-11-03",
    "time_in": "07:32:57",
    "time_out": "17:16:39"
  },
  {
    "zk_id": "25",
    "log_date": "2025-11-04",
    "time_in": "07:25:59",
    "time_out": "07:25:59"
  },
  {
    "zk_id": "25",
    "log_date": "2025-11-05",
    "time_in": "07:38:50",
    "time_out": "17:03:52"
  },
  {
    "zk_id": "25",
    "log_date": "2025-11-06",
    "time_in": "07:44:36",
    "time_out": "17:19:20"
  },
  {
    "zk_id": "25",
    "log_date": "2025-11-07",
    "time_in": "07:29:42",
    "time_out": "17:01:35"
  },
  {
    "zk_id": "25",
    "log_date": "2025-11-08",
    "time_in": "07:14:17",
    "time_out": "17:00:55"
  },
  {
    "zk_id": "25",
    "log_date": "2025-11-10",
    "time_in": "07:24:15",
    "time_out": "17:16:49"
  },
  {
    "zk_id": "25",
    "log_date": "2025-11-11",
    "time_in": "06:52:50",
    "time_out": "17:17:56"
  },
  {
    "zk_id": "25",
    "log_date": "2025-11-13",
    "time_in": "07:22:16",
    "time_out": "17:16:27"
  },
  {
    "zk_id": "25",
    "log_date": "2025-11-14",
    "time_in": "07:20:26",
    "time_out": "17:20:48"
  },
  {
    "zk_id": "25",
    "log_date": "2025-11-15",
    "time_in": "07:46:35",
    "time_out": "15:32:57"
  },
  {
    "zk_id": "25",
    "log_date": "2025-11-17",
    "time_in": "07:46:19",
    "time_out": "17:16:51"
  },
  {
    "zk_id": "25",
    "log_date": "2025-11-18",
    "time_in": "07:04:13",
    "time_out": "17:10:52"
  },
  {
    "zk_id": "25",
    "log_date": "2025-11-20",
    "time_in": "06:57:46",
    "time_out": "17:09:28"
  },
  {
    "zk_id": "25",
    "log_date": "2025-11-21",
    "time_in": "07:05:55",
    "time_out": "17:17:43"
  },
  {
    "zk_id": "25",
    "log_date": "2025-11-22",
    "time_in": "07:07:03",
    "time_out": "17:17:49"
  },
  {
    "zk_id": "25",
    "log_date": "2025-11-24",
    "time_in": "07:00:47",
    "time_out": "17:17:11"
  },
  {
    "zk_id": "25",
    "log_date": "2025-11-25",
    "time_in": "17:17:23",
    "time_out": "17:17:23"
  },
  {
    "zk_id": "25",
    "log_date": "2025-11-26",
    "time_in": "07:09:07",
    "time_out": "17:11:50"
  },
  {
    "zk_id": "25",
    "log_date": "2025-11-27",
    "time_in": "06:53:21",
    "time_out": "17:19:22"
  },
  {
    "zk_id": "25",
    "log_date": "2025-11-28",
    "time_in": "07:06:48",
    "time_out": "17:19:24"
  },
  {
    "zk_id": "25",
    "log_date": "2025-11-29",
    "time_in": "07:06:25",
    "time_out": "17:13:30"
  },
  {
    "zk_id": "26",
    "log_date": "2025-11-01",
    "time_in": "07:45:34",
    "time_out": "20:14:17"
  },
  {
    "zk_id": "26",
    "log_date": "2025-11-02",
    "time_in": "07:49:28",
    "time_out": "20:12:07"
  },
  {
    "zk_id": "26",
    "log_date": "2025-11-03",
    "time_in": "18:51:01",
    "time_out": "18:51:01"
  },
  {
    "zk_id": "26",
    "log_date": "2025-11-04",
    "time_in": "08:21:26",
    "time_out": "19:06:25"
  },
  {
    "zk_id": "26",
    "log_date": "2025-11-05",
    "time_in": "08:16:46",
    "time_out": "08:16:46"
  },
  {
    "zk_id": "26",
    "log_date": "2025-11-06",
    "time_in": "07:53:41",
    "time_out": "20:00:02"
  },
  {
    "zk_id": "26",
    "log_date": "2025-11-07",
    "time_in": "07:44:28",
    "time_out": "20:04:21"
  },
  {
    "zk_id": "26",
    "log_date": "2025-11-10",
    "time_in": "07:35:05",
    "time_out": "20:17:16"
  },
  {
    "zk_id": "26",
    "log_date": "2025-11-11",
    "time_in": "19:26:37",
    "time_out": "19:26:37"
  },
  {
    "zk_id": "26",
    "log_date": "2025-11-12",
    "time_in": "08:16:19",
    "time_out": "19:16:50"
  },
  {
    "zk_id": "26",
    "log_date": "2025-11-13",
    "time_in": "08:14:23",
    "time_out": "08:14:23"
  },
  {
    "zk_id": "26",
    "log_date": "2025-11-17",
    "time_in": "07:26:56",
    "time_out": "20:15:49"
  },
  {
    "zk_id": "26",
    "log_date": "2025-11-18",
    "time_in": "07:31:43",
    "time_out": "20:17:32"
  },
  {
    "zk_id": "26",
    "log_date": "2025-11-19",
    "time_in": "19:24:38",
    "time_out": "19:24:38"
  },
  {
    "zk_id": "26",
    "log_date": "2025-11-20",
    "time_in": "08:20:00",
    "time_out": "19:38:25"
  },
  {
    "zk_id": "26",
    "log_date": "2025-11-21",
    "time_in": "17:01:10",
    "time_out": "17:01:10"
  },
  {
    "zk_id": "26",
    "log_date": "2025-11-25",
    "time_in": "07:27:38",
    "time_out": "07:27:38"
  },
  {
    "zk_id": "26",
    "log_date": "2025-11-26",
    "time_in": "07:46:54",
    "time_out": "20:04:57"
  },
  {
    "zk_id": "26",
    "log_date": "2025-11-27",
    "time_in": "19:28:45",
    "time_out": "19:28:45"
  },
  {
    "zk_id": "26",
    "log_date": "2025-11-28",
    "time_in": "08:17:40",
    "time_out": "19:25:55"
  },
  {
    "zk_id": "26",
    "log_date": "2025-11-29",
    "time_in": "08:16:31",
    "time_out": "08:16:31"
  },
  {
    "zk_id": "27",
    "log_date": "2025-11-01",
    "time_in": "06:59:11",
    "time_out": "16:07:36"
  },
  {
    "zk_id": "27",
    "log_date": "2025-11-03",
    "time_in": "06:48:53",
    "time_out": "16:04:52"
  },
  {
    "zk_id": "27",
    "log_date": "2025-11-05",
    "time_in": "06:56:15",
    "time_out": "16:04:14"
  },
  {
    "zk_id": "27",
    "log_date": "2025-11-06",
    "time_in": "06:33:59",
    "time_out": "16:03:20"
  },
  {
    "zk_id": "27",
    "log_date": "2025-11-07",
    "time_in": "05:57:18",
    "time_out": "15:03:23"
  },
  {
    "zk_id": "27",
    "log_date": "2025-11-08",
    "time_in": "06:57:07",
    "time_out": "16:03:27"
  },
  {
    "zk_id": "27",
    "log_date": "2025-11-10",
    "time_in": "06:51:19",
    "time_out": "16:10:39"
  },
  {
    "zk_id": "27",
    "log_date": "2025-11-11",
    "time_in": "07:00:09",
    "time_out": "16:04:02"
  },
  {
    "zk_id": "27",
    "log_date": "2025-11-12",
    "time_in": "06:48:36",
    "time_out": "16:02:59"
  },
  {
    "zk_id": "27",
    "log_date": "2025-11-14",
    "time_in": "06:55:11",
    "time_out": "16:02:19"
  },
  {
    "zk_id": "27",
    "log_date": "2025-11-15",
    "time_in": "06:58:14",
    "time_out": "16:03:35"
  },
  {
    "zk_id": "27",
    "log_date": "2025-11-17",
    "time_in": "06:50:49",
    "time_out": "16:05:48"
  },
  {
    "zk_id": "27",
    "log_date": "2025-11-18",
    "time_in": "06:55:53",
    "time_out": "16:03:37"
  },
  {
    "zk_id": "27",
    "log_date": "2025-11-19",
    "time_in": "07:03:46",
    "time_out": "16:08:45"
  },
  {
    "zk_id": "27",
    "log_date": "2025-11-20",
    "time_in": "07:00:19",
    "time_out": "16:05:04"
  },
  {
    "zk_id": "27",
    "log_date": "2025-11-21",
    "time_in": "06:52:54",
    "time_out": "21:02:32"
  },
  {
    "zk_id": "27",
    "log_date": "2025-11-22",
    "time_in": "06:59:30",
    "time_out": "22:03:26"
  },
  {
    "zk_id": "27",
    "log_date": "2025-11-24",
    "time_in": "06:51:15",
    "time_out": "22:00:25"
  },
  {
    "zk_id": "27",
    "log_date": "2025-11-25",
    "time_in": "22:02:55",
    "time_out": "22:02:55"
  },
  {
    "zk_id": "27",
    "log_date": "2025-11-26",
    "time_in": "07:01:42",
    "time_out": "22:00:42"
  },
  {
    "zk_id": "27",
    "log_date": "2025-11-27",
    "time_in": "06:57:13",
    "time_out": "22:03:55"
  },
  {
    "zk_id": "27",
    "log_date": "2025-11-28",
    "time_in": "06:53:28",
    "time_out": "16:06:28"
  },
  {
    "zk_id": "27",
    "log_date": "2025-11-29",
    "time_in": "07:03:04",
    "time_out": "18:00:27"
  },
  {
    "zk_id": "28",
    "log_date": "2025-11-01",
    "time_in": "08:26:31",
    "time_out": "08:26:31"
  },
  {
    "zk_id": "28",
    "log_date": "2025-11-07",
    "time_in": "19:37:24",
    "time_out": "19:37:24"
  },
  {
    "zk_id": "28",
    "log_date": "2025-11-08",
    "time_in": "08:18:57",
    "time_out": "19:48:04"
  },
  {
    "zk_id": "28",
    "log_date": "2025-11-09",
    "time_in": "08:17:46",
    "time_out": "08:17:46"
  },
  {
    "zk_id": "28",
    "log_date": "2025-11-12",
    "time_in": "07:53:48",
    "time_out": "17:16:31"
  },
  {
    "zk_id": "28",
    "log_date": "2025-11-13",
    "time_in": "07:56:24",
    "time_out": "20:18:00"
  },
  {
    "zk_id": "28",
    "log_date": "2025-11-14",
    "time_in": "07:19:56",
    "time_out": "20:19:05"
  },
  {
    "zk_id": "28",
    "log_date": "2025-11-15",
    "time_in": "19:33:38",
    "time_out": "19:33:38"
  },
  {
    "zk_id": "28",
    "log_date": "2025-11-16",
    "time_in": "08:17:59",
    "time_out": "19:28:40"
  },
  {
    "zk_id": "28",
    "log_date": "2025-11-17",
    "time_in": "08:09:58",
    "time_out": "08:09:58"
  },
  {
    "zk_id": "28",
    "log_date": "2025-11-20",
    "time_in": "08:13:24",
    "time_out": "17:16:49"
  },
  {
    "zk_id": "28",
    "log_date": "2025-11-21",
    "time_in": "07:52:14",
    "time_out": "19:19:05"
  },
  {
    "zk_id": "28",
    "log_date": "2025-11-23",
    "time_in": "19:28:10",
    "time_out": "19:28:10"
  },
  {
    "zk_id": "28",
    "log_date": "2025-11-24",
    "time_in": "08:17:00",
    "time_out": "19:34:31"
  },
  {
    "zk_id": "28",
    "log_date": "2025-11-25",
    "time_in": "08:04:14",
    "time_out": "08:04:14"
  },
  {
    "zk_id": "28",
    "log_date": "2025-11-29",
    "time_in": "07:28:54",
    "time_out": "20:18:48"
  },
  {
    "zk_id": "28",
    "log_date": "2025-11-30",
    "time_in": "07:43:34",
    "time_out": "20:11:07"
  },
  {
    "zk_id": "29",
    "log_date": "2025-11-01",
    "time_in": "19:35:40",
    "time_out": "19:35:40"
  },
  {
    "zk_id": "29",
    "log_date": "2025-11-02",
    "time_in": "08:16:34",
    "time_out": "19:39:27"
  },
  {
    "zk_id": "29",
    "log_date": "2025-11-03",
    "time_in": "08:15:54",
    "time_out": "08:15:54"
  },
  {
    "zk_id": "29",
    "log_date": "2025-11-06",
    "time_in": "07:42:24",
    "time_out": "17:16:59"
  },
  {
    "zk_id": "29",
    "log_date": "2025-11-07",
    "time_in": "07:45:13",
    "time_out": "20:19:36"
  },
  {
    "zk_id": "29",
    "log_date": "2025-11-08",
    "time_in": "07:51:21",
    "time_out": "20:06:46"
  },
  {
    "zk_id": "29",
    "log_date": "2025-11-09",
    "time_in": "19:54:05",
    "time_out": "19:54:05"
  },
  {
    "zk_id": "29",
    "log_date": "2025-11-10",
    "time_in": "08:17:07",
    "time_out": "19:55:06"
  },
  {
    "zk_id": "29",
    "log_date": "2025-11-11",
    "time_in": "08:27:34",
    "time_out": "08:27:34"
  },
  {
    "zk_id": "29",
    "log_date": "2025-11-14",
    "time_in": "07:38:19",
    "time_out": "17:17:17"
  },
  {
    "zk_id": "29",
    "log_date": "2025-11-15",
    "time_in": "07:24:59",
    "time_out": "20:09:32"
  },
  {
    "zk_id": "29",
    "log_date": "2025-11-16",
    "time_in": "07:17:06",
    "time_out": "20:18:58"
  },
  {
    "zk_id": "29",
    "log_date": "2025-11-17",
    "time_in": "19:31:04",
    "time_out": "19:31:04"
  },
  {
    "zk_id": "29",
    "log_date": "2025-11-18",
    "time_in": "08:17:57",
    "time_out": "20:03:16"
  },
  {
    "zk_id": "29",
    "log_date": "2025-11-19",
    "time_in": "08:21:03",
    "time_out": "08:21:03"
  },
  {
    "zk_id": "29",
    "log_date": "2025-11-22",
    "time_in": "07:52:37",
    "time_out": "17:12:24"
  },
  {
    "zk_id": "29",
    "log_date": "2025-11-23",
    "time_in": "07:51:03",
    "time_out": "20:00:18"
  },
  {
    "zk_id": "29",
    "log_date": "2025-11-24",
    "time_in": "07:42:33",
    "time_out": "20:16:28"
  },
  {
    "zk_id": "29",
    "log_date": "2025-11-25",
    "time_in": "19:33:25",
    "time_out": "19:33:25"
  },
  {
    "zk_id": "29",
    "log_date": "2025-11-26",
    "time_in": "08:16:15",
    "time_out": "19:42:24"
  },
  {
    "zk_id": "29",
    "log_date": "2025-11-27",
    "time_in": "08:16:40",
    "time_out": "08:16:40"
  },
  {
    "zk_id": "3",
    "log_date": "2025-11-01",
    "time_in": "06:39:02",
    "time_out": "06:39:02"
  },
  {
    "zk_id": "3",
    "log_date": "2025-11-05",
    "time_in": "07:34:05",
    "time_out": "20:18:07"
  },
  {
    "zk_id": "3",
    "log_date": "2025-11-06",
    "time_in": "07:30:49",
    "time_out": "07:30:49"
  },
  {
    "zk_id": "3",
    "log_date": "2025-11-07",
    "time_in": "19:39:45",
    "time_out": "19:39:45"
  },
  {
    "zk_id": "3",
    "log_date": "2025-11-08",
    "time_in": "08:15:46",
    "time_out": "19:44:02"
  },
  {
    "zk_id": "3",
    "log_date": "2025-11-09",
    "time_in": "08:17:54",
    "time_out": "08:17:54"
  },
  {
    "zk_id": "3",
    "log_date": "2025-11-12",
    "time_in": "07:21:33",
    "time_out": "17:16:21"
  },
  {
    "zk_id": "3",
    "log_date": "2025-11-13",
    "time_in": "07:34:07",
    "time_out": "20:17:49"
  },
  {
    "zk_id": "3",
    "log_date": "2025-11-14",
    "time_in": "07:30:57",
    "time_out": "18:29:12"
  },
  {
    "zk_id": "3",
    "log_date": "2025-11-15",
    "time_in": "19:39:15",
    "time_out": "19:39:15"
  },
  {
    "zk_id": "3",
    "log_date": "2025-11-16",
    "time_in": "08:15:53",
    "time_out": "19:29:15"
  },
  {
    "zk_id": "3",
    "log_date": "2025-11-17",
    "time_in": "06:37:16",
    "time_out": "06:37:16"
  },
  {
    "zk_id": "3",
    "log_date": "2025-11-20",
    "time_in": "07:27:15",
    "time_out": "17:17:04"
  },
  {
    "zk_id": "3",
    "log_date": "2025-11-21",
    "time_in": "07:37:49",
    "time_out": "07:37:49"
  },
  {
    "zk_id": "3",
    "log_date": "2025-11-22",
    "time_in": "07:27:22",
    "time_out": "16:40:09"
  },
  {
    "zk_id": "3",
    "log_date": "2025-11-23",
    "time_in": "18:58:55",
    "time_out": "18:58:55"
  },
  {
    "zk_id": "3",
    "log_date": "2025-11-24",
    "time_in": "08:15:47",
    "time_out": "19:03:29"
  },
  {
    "zk_id": "3",
    "log_date": "2025-11-25",
    "time_in": "08:16:06",
    "time_out": "08:16:06"
  },
  {
    "zk_id": "3",
    "log_date": "2025-11-28",
    "time_in": "07:34:37",
    "time_out": "17:16:56"
  },
  {
    "zk_id": "3",
    "log_date": "2025-11-29",
    "time_in": "07:39:59",
    "time_out": "20:18:24"
  },
  {
    "zk_id": "3",
    "log_date": "2025-11-30",
    "time_in": "07:40:44",
    "time_out": "20:17:55"
  },
  {
    "zk_id": "30",
    "log_date": "2025-11-01",
    "time_in": "19:17:12",
    "time_out": "19:17:12"
  },
  {
    "zk_id": "30",
    "log_date": "2025-11-02",
    "time_in": "08:16:39",
    "time_out": "18:38:38"
  },
  {
    "zk_id": "30",
    "log_date": "2025-11-03",
    "time_in": "08:17:01",
    "time_out": "08:17:01"
  },
  {
    "zk_id": "30",
    "log_date": "2025-11-06",
    "time_in": "06:36:35",
    "time_out": "17:18:01"
  },
  {
    "zk_id": "30",
    "log_date": "2025-11-07",
    "time_in": "07:06:10",
    "time_out": "20:16:20"
  },
  {
    "zk_id": "30",
    "log_date": "2025-11-08",
    "time_in": "07:12:28",
    "time_out": "20:11:31"
  },
  {
    "zk_id": "30",
    "log_date": "2025-11-09",
    "time_in": "19:09:44",
    "time_out": "19:09:44"
  },
  {
    "zk_id": "30",
    "log_date": "2025-11-10",
    "time_in": "08:17:01",
    "time_out": "19:07:45"
  },
  {
    "zk_id": "30",
    "log_date": "2025-11-11",
    "time_in": "08:28:47",
    "time_out": "08:28:47"
  },
  {
    "zk_id": "30",
    "log_date": "2025-11-13",
    "time_in": "07:24:22",
    "time_out": "17:16:41"
  },
  {
    "zk_id": "30",
    "log_date": "2025-11-14",
    "time_in": "07:27:47",
    "time_out": "17:17:53"
  },
  {
    "zk_id": "30",
    "log_date": "2025-11-15",
    "time_in": "07:13:13",
    "time_out": "20:15:23"
  },
  {
    "zk_id": "30",
    "log_date": "2025-11-16",
    "time_in": "07:28:17",
    "time_out": "20:18:54"
  },
  {
    "zk_id": "30",
    "log_date": "2025-11-17",
    "time_in": "19:21:58",
    "time_out": "19:21:58"
  },
  {
    "zk_id": "30",
    "log_date": "2025-11-18",
    "time_in": "08:17:39",
    "time_out": "19:40:40"
  },
  {
    "zk_id": "30",
    "log_date": "2025-11-19",
    "time_in": "08:24:20",
    "time_out": "08:24:20"
  },
  {
    "zk_id": "30",
    "log_date": "2025-11-22",
    "time_in": "07:12:56",
    "time_out": "17:17:35"
  },
  {
    "zk_id": "30",
    "log_date": "2025-11-23",
    "time_in": "07:28:32",
    "time_out": "20:20:11"
  },
  {
    "zk_id": "30",
    "log_date": "2025-11-24",
    "time_in": "07:30:06",
    "time_out": "20:16:40"
  },
  {
    "zk_id": "30",
    "log_date": "2025-11-25",
    "time_in": "19:20:49",
    "time_out": "19:20:49"
  },
  {
    "zk_id": "30",
    "log_date": "2025-11-26",
    "time_in": "08:17:54",
    "time_out": "19:25:10"
  },
  {
    "zk_id": "30",
    "log_date": "2025-11-27",
    "time_in": "08:17:59",
    "time_out": "08:17:59"
  },
  {
    "zk_id": "31",
    "log_date": "2025-11-03",
    "time_in": "07:42:56",
    "time_out": "20:14:46"
  },
  {
    "zk_id": "31",
    "log_date": "2025-11-05",
    "time_in": "19:22:13",
    "time_out": "19:22:13"
  },
  {
    "zk_id": "31",
    "log_date": "2025-11-06",
    "time_in": "08:16:18",
    "time_out": "19:12:20"
  },
  {
    "zk_id": "31",
    "log_date": "2025-11-07",
    "time_in": "08:27:26",
    "time_out": "08:27:26"
  },
  {
    "zk_id": "31",
    "log_date": "2025-11-12",
    "time_in": "20:15:39",
    "time_out": "20:15:39"
  },
  {
    "zk_id": "31",
    "log_date": "2025-11-14",
    "time_in": "19:07:33",
    "time_out": "19:07:33"
  },
  {
    "zk_id": "31",
    "log_date": "2025-11-15",
    "time_in": "08:16:02",
    "time_out": "08:16:02"
  },
  {
    "zk_id": "31",
    "log_date": "2025-11-19",
    "time_in": "07:50:26",
    "time_out": "20:15:46"
  },
  {
    "zk_id": "31",
    "log_date": "2025-11-20",
    "time_in": "07:44:08",
    "time_out": "20:15:15"
  },
  {
    "zk_id": "31",
    "log_date": "2025-11-21",
    "time_in": "19:05:06",
    "time_out": "19:05:06"
  },
  {
    "zk_id": "31",
    "log_date": "2025-11-22",
    "time_in": "08:15:18",
    "time_out": "19:23:41"
  },
  {
    "zk_id": "31",
    "log_date": "2025-11-23",
    "time_in": "08:15:41",
    "time_out": "08:15:41"
  },
  {
    "zk_id": "31",
    "log_date": "2025-11-27",
    "time_in": "07:44:49",
    "time_out": "20:15:14"
  },
  {
    "zk_id": "31",
    "log_date": "2025-11-28",
    "time_in": "07:42:04",
    "time_out": "20:15:53"
  },
  {
    "zk_id": "31",
    "log_date": "2025-11-29",
    "time_in": "19:23:20",
    "time_out": "19:23:20"
  },
  {
    "zk_id": "31",
    "log_date": "2025-11-30",
    "time_in": "08:11:36",
    "time_out": "19:01:24"
  },
  {
    "zk_id": "33",
    "log_date": "2025-11-03",
    "time_in": "07:33:05",
    "time_out": "20:17:35"
  },
  {
    "zk_id": "33",
    "log_date": "2025-11-04",
    "time_in": "07:46:39",
    "time_out": "07:46:39"
  },
  {
    "zk_id": "33",
    "log_date": "2025-11-05",
    "time_in": "19:32:41",
    "time_out": "19:32:41"
  },
  {
    "zk_id": "33",
    "log_date": "2025-11-06",
    "time_in": "08:20:42",
    "time_out": "20:17:44"
  },
  {
    "zk_id": "33",
    "log_date": "2025-11-07",
    "time_in": "08:29:53",
    "time_out": "08:29:53"
  },
  {
    "zk_id": "33",
    "log_date": "2025-11-10",
    "time_in": "07:36:49",
    "time_out": "17:17:33"
  },
  {
    "zk_id": "33",
    "log_date": "2025-11-11",
    "time_in": "07:37:44",
    "time_out": "20:17:40"
  },
  {
    "zk_id": "33",
    "log_date": "2025-11-12",
    "time_in": "07:36:13",
    "time_out": "20:09:13"
  },
  {
    "zk_id": "33",
    "log_date": "2025-11-13",
    "time_in": "19:25:34",
    "time_out": "19:25:34"
  },
  {
    "zk_id": "33",
    "log_date": "2025-11-14",
    "time_in": "08:19:14",
    "time_out": "19:31:08"
  },
  {
    "zk_id": "33",
    "log_date": "2025-11-15",
    "time_in": "08:27:21",
    "time_out": "08:27:21"
  },
  {
    "zk_id": "33",
    "log_date": "2025-11-20",
    "time_in": "07:28:53",
    "time_out": "20:14:25"
  },
  {
    "zk_id": "33",
    "log_date": "2025-11-21",
    "time_in": "19:36:52",
    "time_out": "19:36:52"
  },
  {
    "zk_id": "33",
    "log_date": "2025-11-22",
    "time_in": "08:17:29",
    "time_out": "19:34:20"
  },
  {
    "zk_id": "33",
    "log_date": "2025-11-23",
    "time_in": "08:19:28",
    "time_out": "08:19:28"
  },
  {
    "zk_id": "33",
    "log_date": "2025-11-27",
    "time_in": "07:31:16",
    "time_out": "20:12:32"
  },
  {
    "zk_id": "33",
    "log_date": "2025-11-28",
    "time_in": "07:45:10",
    "time_out": "20:19:57"
  },
  {
    "zk_id": "33",
    "log_date": "2025-11-29",
    "time_in": "19:39:13",
    "time_out": "19:39:13"
  },
  {
    "zk_id": "33",
    "log_date": "2025-11-30",
    "time_in": "08:13:51",
    "time_out": "19:37:19"
  },
  {
    "zk_id": "34",
    "log_date": "2025-11-03",
    "time_in": "08:15:33",
    "time_out": "20:14:40"
  },
  {
    "zk_id": "34",
    "log_date": "2025-11-04",
    "time_in": "07:57:01",
    "time_out": "20:14:54"
  },
  {
    "zk_id": "34",
    "log_date": "2025-11-05",
    "time_in": "19:51:37",
    "time_out": "19:51:37"
  },
  {
    "zk_id": "34",
    "log_date": "2025-11-06",
    "time_in": "08:15:58",
    "time_out": "08:15:58"
  },
  {
    "zk_id": "34",
    "log_date": "2025-11-10",
    "time_in": "08:02:47",
    "time_out": "17:14:49"
  },
  {
    "zk_id": "34",
    "log_date": "2025-11-11",
    "time_in": "07:43:21",
    "time_out": "20:16:49"
  },
  {
    "zk_id": "34",
    "log_date": "2025-11-12",
    "time_in": "08:05:26",
    "time_out": "20:15:30"
  },
  {
    "zk_id": "34",
    "log_date": "2025-11-13",
    "time_in": "19:34:13",
    "time_out": "19:34:13"
  },
  {
    "zk_id": "34",
    "log_date": "2025-11-14",
    "time_in": "08:15:24",
    "time_out": "19:58:51"
  },
  {
    "zk_id": "34",
    "log_date": "2025-11-15",
    "time_in": "08:16:08",
    "time_out": "08:16:08"
  },
  {
    "zk_id": "34",
    "log_date": "2025-11-19",
    "time_in": "08:03:09",
    "time_out": "20:15:40"
  },
  {
    "zk_id": "34",
    "log_date": "2025-11-20",
    "time_in": "07:50:53",
    "time_out": "20:15:07"
  },
  {
    "zk_id": "34",
    "log_date": "2025-11-21",
    "time_in": "20:00:24",
    "time_out": "20:00:24"
  },
  {
    "zk_id": "34",
    "log_date": "2025-11-22",
    "time_in": "08:14:50",
    "time_out": "19:42:12"
  },
  {
    "zk_id": "34",
    "log_date": "2025-11-23",
    "time_in": "08:15:46",
    "time_out": "08:15:46"
  },
  {
    "zk_id": "34",
    "log_date": "2025-11-27",
    "time_in": "07:49:59",
    "time_out": "20:15:18"
  },
  {
    "zk_id": "34",
    "log_date": "2025-11-28",
    "time_in": "08:01:28",
    "time_out": "20:15:49"
  },
  {
    "zk_id": "34",
    "log_date": "2025-11-29",
    "time_in": "18:45:00",
    "time_out": "18:45:00"
  },
  {
    "zk_id": "34",
    "log_date": "2025-11-30",
    "time_in": "08:11:39",
    "time_out": "19:45:57"
  },
  {
    "zk_id": "35",
    "log_date": "2025-11-04",
    "time_in": "07:29:21",
    "time_out": "07:29:21"
  },
  {
    "zk_id": "35",
    "log_date": "2025-11-06",
    "time_in": "20:15:27",
    "time_out": "20:15:27"
  },
  {
    "zk_id": "35",
    "log_date": "2025-11-07",
    "time_in": "19:34:16",
    "time_out": "19:34:16"
  },
  {
    "zk_id": "35",
    "log_date": "2025-11-08",
    "time_in": "08:15:43",
    "time_out": "19:48:21"
  },
  {
    "zk_id": "35",
    "log_date": "2025-11-12",
    "time_in": "17:16:35",
    "time_out": "17:16:35"
  },
  {
    "zk_id": "35",
    "log_date": "2025-11-13",
    "time_in": "07:34:12",
    "time_out": "20:17:42"
  },
  {
    "zk_id": "35",
    "log_date": "2025-11-14",
    "time_in": "20:15:42",
    "time_out": "20:15:42"
  },
  {
    "zk_id": "35",
    "log_date": "2025-11-16",
    "time_in": "08:15:48",
    "time_out": "19:13:52"
  },
  {
    "zk_id": "35",
    "log_date": "2025-11-17",
    "time_in": "08:10:22",
    "time_out": "08:10:22"
  },
  {
    "zk_id": "35",
    "log_date": "2025-11-20",
    "time_in": "17:17:01",
    "time_out": "17:17:01"
  },
  {
    "zk_id": "35",
    "log_date": "2025-11-21",
    "time_in": "20:17:30",
    "time_out": "20:17:30"
  },
  {
    "zk_id": "35",
    "log_date": "2025-11-24",
    "time_in": "08:15:48",
    "time_out": "08:15:48"
  },
  {
    "zk_id": "35",
    "log_date": "2025-11-29",
    "time_in": "20:18:15",
    "time_out": "20:18:15"
  },
  {
    "zk_id": "35",
    "log_date": "2025-11-30",
    "time_in": "20:16:48",
    "time_out": "20:16:48"
  },
  {
    "zk_id": "36",
    "log_date": "2025-11-01",
    "time_in": "07:39:09",
    "time_out": "20:14:55"
  },
  {
    "zk_id": "36",
    "log_date": "2025-11-02",
    "time_in": "07:39:36",
    "time_out": "20:15:04"
  },
  {
    "zk_id": "36",
    "log_date": "2025-11-03",
    "time_in": "19:04:39",
    "time_out": "19:04:39"
  },
  {
    "zk_id": "36",
    "log_date": "2025-11-04",
    "time_in": "08:21:35",
    "time_out": "08:21:35"
  },
  {
    "zk_id": "36",
    "log_date": "2025-11-09",
    "time_in": "07:38:38",
    "time_out": "20:13:15"
  },
  {
    "zk_id": "36",
    "log_date": "2025-11-10",
    "time_in": "07:24:10",
    "time_out": "20:15:53"
  },
  {
    "zk_id": "36",
    "log_date": "2025-11-11",
    "time_in": "19:12:59",
    "time_out": "19:12:59"
  },
  {
    "zk_id": "36",
    "log_date": "2025-11-12",
    "time_in": "08:16:06",
    "time_out": "19:07:59"
  },
  {
    "zk_id": "36",
    "log_date": "2025-11-13",
    "time_in": "08:17:44",
    "time_out": "08:17:44"
  },
  {
    "zk_id": "36",
    "log_date": "2025-11-17",
    "time_in": "07:39:39",
    "time_out": "20:15:42"
  },
  {
    "zk_id": "36",
    "log_date": "2025-11-18",
    "time_in": "07:34:45",
    "time_out": "20:17:36"
  },
  {
    "zk_id": "36",
    "log_date": "2025-11-19",
    "time_in": "19:29:52",
    "time_out": "19:29:52"
  },
  {
    "zk_id": "36",
    "log_date": "2025-11-20",
    "time_in": "08:18:36",
    "time_out": "19:25:08"
  },
  {
    "zk_id": "36",
    "log_date": "2025-11-21",
    "time_in": "17:01:34",
    "time_out": "17:01:34"
  },
  {
    "zk_id": "36",
    "log_date": "2025-11-25",
    "time_in": "08:00:32",
    "time_out": "20:14:20"
  },
  {
    "zk_id": "36",
    "log_date": "2025-11-26",
    "time_in": "07:37:16",
    "time_out": "20:06:39"
  },
  {
    "zk_id": "36",
    "log_date": "2025-11-27",
    "time_in": "19:29:14",
    "time_out": "19:29:14"
  },
  {
    "zk_id": "36",
    "log_date": "2025-11-28",
    "time_in": "08:17:31",
    "time_out": "19:07:10"
  },
  {
    "zk_id": "36",
    "log_date": "2025-11-29",
    "time_in": "08:16:38",
    "time_out": "08:16:38"
  },
  {
    "zk_id": "37",
    "log_date": "2025-11-01",
    "time_in": "19:07:31",
    "time_out": "19:07:31"
  },
  {
    "zk_id": "37",
    "log_date": "2025-11-02",
    "time_in": "08:17:53",
    "time_out": "19:17:47"
  },
  {
    "zk_id": "37",
    "log_date": "2025-11-03",
    "time_in": "08:16:59",
    "time_out": "08:16:59"
  },
  {
    "zk_id": "37",
    "log_date": "2025-11-06",
    "time_in": "08:01:43",
    "time_out": "17:16:54"
  },
  {
    "zk_id": "37",
    "log_date": "2025-11-07",
    "time_in": "07:59:52",
    "time_out": "20:15:56"
  },
  {
    "zk_id": "37",
    "log_date": "2025-11-08",
    "time_in": "07:53:33",
    "time_out": "18:48:22"
  },
  {
    "zk_id": "37",
    "log_date": "2025-11-09",
    "time_in": "19:34:34",
    "time_out": "19:34:34"
  },
  {
    "zk_id": "37",
    "log_date": "2025-11-10",
    "time_in": "08:16:57",
    "time_out": "19:39:59"
  },
  {
    "zk_id": "37",
    "log_date": "2025-11-11",
    "time_in": "08:29:30",
    "time_out": "08:29:30"
  },
  {
    "zk_id": "37",
    "log_date": "2025-11-13",
    "time_in": "08:01:22",
    "time_out": "17:16:49"
  },
  {
    "zk_id": "37",
    "log_date": "2025-11-14",
    "time_in": "08:01:14",
    "time_out": "17:16:49"
  },
  {
    "zk_id": "37",
    "log_date": "2025-11-15",
    "time_in": "07:37:48",
    "time_out": "20:16:09"
  },
  {
    "zk_id": "37",
    "log_date": "2025-11-16",
    "time_in": "07:54:25",
    "time_out": "20:19:03"
  },
  {
    "zk_id": "37",
    "log_date": "2025-11-17",
    "time_in": "19:45:22",
    "time_out": "19:45:22"
  },
  {
    "zk_id": "37",
    "log_date": "2025-11-18",
    "time_in": "08:17:46",
    "time_out": "19:27:26"
  },
  {
    "zk_id": "37",
    "log_date": "2025-11-19",
    "time_in": "08:24:35",
    "time_out": "08:24:35"
  },
  {
    "zk_id": "37",
    "log_date": "2025-11-22",
    "time_in": "08:17:06",
    "time_out": "17:17:27"
  },
  {
    "zk_id": "37",
    "log_date": "2025-11-23",
    "time_in": "08:01:15",
    "time_out": "20:20:10"
  },
  {
    "zk_id": "37",
    "log_date": "2025-11-24",
    "time_in": "07:24:00",
    "time_out": "20:17:35"
  },
  {
    "zk_id": "37",
    "log_date": "2025-11-25",
    "time_in": "19:49:00",
    "time_out": "19:49:00"
  },
  {
    "zk_id": "37",
    "log_date": "2025-11-26",
    "time_in": "08:17:45",
    "time_out": "19:25:14"
  },
  {
    "zk_id": "37",
    "log_date": "2025-11-27",
    "time_in": "08:16:52",
    "time_out": "08:16:52"
  },
  {
    "zk_id": "39",
    "log_date": "2025-11-04",
    "time_in": "07:32:15",
    "time_out": "07:32:15"
  },
  {
    "zk_id": "39",
    "log_date": "2025-11-05",
    "time_in": "07:31:41",
    "time_out": "20:16:00"
  },
  {
    "zk_id": "39",
    "log_date": "2025-11-06",
    "time_in": "07:31:14",
    "time_out": "20:00:22"
  },
  {
    "zk_id": "39",
    "log_date": "2025-11-07",
    "time_in": "19:18:42",
    "time_out": "19:18:42"
  },
  {
    "zk_id": "39",
    "log_date": "2025-11-08",
    "time_in": "08:02:02",
    "time_out": "19:30:34"
  },
  {
    "zk_id": "39",
    "log_date": "2025-11-09",
    "time_in": "08:01:09",
    "time_out": "08:01:09"
  },
  {
    "zk_id": "39",
    "log_date": "2025-11-13",
    "time_in": "07:29:56",
    "time_out": "07:29:56"
  },
  {
    "zk_id": "39",
    "log_date": "2025-11-14",
    "time_in": "07:37:10",
    "time_out": "20:01:06"
  },
  {
    "zk_id": "39",
    "log_date": "2025-11-15",
    "time_in": "19:16:06",
    "time_out": "19:16:06"
  },
  {
    "zk_id": "39",
    "log_date": "2025-11-16",
    "time_in": "08:17:54",
    "time_out": "19:17:48"
  },
  {
    "zk_id": "39",
    "log_date": "2025-11-17",
    "time_in": "08:10:05",
    "time_out": "08:10:05"
  },
  {
    "zk_id": "39",
    "log_date": "2025-11-20",
    "time_in": "07:49:27",
    "time_out": "12:14:57"
  },
  {
    "zk_id": "39",
    "log_date": "2025-11-21",
    "time_in": "07:42:33",
    "time_out": "20:17:20"
  },
  {
    "zk_id": "39",
    "log_date": "2025-11-22",
    "time_in": "07:40:32",
    "time_out": "20:18:36"
  },
  {
    "zk_id": "39",
    "log_date": "2025-11-23",
    "time_in": "19:24:47",
    "time_out": "19:24:47"
  },
  {
    "zk_id": "39",
    "log_date": "2025-11-24",
    "time_in": "08:16:42",
    "time_out": "19:34:28"
  },
  {
    "zk_id": "39",
    "log_date": "2025-11-25",
    "time_in": "08:03:51",
    "time_out": "08:03:51"
  },
  {
    "zk_id": "39",
    "log_date": "2025-11-29",
    "time_in": "07:54:49",
    "time_out": "20:17:49"
  },
  {
    "zk_id": "39",
    "log_date": "2025-11-30",
    "time_in": "07:27:46",
    "time_out": "20:01:16"
  },
  {
    "zk_id": "4",
    "log_date": "2025-11-01",
    "time_in": "07:07:58",
    "time_out": "20:15:06"
  },
  {
    "zk_id": "4",
    "log_date": "2025-11-02",
    "time_in": "07:00:11",
    "time_out": "07:00:11"
  },
  {
    "zk_id": "4",
    "log_date": "2025-11-03",
    "time_in": "18:09:47",
    "time_out": "18:09:47"
  },
  {
    "zk_id": "4",
    "log_date": "2025-11-04",
    "time_in": "08:23:01",
    "time_out": "08:23:01"
  },
  {
    "zk_id": "4",
    "log_date": "2025-11-09",
    "time_in": "07:37:31",
    "time_out": "20:09:41"
  },
  {
    "zk_id": "4",
    "log_date": "2025-11-10",
    "time_in": "07:25:59",
    "time_out": "20:16:13"
  },
  {
    "zk_id": "4",
    "log_date": "2025-11-11",
    "time_in": "18:43:05",
    "time_out": "18:43:05"
  },
  {
    "zk_id": "4",
    "log_date": "2025-11-12",
    "time_in": "08:16:50",
    "time_out": "18:52:44"
  },
  {
    "zk_id": "4",
    "log_date": "2025-11-13",
    "time_in": "08:17:29",
    "time_out": "08:17:29"
  },
  {
    "zk_id": "4",
    "log_date": "2025-11-17",
    "time_in": "07:27:34",
    "time_out": "20:16:12"
  },
  {
    "zk_id": "4",
    "log_date": "2025-11-18",
    "time_in": "07:07:45",
    "time_out": "20:16:12"
  },
  {
    "zk_id": "4",
    "log_date": "2025-11-19",
    "time_in": "18:22:44",
    "time_out": "18:22:44"
  },
  {
    "zk_id": "4",
    "log_date": "2025-11-20",
    "time_in": "08:18:49",
    "time_out": "18:27:46"
  },
  {
    "zk_id": "4",
    "log_date": "2025-11-21",
    "time_in": "08:16:35",
    "time_out": "08:16:35"
  },
  {
    "zk_id": "4",
    "log_date": "2025-11-24",
    "time_in": "07:23:13",
    "time_out": "17:17:03"
  },
  {
    "zk_id": "4",
    "log_date": "2025-11-25",
    "time_in": "07:23:55",
    "time_out": "20:11:28"
  },
  {
    "zk_id": "4",
    "log_date": "2025-11-26",
    "time_in": "07:04:18",
    "time_out": "20:16:39"
  },
  {
    "zk_id": "4",
    "log_date": "2025-11-27",
    "time_in": "18:29:34",
    "time_out": "18:29:34"
  },
  {
    "zk_id": "4",
    "log_date": "2025-11-28",
    "time_in": "08:17:57",
    "time_out": "18:31:41"
  },
  {
    "zk_id": "4",
    "log_date": "2025-11-29",
    "time_in": "08:17:09",
    "time_out": "08:17:09"
  },
  {
    "zk_id": "40",
    "log_date": "2025-11-04",
    "time_in": "07:32:31",
    "time_out": "20:18:17"
  },
  {
    "zk_id": "40",
    "log_date": "2025-11-05",
    "time_in": "19:25:53",
    "time_out": "19:25:53"
  },
  {
    "zk_id": "40",
    "log_date": "2025-11-06",
    "time_in": "08:10:48",
    "time_out": "08:10:48"
  },
  {
    "zk_id": "40",
    "log_date": "2025-11-10",
    "time_in": "07:29:09",
    "time_out": "17:17:01"
  },
  {
    "zk_id": "40",
    "log_date": "2025-11-11",
    "time_in": "07:37:39",
    "time_out": "20:17:28"
  },
  {
    "zk_id": "40",
    "log_date": "2025-11-12",
    "time_in": "07:36:17",
    "time_out": "20:18:26"
  },
  {
    "zk_id": "40",
    "log_date": "2025-11-13",
    "time_in": "18:46:16",
    "time_out": "18:46:16"
  },
  {
    "zk_id": "40",
    "log_date": "2025-11-14",
    "time_in": "08:19:01",
    "time_out": "19:22:54"
  },
  {
    "zk_id": "40",
    "log_date": "2025-11-15",
    "time_in": "08:17:44",
    "time_out": "08:17:44"
  },
  {
    "zk_id": "40",
    "log_date": "2025-11-19",
    "time_in": "07:31:50",
    "time_out": "20:18:50"
  },
  {
    "zk_id": "40",
    "log_date": "2025-11-20",
    "time_in": "07:30:46",
    "time_out": "20:20:19"
  },
  {
    "zk_id": "40",
    "log_date": "2025-11-21",
    "time_in": "19:37:09",
    "time_out": "19:37:09"
  },
  {
    "zk_id": "40",
    "log_date": "2025-11-22",
    "time_in": "08:17:24",
    "time_out": "19:34:15"
  },
  {
    "zk_id": "40",
    "log_date": "2025-11-23",
    "time_in": "08:19:49",
    "time_out": "08:19:49"
  },
  {
    "zk_id": "40",
    "log_date": "2025-11-27",
    "time_in": "07:32:49",
    "time_out": "20:19:00"
  },
  {
    "zk_id": "40",
    "log_date": "2025-11-28",
    "time_in": "07:29:53",
    "time_out": "20:19:53"
  },
  {
    "zk_id": "40",
    "log_date": "2025-11-29",
    "time_in": "19:36:00",
    "time_out": "19:36:00"
  },
  {
    "zk_id": "40",
    "log_date": "2025-11-30",
    "time_in": "08:13:35",
    "time_out": "19:37:33"
  },
  {
    "zk_id": "41",
    "log_date": "2025-11-06",
    "time_in": "07:48:18",
    "time_out": "17:17:05"
  },
  {
    "zk_id": "41",
    "log_date": "2025-11-07",
    "time_in": "07:48:00",
    "time_out": "07:48:00"
  },
  {
    "zk_id": "41",
    "log_date": "2025-11-08",
    "time_in": "08:00:50",
    "time_out": "20:11:27"
  },
  {
    "zk_id": "41",
    "log_date": "2025-11-09",
    "time_in": "19:24:53",
    "time_out": "19:24:53"
  },
  {
    "zk_id": "41",
    "log_date": "2025-11-10",
    "time_in": "08:16:45",
    "time_out": "19:07:49"
  },
  {
    "zk_id": "41",
    "log_date": "2025-11-11",
    "time_in": "08:27:30",
    "time_out": "08:27:30"
  },
  {
    "zk_id": "41",
    "log_date": "2025-11-13",
    "time_in": "07:52:35",
    "time_out": "17:16:21"
  },
  {
    "zk_id": "41",
    "log_date": "2025-11-14",
    "time_in": "07:56:59",
    "time_out": "17:16:24"
  },
  {
    "zk_id": "41",
    "log_date": "2025-11-15",
    "time_in": "08:00:18",
    "time_out": "20:15:53"
  },
  {
    "zk_id": "41",
    "log_date": "2025-11-16",
    "time_in": "06:58:15",
    "time_out": "20:16:03"
  },
  {
    "zk_id": "41",
    "log_date": "2025-11-17",
    "time_in": "19:03:42",
    "time_out": "19:03:42"
  },
  {
    "zk_id": "41",
    "log_date": "2025-11-18",
    "time_in": "08:17:36",
    "time_out": "19:10:24"
  },
  {
    "zk_id": "41",
    "log_date": "2025-11-19",
    "time_in": "08:23:33",
    "time_out": "08:23:33"
  },
  {
    "zk_id": "41",
    "log_date": "2025-11-21",
    "time_in": "08:15:50",
    "time_out": "17:17:49"
  },
  {
    "zk_id": "41",
    "log_date": "2025-11-22",
    "time_in": "07:53:37",
    "time_out": "17:17:31"
  },
  {
    "zk_id": "41",
    "log_date": "2025-11-23",
    "time_in": "07:52:07",
    "time_out": "20:19:34"
  },
  {
    "zk_id": "41",
    "log_date": "2025-11-24",
    "time_in": "07:45:25",
    "time_out": "20:16:32"
  },
  {
    "zk_id": "41",
    "log_date": "2025-11-25",
    "time_in": "18:20:07",
    "time_out": "18:20:07"
  },
  {
    "zk_id": "41",
    "log_date": "2025-11-26",
    "time_in": "08:17:40",
    "time_out": "20:08:02"
  },
  {
    "zk_id": "41",
    "log_date": "2025-11-27",
    "time_in": "08:17:39",
    "time_out": "08:17:39"
  },
  {
    "zk_id": "42",
    "log_date": "2025-11-03",
    "time_in": "07:48:00",
    "time_out": "20:18:54"
  },
  {
    "zk_id": "42",
    "log_date": "2025-11-04",
    "time_in": "12:43:54",
    "time_out": "20:16:19"
  },
  {
    "zk_id": "42",
    "log_date": "2025-11-05",
    "time_in": "19:50:00",
    "time_out": "19:50:00"
  },
  {
    "zk_id": "42",
    "log_date": "2025-11-06",
    "time_in": "08:20:52",
    "time_out": "20:17:49"
  },
  {
    "zk_id": "42",
    "log_date": "2025-11-07",
    "time_in": "08:32:27",
    "time_out": "08:32:27"
  },
  {
    "zk_id": "42",
    "log_date": "2025-11-10",
    "time_in": "07:54:16",
    "time_out": "17:18:06"
  },
  {
    "zk_id": "42",
    "log_date": "2025-11-11",
    "time_in": "07:56:40",
    "time_out": "20:18:07"
  },
  {
    "zk_id": "42",
    "log_date": "2025-11-12",
    "time_in": "07:52:43",
    "time_out": "20:18:42"
  },
  {
    "zk_id": "42",
    "log_date": "2025-11-13",
    "time_in": "19:56:52",
    "time_out": "19:56:52"
  },
  {
    "zk_id": "42",
    "log_date": "2025-11-14",
    "time_in": "08:19:39",
    "time_out": "19:55:11"
  },
  {
    "zk_id": "42",
    "log_date": "2025-11-15",
    "time_in": "08:27:16",
    "time_out": "08:27:16"
  },
  {
    "zk_id": "42",
    "log_date": "2025-11-19",
    "time_in": "07:51:54",
    "time_out": "20:18:58"
  },
  {
    "zk_id": "42",
    "log_date": "2025-11-20",
    "time_in": "07:51:10",
    "time_out": "20:20:15"
  },
  {
    "zk_id": "42",
    "log_date": "2025-11-21",
    "time_in": "19:51:52",
    "time_out": "19:51:52"
  },
  {
    "zk_id": "42",
    "log_date": "2025-11-22",
    "time_in": "08:22:20",
    "time_out": "19:53:16"
  },
  {
    "zk_id": "42",
    "log_date": "2025-11-23",
    "time_in": "17:19:45",
    "time_out": "17:19:45"
  },
  {
    "zk_id": "42",
    "log_date": "2025-11-24",
    "time_in": "07:53:54",
    "time_out": "17:19:52"
  },
  {
    "zk_id": "42",
    "log_date": "2025-11-25",
    "time_in": "08:23:48",
    "time_out": "17:18:54"
  },
  {
    "zk_id": "42",
    "log_date": "2025-11-26",
    "time_in": "07:47:31",
    "time_out": "17:12:00"
  },
  {
    "zk_id": "42",
    "log_date": "2025-11-27",
    "time_in": "07:51:13",
    "time_out": "20:16:58"
  },
  {
    "zk_id": "42",
    "log_date": "2025-11-28",
    "time_in": "07:51:30",
    "time_out": "20:22:10"
  },
  {
    "zk_id": "42",
    "log_date": "2025-11-29",
    "time_in": "19:52:21",
    "time_out": "19:52:21"
  },
  {
    "zk_id": "42",
    "log_date": "2025-11-30",
    "time_in": "08:31:34",
    "time_out": "19:56:35"
  },
  {
    "zk_id": "44",
    "log_date": "2025-11-01",
    "time_in": "07:05:27",
    "time_out": "20:13:20"
  },
  {
    "zk_id": "44",
    "log_date": "2025-11-02",
    "time_in": "07:03:19",
    "time_out": "20:14:59"
  },
  {
    "zk_id": "44",
    "log_date": "2025-11-04",
    "time_in": "19:09:13",
    "time_out": "19:09:13"
  },
  {
    "zk_id": "44",
    "log_date": "2025-11-05",
    "time_in": "08:16:51",
    "time_out": "08:16:51"
  },
  {
    "zk_id": "44",
    "log_date": "2025-11-09",
    "time_in": "07:38:42",
    "time_out": "20:24:09"
  },
  {
    "zk_id": "44",
    "log_date": "2025-11-10",
    "time_in": "07:22:29",
    "time_out": "20:16:00"
  },
  {
    "zk_id": "44",
    "log_date": "2025-11-11",
    "time_in": "19:11:24",
    "time_out": "19:11:24"
  },
  {
    "zk_id": "44",
    "log_date": "2025-11-12",
    "time_in": "08:17:03",
    "time_out": "18:51:18"
  },
  {
    "zk_id": "44",
    "log_date": "2025-11-13",
    "time_in": "08:25:28",
    "time_out": "08:25:28"
  },
  {
    "zk_id": "44",
    "log_date": "2025-11-17",
    "time_in": "07:12:02",
    "time_out": "20:17:38"
  },
  {
    "zk_id": "44",
    "log_date": "2025-11-18",
    "time_in": "07:20:10",
    "time_out": "17:10:50"
  },
  {
    "zk_id": "44",
    "log_date": "2025-11-19",
    "time_in": "18:22:38",
    "time_out": "18:22:38"
  },
  {
    "zk_id": "44",
    "log_date": "2025-11-20",
    "time_in": "08:20:22",
    "time_out": "18:16:45"
  },
  {
    "zk_id": "44",
    "log_date": "2025-11-21",
    "time_in": "08:17:21",
    "time_out": "08:17:21"
  },
  {
    "zk_id": "44",
    "log_date": "2025-11-24",
    "time_in": "07:24:19",
    "time_out": "17:15:53"
  },
  {
    "zk_id": "44",
    "log_date": "2025-11-25",
    "time_in": "06:54:52",
    "time_out": "20:11:18"
  },
  {
    "zk_id": "44",
    "log_date": "2025-11-26",
    "time_in": "07:21:43",
    "time_out": "19:44:18"
  },
  {
    "zk_id": "44",
    "log_date": "2025-11-27",
    "time_in": "07:07:07",
    "time_out": "19:14:18"
  },
  {
    "zk_id": "44",
    "log_date": "2025-11-28",
    "time_in": "08:16:57",
    "time_out": "18:44:25"
  },
  {
    "zk_id": "44",
    "log_date": "2025-11-29",
    "time_in": "08:17:00",
    "time_out": "08:17:00"
  },
  {
    "zk_id": "45",
    "log_date": "2025-11-01",
    "time_in": "07:45:12",
    "time_out": "20:15:02"
  },
  {
    "zk_id": "45",
    "log_date": "2025-11-02",
    "time_in": "07:39:15",
    "time_out": "20:12:01"
  },
  {
    "zk_id": "45",
    "log_date": "2025-11-09",
    "time_in": "07:52:33",
    "time_out": "20:00:02"
  },
  {
    "zk_id": "45",
    "log_date": "2025-11-10",
    "time_in": "07:33:54",
    "time_out": "07:33:54"
  },
  {
    "zk_id": "45",
    "log_date": "2025-11-12",
    "time_in": "08:16:10",
    "time_out": "19:23:32"
  },
  {
    "zk_id": "45",
    "log_date": "2025-11-13",
    "time_in": "08:14:19",
    "time_out": "08:14:19"
  },
  {
    "zk_id": "45",
    "log_date": "2025-11-17",
    "time_in": "07:27:48",
    "time_out": "20:15:55"
  },
  {
    "zk_id": "45",
    "log_date": "2025-11-18",
    "time_in": "07:32:36",
    "time_out": "20:17:53"
  },
  {
    "zk_id": "45",
    "log_date": "2025-11-20",
    "time_in": "19:20:28",
    "time_out": "19:20:28"
  },
  {
    "zk_id": "45",
    "log_date": "2025-11-21",
    "time_in": "17:17:55",
    "time_out": "17:17:55"
  },
  {
    "zk_id": "45",
    "log_date": "2025-11-22",
    "time_in": "07:32:06",
    "time_out": "17:16:45"
  },
  {
    "zk_id": "45",
    "log_date": "2025-11-24",
    "time_in": "07:30:57",
    "time_out": "17:16:00"
  },
  {
    "zk_id": "45",
    "log_date": "2025-11-25",
    "time_in": "07:52:37",
    "time_out": "07:52:37"
  },
  {
    "zk_id": "45",
    "log_date": "2025-11-26",
    "time_in": "07:29:13",
    "time_out": "20:05:05"
  },
  {
    "zk_id": "45",
    "log_date": "2025-11-28",
    "time_in": "19:25:59",
    "time_out": "19:25:59"
  },
  {
    "zk_id": "45",
    "log_date": "2025-11-29",
    "time_in": "08:16:42",
    "time_out": "08:16:42"
  },
  {
    "zk_id": "46",
    "log_date": "2025-11-03",
    "time_in": "07:40:27",
    "time_out": "20:00:49"
  },
  {
    "zk_id": "46",
    "log_date": "2025-11-04",
    "time_in": "07:32:23",
    "time_out": "20:01:08"
  },
  {
    "zk_id": "46",
    "log_date": "2025-11-05",
    "time_in": "19:22:21",
    "time_out": "19:22:21"
  },
  {
    "zk_id": "46",
    "log_date": "2025-11-06",
    "time_in": "08:17:05",
    "time_out": "19:12:10"
  },
  {
    "zk_id": "46",
    "log_date": "2025-11-07",
    "time_in": "08:33:35",
    "time_out": "08:33:35"
  },
  {
    "zk_id": "46",
    "log_date": "2025-11-11",
    "time_in": "07:36:41",
    "time_out": "20:10:49"
  },
  {
    "zk_id": "46",
    "log_date": "2025-11-12",
    "time_in": "07:14:57",
    "time_out": "20:00:44"
  },
  {
    "zk_id": "46",
    "log_date": "2025-11-13",
    "time_in": "19:00:05",
    "time_out": "19:00:05"
  },
  {
    "zk_id": "46",
    "log_date": "2025-11-14",
    "time_in": "08:19:43",
    "time_out": "19:07:22"
  },
  {
    "zk_id": "46",
    "log_date": "2025-11-15",
    "time_in": "08:18:34",
    "time_out": "08:18:34"
  },
  {
    "zk_id": "46",
    "log_date": "2025-11-19",
    "time_in": "07:40:05",
    "time_out": "20:00:15"
  },
  {
    "zk_id": "46",
    "log_date": "2025-11-20",
    "time_in": "07:22:03",
    "time_out": "20:00:37"
  },
  {
    "zk_id": "46",
    "log_date": "2025-11-21",
    "time_in": "19:43:26",
    "time_out": "19:43:26"
  },
  {
    "zk_id": "46",
    "log_date": "2025-11-22",
    "time_in": "08:15:30",
    "time_out": "19:18:05"
  },
  {
    "zk_id": "46",
    "log_date": "2025-11-23",
    "time_in": "08:00:57",
    "time_out": "08:00:57"
  },
  {
    "zk_id": "46",
    "log_date": "2025-11-27",
    "time_in": "07:25:23",
    "time_out": "20:00:14"
  },
  {
    "zk_id": "46",
    "log_date": "2025-11-28",
    "time_in": "07:28:24",
    "time_out": "20:01:18"
  },
  {
    "zk_id": "46",
    "log_date": "2025-11-29",
    "time_in": "19:46:23",
    "time_out": "19:46:23"
  },
  {
    "zk_id": "46",
    "log_date": "2025-11-30",
    "time_in": "08:03:33",
    "time_out": "20:00:37"
  },
  {
    "zk_id": "47",
    "log_date": "2025-11-03",
    "time_in": "07:34:59",
    "time_out": "20:17:52"
  },
  {
    "zk_id": "47",
    "log_date": "2025-11-05",
    "time_in": "19:25:45",
    "time_out": "19:25:45"
  },
  {
    "zk_id": "47",
    "log_date": "2025-11-06",
    "time_in": "08:23:25",
    "time_out": "20:17:18"
  },
  {
    "zk_id": "47",
    "log_date": "2025-11-07",
    "time_in": "08:32:32",
    "time_out": "08:32:32"
  },
  {
    "zk_id": "47",
    "log_date": "2025-11-11",
    "time_in": "07:40:20",
    "time_out": "20:18:27"
  },
  {
    "zk_id": "47",
    "log_date": "2025-11-12",
    "time_in": "11:22:01",
    "time_out": "20:18:51"
  },
  {
    "zk_id": "47",
    "log_date": "2025-11-13",
    "time_in": "19:20:09",
    "time_out": "19:20:09"
  },
  {
    "zk_id": "47",
    "log_date": "2025-11-14",
    "time_in": "08:18:56",
    "time_out": "19:22:48"
  },
  {
    "zk_id": "47",
    "log_date": "2025-11-15",
    "time_in": "08:27:23",
    "time_out": "08:27:23"
  },
  {
    "zk_id": "47",
    "log_date": "2025-11-19",
    "time_in": "07:45:05",
    "time_out": "20:19:03"
  },
  {
    "zk_id": "47",
    "log_date": "2025-11-20",
    "time_in": "07:46:12",
    "time_out": "20:20:34"
  },
  {
    "zk_id": "47",
    "log_date": "2025-11-21",
    "time_in": "19:22:29",
    "time_out": "19:22:29"
  },
  {
    "zk_id": "47",
    "log_date": "2025-11-22",
    "time_in": "08:18:44",
    "time_out": "19:34:24"
  },
  {
    "zk_id": "47",
    "log_date": "2025-11-23",
    "time_in": "08:19:33",
    "time_out": "08:19:33"
  },
  {
    "zk_id": "47",
    "log_date": "2025-11-27",
    "time_in": "07:56:06",
    "time_out": "20:19:08"
  },
  {
    "zk_id": "47",
    "log_date": "2025-11-28",
    "time_in": "07:53:08",
    "time_out": "20:19:46"
  },
  {
    "zk_id": "47",
    "log_date": "2025-11-29",
    "time_in": "19:18:10",
    "time_out": "19:18:10"
  },
  {
    "zk_id": "47",
    "log_date": "2025-11-30",
    "time_in": "08:14:04",
    "time_out": "19:37:26"
  },
  {
    "zk_id": "48",
    "log_date": "2025-11-01",
    "time_in": "08:26:34",
    "time_out": "08:26:34"
  },
  {
    "zk_id": "48",
    "log_date": "2025-11-05",
    "time_in": "07:51:44",
    "time_out": "20:18:00"
  },
  {
    "zk_id": "48",
    "log_date": "2025-11-06",
    "time_in": "07:49:48",
    "time_out": "07:49:48"
  },
  {
    "zk_id": "48",
    "log_date": "2025-11-07",
    "time_in": "07:38:09",
    "time_out": "07:38:09"
  },
  {
    "zk_id": "48",
    "log_date": "2025-11-08",
    "time_in": "08:11:39",
    "time_out": "08:11:39"
  },
  {
    "zk_id": "48",
    "log_date": "2025-11-12",
    "time_in": "07:47:32",
    "time_out": "17:16:29"
  },
  {
    "zk_id": "48",
    "log_date": "2025-11-13",
    "time_in": "07:34:00",
    "time_out": "20:18:09"
  },
  {
    "zk_id": "48",
    "log_date": "2025-11-14",
    "time_in": "07:35:47",
    "time_out": "20:18:52"
  },
  {
    "zk_id": "48",
    "log_date": "2025-11-15",
    "time_in": "19:12:53",
    "time_out": "19:12:53"
  },
  {
    "zk_id": "48",
    "log_date": "2025-11-16",
    "time_in": "08:11:52",
    "time_out": "18:58:57"
  },
  {
    "zk_id": "48",
    "log_date": "2025-11-17",
    "time_in": "08:09:54",
    "time_out": "08:09:54"
  },
  {
    "zk_id": "48",
    "log_date": "2025-11-20",
    "time_in": "07:44:11",
    "time_out": "17:17:07"
  },
  {
    "zk_id": "48",
    "log_date": "2025-11-21",
    "time_in": "07:52:18",
    "time_out": "20:19:18"
  },
  {
    "zk_id": "48",
    "log_date": "2025-11-22",
    "time_in": "07:50:36",
    "time_out": "20:18:41"
  },
  {
    "zk_id": "48",
    "log_date": "2025-11-23",
    "time_in": "07:40:04",
    "time_out": "07:40:04"
  },
  {
    "zk_id": "48",
    "log_date": "2025-11-24",
    "time_in": "08:19:51",
    "time_out": "19:39:17"
  },
  {
    "zk_id": "48",
    "log_date": "2025-11-25",
    "time_in": "08:04:11",
    "time_out": "08:04:11"
  },
  {
    "zk_id": "48",
    "log_date": "2025-11-28",
    "time_in": "07:44:50",
    "time_out": "17:17:54"
  },
  {
    "zk_id": "48",
    "log_date": "2025-11-29",
    "time_in": "07:42:53",
    "time_out": "20:18:55"
  },
  {
    "zk_id": "48",
    "log_date": "2025-11-30",
    "time_in": "07:45:20",
    "time_out": "07:45:20"
  },
  {
    "zk_id": "49",
    "log_date": "2025-11-01",
    "time_in": "08:16:35",
    "time_out": "08:16:35"
  },
  {
    "zk_id": "49",
    "log_date": "2025-11-05",
    "time_in": "07:45:08",
    "time_out": "20:11:31"
  },
  {
    "zk_id": "49",
    "log_date": "2025-11-06",
    "time_in": "07:29:48",
    "time_out": "20:15:42"
  },
  {
    "zk_id": "49",
    "log_date": "2025-11-07",
    "time_in": "20:19:49",
    "time_out": "20:19:49"
  },
  {
    "zk_id": "49",
    "log_date": "2025-11-08",
    "time_in": "08:18:02",
    "time_out": "19:43:56"
  },
  {
    "zk_id": "49",
    "log_date": "2025-11-09",
    "time_in": "08:17:38",
    "time_out": "08:17:38"
  },
  {
    "zk_id": "49",
    "log_date": "2025-11-12",
    "time_in": "07:21:30",
    "time_out": "17:16:45"
  },
  {
    "zk_id": "49",
    "log_date": "2025-11-13",
    "time_in": "07:28:35",
    "time_out": "20:18:02"
  },
  {
    "zk_id": "49",
    "log_date": "2025-11-14",
    "time_in": "07:29:52",
    "time_out": "20:16:41"
  },
  {
    "zk_id": "49",
    "log_date": "2025-11-15",
    "time_in": "19:52:31",
    "time_out": "19:52:31"
  },
  {
    "zk_id": "49",
    "log_date": "2025-11-16",
    "time_in": "08:15:56",
    "time_out": "19:54:36"
  },
  {
    "zk_id": "49",
    "log_date": "2025-11-17",
    "time_in": "08:17:14",
    "time_out": "08:17:14"
  },
  {
    "zk_id": "49",
    "log_date": "2025-11-21",
    "time_in": "07:36:19",
    "time_out": "20:17:43"
  },
  {
    "zk_id": "49",
    "log_date": "2025-11-22",
    "time_in": "07:32:19",
    "time_out": "20:17:10"
  },
  {
    "zk_id": "49",
    "log_date": "2025-11-23",
    "time_in": "19:41:23",
    "time_out": "19:41:23"
  },
  {
    "zk_id": "49",
    "log_date": "2025-11-24",
    "time_in": "08:15:42",
    "time_out": "19:28:39"
  },
  {
    "zk_id": "49",
    "log_date": "2025-11-25",
    "time_in": "08:16:08",
    "time_out": "08:16:08"
  },
  {
    "zk_id": "49",
    "log_date": "2025-11-28",
    "time_in": "07:40:19",
    "time_out": "17:17:51"
  },
  {
    "zk_id": "49",
    "log_date": "2025-11-29",
    "time_in": "07:33:20",
    "time_out": "20:18:19"
  },
  {
    "zk_id": "49",
    "log_date": "2025-11-30",
    "time_in": "07:48:56",
    "time_out": "20:17:51"
  },
  {
    "zk_id": "5",
    "log_date": "2025-11-03",
    "time_in": "08:16:38",
    "time_out": "20:14:53"
  },
  {
    "zk_id": "5",
    "log_date": "2025-11-04",
    "time_in": "08:16:57",
    "time_out": "20:14:39"
  },
  {
    "zk_id": "5",
    "log_date": "2025-11-05",
    "time_in": "19:38:40",
    "time_out": "19:38:40"
  },
  {
    "zk_id": "5",
    "log_date": "2025-11-06",
    "time_in": "08:16:27",
    "time_out": "20:22:30"
  },
  {
    "zk_id": "5",
    "log_date": "2025-11-07",
    "time_in": "08:27:38",
    "time_out": "08:27:38"
  },
  {
    "zk_id": "5",
    "log_date": "2025-11-10",
    "time_in": "08:04:54",
    "time_out": "17:15:24"
  },
  {
    "zk_id": "5",
    "log_date": "2025-11-11",
    "time_in": "08:00:18",
    "time_out": "20:17:14"
  },
  {
    "zk_id": "5",
    "log_date": "2025-11-12",
    "time_in": "11:57:25",
    "time_out": "20:15:44"
  },
  {
    "zk_id": "5",
    "log_date": "2025-11-13",
    "time_in": "19:24:21",
    "time_out": "19:24:21"
  },
  {
    "zk_id": "5",
    "log_date": "2025-11-14",
    "time_in": "08:17:48",
    "time_out": "19:36:29"
  },
  {
    "zk_id": "5",
    "log_date": "2025-11-15",
    "time_in": "08:22:04",
    "time_out": "08:22:04"
  },
  {
    "zk_id": "5",
    "log_date": "2025-11-19",
    "time_in": "08:12:24",
    "time_out": "20:15:55"
  },
  {
    "zk_id": "5",
    "log_date": "2025-11-20",
    "time_in": "07:48:55",
    "time_out": "20:15:11"
  },
  {
    "zk_id": "5",
    "log_date": "2025-11-21",
    "time_in": "19:34:24",
    "time_out": "19:34:24"
  },
  {
    "zk_id": "5",
    "log_date": "2025-11-22",
    "time_in": "08:15:22",
    "time_out": "19:36:56"
  },
  {
    "zk_id": "5",
    "log_date": "2025-11-23",
    "time_in": "08:16:02",
    "time_out": "08:16:02"
  },
  {
    "zk_id": "5",
    "log_date": "2025-11-27",
    "time_in": "08:11:43",
    "time_out": "20:15:52"
  },
  {
    "zk_id": "5",
    "log_date": "2025-11-28",
    "time_in": "07:46:25",
    "time_out": "20:16:16"
  },
  {
    "zk_id": "5",
    "log_date": "2025-11-30",
    "time_in": "20:09:29",
    "time_out": "20:09:29"
  },
  {
    "zk_id": "50",
    "log_date": "2025-11-01",
    "time_in": "07:54:39",
    "time_out": "20:09:55"
  },
  {
    "zk_id": "50",
    "log_date": "2025-11-02",
    "time_in": "07:48:02",
    "time_out": "20:12:41"
  },
  {
    "zk_id": "50",
    "log_date": "2025-11-03",
    "time_in": "19:33:42",
    "time_out": "19:33:42"
  },
  {
    "zk_id": "50",
    "log_date": "2025-11-04",
    "time_in": "08:24:00",
    "time_out": "19:10:35"
  },
  {
    "zk_id": "50",
    "log_date": "2025-11-05",
    "time_in": "20:17:41",
    "time_out": "20:17:41"
  },
  {
    "zk_id": "50",
    "log_date": "2025-11-06",
    "time_in": "07:57:49",
    "time_out": "20:03:24"
  },
  {
    "zk_id": "50",
    "log_date": "2025-11-07",
    "time_in": "07:56:41",
    "time_out": "20:06:28"
  },
  {
    "zk_id": "50",
    "log_date": "2025-11-09",
    "time_in": "08:05:07",
    "time_out": "20:16:07"
  },
  {
    "zk_id": "50",
    "log_date": "2025-11-10",
    "time_in": "07:45:09",
    "time_out": "20:17:18"
  },
  {
    "zk_id": "50",
    "log_date": "2025-11-11",
    "time_in": "19:40:12",
    "time_out": "19:40:12"
  },
  {
    "zk_id": "50",
    "log_date": "2025-11-12",
    "time_in": "08:17:30",
    "time_out": "19:40:26"
  },
  {
    "zk_id": "50",
    "log_date": "2025-11-13",
    "time_in": "08:14:27",
    "time_out": "19:55:07"
  },
  {
    "zk_id": "50",
    "log_date": "2025-11-14",
    "time_in": "08:19:29",
    "time_out": "08:19:29"
  },
  {
    "zk_id": "50",
    "log_date": "2025-11-17",
    "time_in": "08:58:23",
    "time_out": "20:17:43"
  },
  {
    "zk_id": "50",
    "log_date": "2025-11-18",
    "time_in": "07:43:51",
    "time_out": "20:17:57"
  },
  {
    "zk_id": "50",
    "log_date": "2025-11-19",
    "time_in": "19:53:42",
    "time_out": "19:53:42"
  },
  {
    "zk_id": "50",
    "log_date": "2025-11-20",
    "time_in": "08:13:48",
    "time_out": "19:33:46"
  },
  {
    "zk_id": "50",
    "log_date": "2025-11-21",
    "time_in": "17:17:51",
    "time_out": "17:17:51"
  },
  {
    "zk_id": "50",
    "log_date": "2025-11-22",
    "time_in": "07:50:51",
    "time_out": "17:16:51"
  },
  {
    "zk_id": "50",
    "log_date": "2025-11-23",
    "time_in": "07:56:13",
    "time_out": "17:19:49"
  },
  {
    "zk_id": "50",
    "log_date": "2025-11-24",
    "time_in": "08:02:20",
    "time_out": "17:16:53"
  },
  {
    "zk_id": "50",
    "log_date": "2025-11-25",
    "time_in": "08:10:49",
    "time_out": "20:11:41"
  },
  {
    "zk_id": "50",
    "log_date": "2025-11-26",
    "time_in": "07:47:34",
    "time_out": "20:17:29"
  },
  {
    "zk_id": "50",
    "log_date": "2025-11-27",
    "time_in": "19:48:58",
    "time_out": "19:48:58"
  },
  {
    "zk_id": "50",
    "log_date": "2025-11-28",
    "time_in": "08:17:51",
    "time_out": "19:48:42"
  },
  {
    "zk_id": "50",
    "log_date": "2025-11-29",
    "time_in": "08:18:20",
    "time_out": "08:18:20"
  },
  {
    "zk_id": "51",
    "log_date": "2025-11-06",
    "time_in": "07:44:25",
    "time_out": "17:16:21"
  },
  {
    "zk_id": "51",
    "log_date": "2025-11-07",
    "time_in": "07:52:33",
    "time_out": "20:15:44"
  },
  {
    "zk_id": "51",
    "log_date": "2025-11-08",
    "time_in": "07:52:16",
    "time_out": "20:13:25"
  },
  {
    "zk_id": "51",
    "log_date": "2025-11-09",
    "time_in": "19:36:12",
    "time_out": "19:36:12"
  },
  {
    "zk_id": "51",
    "log_date": "2025-11-10",
    "time_in": "08:16:42",
    "time_out": "19:55:14"
  },
  {
    "zk_id": "51",
    "log_date": "2025-11-11",
    "time_in": "08:29:20",
    "time_out": "08:29:20"
  },
  {
    "zk_id": "51",
    "log_date": "2025-11-14",
    "time_in": "07:51:51",
    "time_out": "17:15:48"
  },
  {
    "zk_id": "51",
    "log_date": "2025-11-15",
    "time_in": "07:50:59",
    "time_out": "20:15:43"
  },
  {
    "zk_id": "51",
    "log_date": "2025-11-16",
    "time_in": "07:51:08",
    "time_out": "20:15:58"
  },
  {
    "zk_id": "51",
    "log_date": "2025-11-17",
    "time_in": "19:42:45",
    "time_out": "19:42:45"
  },
  {
    "zk_id": "51",
    "log_date": "2025-11-18",
    "time_in": "08:17:32",
    "time_out": "19:30:04"
  },
  {
    "zk_id": "51",
    "log_date": "2025-11-19",
    "time_in": "08:21:37",
    "time_out": "08:21:37"
  },
  {
    "zk_id": "51",
    "log_date": "2025-11-22",
    "time_in": "07:52:48",
    "time_out": "17:15:49"
  },
  {
    "zk_id": "51",
    "log_date": "2025-11-23",
    "time_in": "07:50:12",
    "time_out": "20:16:25"
  },
  {
    "zk_id": "51",
    "log_date": "2025-11-24",
    "time_in": "07:52:09",
    "time_out": "20:08:22"
  },
  {
    "zk_id": "51",
    "log_date": "2025-11-25",
    "time_in": "19:49:15",
    "time_out": "19:49:15"
  },
  {
    "zk_id": "51",
    "log_date": "2025-11-26",
    "time_in": "08:16:31",
    "time_out": "19:30:10"
  },
  {
    "zk_id": "51",
    "log_date": "2025-11-27",
    "time_in": "08:16:30",
    "time_out": "08:16:30"
  },
  {
    "zk_id": "52",
    "log_date": "2025-11-02",
    "time_in": "07:44:31",
    "time_out": "20:16:19"
  },
  {
    "zk_id": "52",
    "log_date": "2025-11-03",
    "time_in": "19:16:01",
    "time_out": "19:16:01"
  },
  {
    "zk_id": "52",
    "log_date": "2025-11-04",
    "time_in": "08:22:19",
    "time_out": "08:22:19"
  },
  {
    "zk_id": "52",
    "log_date": "2025-11-09",
    "time_in": "07:37:37",
    "time_out": "20:11:22"
  },
  {
    "zk_id": "52",
    "log_date": "2025-11-10",
    "time_in": "07:47:15",
    "time_out": "20:17:12"
  },
  {
    "zk_id": "52",
    "log_date": "2025-11-11",
    "time_in": "19:33:39",
    "time_out": "19:33:39"
  },
  {
    "zk_id": "52",
    "log_date": "2025-11-12",
    "time_in": "08:16:58",
    "time_out": "19:20:29"
  },
  {
    "zk_id": "52",
    "log_date": "2025-11-13",
    "time_in": "08:18:12",
    "time_out": "08:18:12"
  },
  {
    "zk_id": "52",
    "log_date": "2025-11-17",
    "time_in": "07:45:36",
    "time_out": "20:17:15"
  },
  {
    "zk_id": "52",
    "log_date": "2025-11-18",
    "time_in": "07:48:14",
    "time_out": "07:48:14"
  },
  {
    "zk_id": "52",
    "log_date": "2025-11-19",
    "time_in": "19:49:29",
    "time_out": "19:49:29"
  },
  {
    "zk_id": "52",
    "log_date": "2025-11-20",
    "time_in": "08:20:34",
    "time_out": "19:31:39"
  },
  {
    "zk_id": "52",
    "log_date": "2025-11-21",
    "time_in": "17:03:08",
    "time_out": "17:03:08"
  },
  {
    "zk_id": "52",
    "log_date": "2025-11-22",
    "time_in": "07:47:11",
    "time_out": "17:15:38"
  },
  {
    "zk_id": "52",
    "log_date": "2025-11-24",
    "time_in": "07:45:27",
    "time_out": "17:16:07"
  },
  {
    "zk_id": "52",
    "log_date": "2025-11-25",
    "time_in": "20:11:32",
    "time_out": "20:11:32"
  },
  {
    "zk_id": "52",
    "log_date": "2025-11-26",
    "time_in": "07:46:39",
    "time_out": "20:17:11"
  },
  {
    "zk_id": "52",
    "log_date": "2025-11-27",
    "time_in": "19:29:17",
    "time_out": "19:29:17"
  },
  {
    "zk_id": "52",
    "log_date": "2025-11-28",
    "time_in": "08:17:43",
    "time_out": "19:22:14"
  },
  {
    "zk_id": "52",
    "log_date": "2025-11-29",
    "time_in": "08:16:55",
    "time_out": "08:16:55"
  },
  {
    "zk_id": "53",
    "log_date": "2025-11-01",
    "time_in": "08:18:20",
    "time_out": "08:18:20"
  },
  {
    "zk_id": "53",
    "log_date": "2025-11-07",
    "time_in": "19:18:58",
    "time_out": "19:18:58"
  },
  {
    "zk_id": "53",
    "log_date": "2025-11-08",
    "time_in": "08:19:10",
    "time_out": "19:30:39"
  },
  {
    "zk_id": "53",
    "log_date": "2025-11-09",
    "time_in": "08:17:43",
    "time_out": "08:17:43"
  },
  {
    "zk_id": "53",
    "log_date": "2025-11-12",
    "time_in": "07:46:05",
    "time_out": "17:17:08"
  },
  {
    "zk_id": "53",
    "log_date": "2025-11-13",
    "time_in": "07:39:21",
    "time_out": "20:17:03"
  },
  {
    "zk_id": "53",
    "log_date": "2025-11-14",
    "time_in": "08:16:35",
    "time_out": "20:17:10"
  },
  {
    "zk_id": "53",
    "log_date": "2025-11-15",
    "time_in": "19:24:53",
    "time_out": "19:24:53"
  },
  {
    "zk_id": "53",
    "log_date": "2025-11-16",
    "time_in": "08:18:17",
    "time_out": "19:34:09"
  },
  {
    "zk_id": "53",
    "log_date": "2025-11-17",
    "time_in": "08:10:14",
    "time_out": "08:10:14"
  },
  {
    "zk_id": "53",
    "log_date": "2025-11-20",
    "time_in": "07:44:18",
    "time_out": "17:17:31"
  },
  {
    "zk_id": "53",
    "log_date": "2025-11-21",
    "time_in": "07:56:03",
    "time_out": "20:18:56"
  },
  {
    "zk_id": "53",
    "log_date": "2025-11-22",
    "time_in": "07:56:51",
    "time_out": "20:17:46"
  },
  {
    "zk_id": "53",
    "log_date": "2025-11-23",
    "time_in": "07:52:11",
    "time_out": "18:49:26"
  },
  {
    "zk_id": "53",
    "log_date": "2025-11-24",
    "time_in": "08:20:02",
    "time_out": "19:39:30"
  },
  {
    "zk_id": "53",
    "log_date": "2025-11-25",
    "time_in": "08:05:50",
    "time_out": "08:05:50"
  },
  {
    "zk_id": "53",
    "log_date": "2025-11-28",
    "time_in": "07:51:42",
    "time_out": "16:21:27"
  },
  {
    "zk_id": "53",
    "log_date": "2025-11-29",
    "time_in": "07:55:02",
    "time_out": "20:19:03"
  },
  {
    "zk_id": "53",
    "log_date": "2025-11-30",
    "time_in": "07:49:08",
    "time_out": "20:17:25"
  },
  {
    "zk_id": "54",
    "log_date": "2025-11-02",
    "time_in": "18:36:59",
    "time_out": "18:36:59"
  },
  {
    "zk_id": "54",
    "log_date": "2025-11-03",
    "time_in": "08:16:40",
    "time_out": "08:16:40"
  },
  {
    "zk_id": "54",
    "log_date": "2025-11-06",
    "time_in": "08:00:16",
    "time_out": "17:19:41"
  },
  {
    "zk_id": "54",
    "log_date": "2025-11-07",
    "time_in": "08:03:48",
    "time_out": "20:16:09"
  },
  {
    "zk_id": "54",
    "log_date": "2025-11-08",
    "time_in": "07:53:40",
    "time_out": "20:13:29"
  },
  {
    "zk_id": "54",
    "log_date": "2025-11-09",
    "time_in": "19:57:01",
    "time_out": "19:57:01"
  },
  {
    "zk_id": "54",
    "log_date": "2025-11-10",
    "time_in": "08:16:19",
    "time_out": "19:52:37"
  },
  {
    "zk_id": "54",
    "log_date": "2025-11-11",
    "time_in": "08:34:20",
    "time_out": "08:34:20"
  },
  {
    "zk_id": "54",
    "log_date": "2025-11-14",
    "time_in": "07:52:23",
    "time_out": "17:16:33"
  },
  {
    "zk_id": "54",
    "log_date": "2025-11-15",
    "time_in": "08:16:11",
    "time_out": "20:15:51"
  },
  {
    "zk_id": "54",
    "log_date": "2025-11-16",
    "time_in": "07:49:00",
    "time_out": "20:16:06"
  },
  {
    "zk_id": "54",
    "log_date": "2025-11-17",
    "time_in": "19:42:48",
    "time_out": "19:42:48"
  },
  {
    "zk_id": "54",
    "log_date": "2025-11-18",
    "time_in": "08:17:13",
    "time_out": "19:52:58"
  },
  {
    "zk_id": "54",
    "log_date": "2025-11-19",
    "time_in": "08:21:41",
    "time_out": "08:21:41"
  },
  {
    "zk_id": "54",
    "log_date": "2025-11-22",
    "time_in": "08:02:13",
    "time_out": "17:17:40"
  },
  {
    "zk_id": "54",
    "log_date": "2025-11-23",
    "time_in": "08:16:58",
    "time_out": "20:16:42"
  },
  {
    "zk_id": "54",
    "log_date": "2025-11-24",
    "time_in": "07:57:18",
    "time_out": "20:16:43"
  },
  {
    "zk_id": "54",
    "log_date": "2025-11-25",
    "time_in": "19:44:45",
    "time_out": "19:44:45"
  },
  {
    "zk_id": "54",
    "log_date": "2025-11-26",
    "time_in": "08:16:41",
    "time_out": "19:39:23"
  },
  {
    "zk_id": "54",
    "log_date": "2025-11-27",
    "time_in": "08:16:21",
    "time_out": "08:16:21"
  },
  {
    "zk_id": "55",
    "log_date": "2025-11-01",
    "time_in": "07:48:15",
    "time_out": "20:14:58"
  },
  {
    "zk_id": "55",
    "log_date": "2025-11-02",
    "time_in": "08:02:54",
    "time_out": "20:15:08"
  },
  {
    "zk_id": "55",
    "log_date": "2025-11-03",
    "time_in": "19:52:53",
    "time_out": "19:52:53"
  },
  {
    "zk_id": "55",
    "log_date": "2025-11-04",
    "time_in": "08:21:41",
    "time_out": "19:41:12"
  },
  {
    "zk_id": "55",
    "log_date": "2025-11-05",
    "time_in": "08:17:02",
    "time_out": "08:17:02"
  },
  {
    "zk_id": "55",
    "log_date": "2025-11-09",
    "time_in": "07:45:50",
    "time_out": "20:13:19"
  },
  {
    "zk_id": "55",
    "log_date": "2025-11-10",
    "time_in": "07:39:50",
    "time_out": "20:16:04"
  },
  {
    "zk_id": "55",
    "log_date": "2025-11-11",
    "time_in": "19:34:08",
    "time_out": "19:34:08"
  },
  {
    "zk_id": "55",
    "log_date": "2025-11-12",
    "time_in": "08:17:22",
    "time_out": "19:33:59"
  },
  {
    "zk_id": "55",
    "log_date": "2025-11-13",
    "time_in": "08:18:03",
    "time_out": "19:38:04"
  },
  {
    "zk_id": "55",
    "log_date": "2025-11-14",
    "time_in": "08:17:46",
    "time_out": "08:17:46"
  },
  {
    "zk_id": "55",
    "log_date": "2025-11-16",
    "time_in": "07:40:38",
    "time_out": "20:16:07"
  },
  {
    "zk_id": "55",
    "log_date": "2025-11-17",
    "time_in": "07:39:35",
    "time_out": "20:15:52"
  },
  {
    "zk_id": "55",
    "log_date": "2025-11-18",
    "time_in": "07:51:23",
    "time_out": "20:17:40"
  },
  {
    "zk_id": "55",
    "log_date": "2025-11-19",
    "time_in": "19:52:04",
    "time_out": "19:52:04"
  },
  {
    "zk_id": "55",
    "log_date": "2025-11-20",
    "time_in": "08:18:54",
    "time_out": "19:47:28"
  },
  {
    "zk_id": "55",
    "log_date": "2025-11-21",
    "time_in": "08:16:13",
    "time_out": "08:16:13"
  },
  {
    "zk_id": "55",
    "log_date": "2025-11-22",
    "time_in": "07:58:27",
    "time_out": "17:17:44"
  },
  {
    "zk_id": "55",
    "log_date": "2025-11-23",
    "time_in": "07:55:10",
    "time_out": "17:16:35"
  },
  {
    "zk_id": "55",
    "log_date": "2025-11-24",
    "time_in": "08:07:10",
    "time_out": "17:16:40"
  },
  {
    "zk_id": "55",
    "log_date": "2025-11-25",
    "time_in": "07:53:51",
    "time_out": "20:14:03"
  },
  {
    "zk_id": "55",
    "log_date": "2025-11-26",
    "time_in": "07:52:36",
    "time_out": "20:06:54"
  },
  {
    "zk_id": "55",
    "log_date": "2025-11-27",
    "time_in": "19:43:11",
    "time_out": "19:43:11"
  },
  {
    "zk_id": "55",
    "log_date": "2025-11-28",
    "time_in": "08:17:35",
    "time_out": "19:38:04"
  },
  {
    "zk_id": "55",
    "log_date": "2025-11-29",
    "time_in": "08:16:44",
    "time_out": "08:16:44"
  },
  {
    "zk_id": "56",
    "log_date": "2025-11-05",
    "time_in": "07:58:17",
    "time_out": "20:17:55"
  },
  {
    "zk_id": "56",
    "log_date": "2025-11-06",
    "time_in": "07:58:51",
    "time_out": "18:09:10"
  },
  {
    "zk_id": "56",
    "log_date": "2025-11-07",
    "time_in": "19:56:17",
    "time_out": "19:56:17"
  },
  {
    "zk_id": "56",
    "log_date": "2025-11-08",
    "time_in": "08:18:28",
    "time_out": "19:47:15"
  },
  {
    "zk_id": "56",
    "log_date": "2025-11-09",
    "time_in": "08:01:14",
    "time_out": "08:01:14"
  },
  {
    "zk_id": "56",
    "log_date": "2025-11-12",
    "time_in": "07:50:48",
    "time_out": "17:15:23"
  },
  {
    "zk_id": "56",
    "log_date": "2025-11-13",
    "time_in": "07:56:21",
    "time_out": "20:18:24"
  },
  {
    "zk_id": "56",
    "log_date": "2025-11-14",
    "time_in": "07:54:28",
    "time_out": "20:18:56"
  },
  {
    "zk_id": "56",
    "log_date": "2025-11-15",
    "time_in": "19:47:37",
    "time_out": "19:47:37"
  },
  {
    "zk_id": "56",
    "log_date": "2025-11-16",
    "time_in": "08:18:07",
    "time_out": "08:18:07"
  },
  {
    "zk_id": "56",
    "log_date": "2025-11-20",
    "time_in": "07:53:37",
    "time_out": "17:16:35"
  },
  {
    "zk_id": "56",
    "log_date": "2025-11-21",
    "time_in": "07:52:55",
    "time_out": "20:17:18"
  },
  {
    "zk_id": "56",
    "log_date": "2025-11-23",
    "time_in": "19:51:30",
    "time_out": "19:51:30"
  },
  {
    "zk_id": "56",
    "log_date": "2025-11-24",
    "time_in": "08:16:53",
    "time_out": "19:40:58"
  },
  {
    "zk_id": "56",
    "log_date": "2025-11-25",
    "time_in": "08:04:25",
    "time_out": "08:04:25"
  },
  {
    "zk_id": "56",
    "log_date": "2025-11-28",
    "time_in": "07:54:43",
    "time_out": "17:17:42"
  },
  {
    "zk_id": "56",
    "log_date": "2025-11-29",
    "time_in": "07:51:49",
    "time_out": "20:17:52"
  },
  {
    "zk_id": "56",
    "log_date": "2025-11-30",
    "time_in": "07:56:57",
    "time_out": "19:10:48"
  },
  {
    "zk_id": "57",
    "log_date": "2025-11-01",
    "time_in": "07:46:38",
    "time_out": "07:46:38"
  },
  {
    "zk_id": "57",
    "log_date": "2025-11-02",
    "time_in": "08:17:47",
    "time_out": "08:17:47"
  },
  {
    "zk_id": "57",
    "log_date": "2025-11-03",
    "time_in": "19:27:51",
    "time_out": "19:27:51"
  },
  {
    "zk_id": "57",
    "log_date": "2025-11-04",
    "time_in": "08:21:28",
    "time_out": "19:41:30"
  },
  {
    "zk_id": "57",
    "log_date": "2025-11-05",
    "time_in": "08:16:54",
    "time_out": "08:16:54"
  },
  {
    "zk_id": "57",
    "log_date": "2025-11-09",
    "time_in": "07:35:20",
    "time_out": "20:13:26"
  },
  {
    "zk_id": "57",
    "log_date": "2025-11-10",
    "time_in": "07:32:57",
    "time_out": "07:32:57"
  },
  {
    "zk_id": "57",
    "log_date": "2025-11-11",
    "time_in": "19:20:29",
    "time_out": "19:20:29"
  },
  {
    "zk_id": "57",
    "log_date": "2025-11-12",
    "time_in": "08:16:54",
    "time_out": "19:08:21"
  },
  {
    "zk_id": "57",
    "log_date": "2025-11-13",
    "time_in": "06:19:08",
    "time_out": "06:19:08"
  },
  {
    "zk_id": "57",
    "log_date": "2025-11-17",
    "time_in": "07:42:32",
    "time_out": "20:15:45"
  },
  {
    "zk_id": "57",
    "log_date": "2025-11-18",
    "time_in": "07:29:45",
    "time_out": "20:16:00"
  },
  {
    "zk_id": "57",
    "log_date": "2025-11-19",
    "time_in": "19:38:08",
    "time_out": "19:38:08"
  },
  {
    "zk_id": "57",
    "log_date": "2025-11-20",
    "time_in": "08:18:40",
    "time_out": "19:14:48"
  },
  {
    "zk_id": "57",
    "log_date": "2025-11-21",
    "time_in": "17:01:39",
    "time_out": "17:01:39"
  },
  {
    "zk_id": "57",
    "log_date": "2025-11-22",
    "time_in": "07:33:53",
    "time_out": "17:16:39"
  },
  {
    "zk_id": "57",
    "log_date": "2025-11-24",
    "time_in": "07:30:53",
    "time_out": "17:16:13"
  },
  {
    "zk_id": "57",
    "log_date": "2025-11-25",
    "time_in": "07:52:01",
    "time_out": "20:14:00"
  },
  {
    "zk_id": "57",
    "log_date": "2025-11-26",
    "time_in": "20:06:52",
    "time_out": "20:06:52"
  },
  {
    "zk_id": "57",
    "log_date": "2025-11-27",
    "time_in": "19:28:50",
    "time_out": "19:28:50"
  },
  {
    "zk_id": "57",
    "log_date": "2025-11-28",
    "time_in": "08:17:33",
    "time_out": "19:29:43"
  },
  {
    "zk_id": "57",
    "log_date": "2025-11-29",
    "time_in": "08:16:34",
    "time_out": "19:23:14"
  },
  {
    "zk_id": "57",
    "log_date": "2025-11-30",
    "time_in": "08:11:33",
    "time_out": "08:11:33"
  },
  {
    "zk_id": "58",
    "log_date": "2025-11-01",
    "time_in": "07:45:54",
    "time_out": "19:48:14"
  },
  {
    "zk_id": "58",
    "log_date": "2025-11-02",
    "time_in": "08:16:29",
    "time_out": "19:13:48"
  },
  {
    "zk_id": "58",
    "log_date": "2025-11-03",
    "time_in": "08:15:50",
    "time_out": "08:15:50"
  },
  {
    "zk_id": "58",
    "log_date": "2025-11-07",
    "time_in": "07:44:35",
    "time_out": "20:19:34"
  },
  {
    "zk_id": "58",
    "log_date": "2025-11-08",
    "time_in": "07:43:42",
    "time_out": "20:11:21"
  },
  {
    "zk_id": "58",
    "log_date": "2025-11-09",
    "time_in": "19:23:06",
    "time_out": "19:23:06"
  },
  {
    "zk_id": "58",
    "log_date": "2025-11-10",
    "time_in": "08:16:51",
    "time_out": "19:25:20"
  },
  {
    "zk_id": "58",
    "log_date": "2025-11-11",
    "time_in": "08:27:26",
    "time_out": "08:27:26"
  },
  {
    "zk_id": "58",
    "log_date": "2025-11-13",
    "time_in": "07:41:29",
    "time_out": "17:16:33"
  },
  {
    "zk_id": "58",
    "log_date": "2025-11-14",
    "time_in": "07:38:15",
    "time_out": "17:16:27"
  },
  {
    "zk_id": "58",
    "log_date": "2025-11-15",
    "time_in": "07:44:51",
    "time_out": "20:15:21"
  },
  {
    "zk_id": "58",
    "log_date": "2025-11-16",
    "time_in": "07:41:52",
    "time_out": "20:19:07"
  },
  {
    "zk_id": "58",
    "log_date": "2025-11-17",
    "time_in": "19:30:56",
    "time_out": "19:30:56"
  },
  {
    "zk_id": "58",
    "log_date": "2025-11-18",
    "time_in": "08:17:50",
    "time_out": "19:40:44"
  },
  {
    "zk_id": "58",
    "log_date": "2025-11-19",
    "time_in": "08:23:27",
    "time_out": "08:23:27"
  },
  {
    "zk_id": "58",
    "log_date": "2025-11-21",
    "time_in": "07:30:47",
    "time_out": "17:01:17"
  },
  {
    "zk_id": "58",
    "log_date": "2025-11-22",
    "time_in": "07:32:09",
    "time_out": "20:17:24"
  },
  {
    "zk_id": "58",
    "log_date": "2025-11-23",
    "time_in": "07:39:49",
    "time_out": "20:19:30"
  },
  {
    "zk_id": "58",
    "log_date": "2025-11-24",
    "time_in": "07:35:40",
    "time_out": "20:16:26"
  },
  {
    "zk_id": "58",
    "log_date": "2025-11-25",
    "time_in": "19:20:43",
    "time_out": "19:20:43"
  },
  {
    "zk_id": "58",
    "log_date": "2025-11-26",
    "time_in": "08:17:37",
    "time_out": "19:25:09"
  },
  {
    "zk_id": "59",
    "log_date": "2025-11-01",
    "time_in": "08:18:01",
    "time_out": "08:18:01"
  },
  {
    "zk_id": "59",
    "log_date": "2025-11-05",
    "time_in": "08:06:54",
    "time_out": "20:11:26"
  },
  {
    "zk_id": "59",
    "log_date": "2025-11-06",
    "time_in": "07:48:22",
    "time_out": "07:48:22"
  },
  {
    "zk_id": "59",
    "log_date": "2025-11-07",
    "time_in": "19:37:35",
    "time_out": "19:37:35"
  },
  {
    "zk_id": "59",
    "log_date": "2025-11-08",
    "time_in": "08:11:26",
    "time_out": "19:33:32"
  },
  {
    "zk_id": "59",
    "log_date": "2025-11-09",
    "time_in": "07:54:56",
    "time_out": "07:54:56"
  },
  {
    "zk_id": "59",
    "log_date": "2025-11-13",
    "time_in": "08:05:00",
    "time_out": "20:18:12"
  },
  {
    "zk_id": "59",
    "log_date": "2025-11-14",
    "time_in": "07:40:51",
    "time_out": "20:15:39"
  },
  {
    "zk_id": "59",
    "log_date": "2025-11-15",
    "time_in": "19:50:54",
    "time_out": "19:50:54"
  },
  {
    "zk_id": "59",
    "log_date": "2025-11-16",
    "time_in": "08:18:13",
    "time_out": "19:29:12"
  },
  {
    "zk_id": "59",
    "log_date": "2025-11-17",
    "time_in": "08:05:30",
    "time_out": "08:05:30"
  },
  {
    "zk_id": "59",
    "log_date": "2025-11-20",
    "time_in": "08:02:20",
    "time_out": "17:16:46"
  },
  {
    "zk_id": "59",
    "log_date": "2025-11-21",
    "time_in": "07:37:43",
    "time_out": "19:21:02"
  },
  {
    "zk_id": "59",
    "log_date": "2025-11-23",
    "time_in": "19:49:25",
    "time_out": "19:49:25"
  },
  {
    "zk_id": "59",
    "log_date": "2025-11-24",
    "time_in": "08:16:57",
    "time_out": "19:48:44"
  },
  {
    "zk_id": "59",
    "log_date": "2025-11-25",
    "time_in": "08:15:37",
    "time_out": "08:15:37"
  },
  {
    "zk_id": "59",
    "log_date": "2025-11-28",
    "time_in": "12:50:20",
    "time_out": "17:17:37"
  },
  {
    "zk_id": "59",
    "log_date": "2025-11-29",
    "time_in": "07:42:34",
    "time_out": "19:01:05"
  },
  {
    "zk_id": "59",
    "log_date": "2025-11-30",
    "time_in": "07:40:37",
    "time_out": "20:11:39"
  },
  {
    "zk_id": "6",
    "log_date": "2025-11-03",
    "time_in": "07:35:29",
    "time_out": "20:15:00"
  },
  {
    "zk_id": "6",
    "log_date": "2025-11-04",
    "time_in": "07:46:42",
    "time_out": "20:14:57"
  },
  {
    "zk_id": "6",
    "log_date": "2025-11-10",
    "time_in": "07:27:55",
    "time_out": "17:15:21"
  },
  {
    "zk_id": "6",
    "log_date": "2025-11-11",
    "time_in": "07:38:13",
    "time_out": "20:17:21"
  },
  {
    "zk_id": "6",
    "log_date": "2025-11-12",
    "time_in": "07:36:27",
    "time_out": "20:14:48"
  },
  {
    "zk_id": "6",
    "log_date": "2025-11-13",
    "time_in": "19:24:25",
    "time_out": "19:24:25"
  },
  {
    "zk_id": "6",
    "log_date": "2025-11-14",
    "time_in": "08:17:53",
    "time_out": "19:36:35"
  },
  {
    "zk_id": "6",
    "log_date": "2025-11-15",
    "time_in": "08:22:06",
    "time_out": "08:22:06"
  },
  {
    "zk_id": "6",
    "log_date": "2025-11-19",
    "time_in": "07:25:21",
    "time_out": "20:15:58"
  },
  {
    "zk_id": "6",
    "log_date": "2025-11-20",
    "time_in": "07:31:01",
    "time_out": "20:15:58"
  },
  {
    "zk_id": "6",
    "log_date": "2025-11-21",
    "time_in": "19:34:27",
    "time_out": "19:34:27"
  },
  {
    "zk_id": "6",
    "log_date": "2025-11-22",
    "time_in": "08:15:26",
    "time_out": "19:17:39"
  },
  {
    "zk_id": "6",
    "log_date": "2025-11-23",
    "time_in": "08:16:06",
    "time_out": "08:16:06"
  },
  {
    "zk_id": "6",
    "log_date": "2025-11-27",
    "time_in": "07:25:18",
    "time_out": "20:15:49"
  },
  {
    "zk_id": "6",
    "log_date": "2025-11-28",
    "time_in": "07:40:20",
    "time_out": "20:16:12"
  },
  {
    "zk_id": "6",
    "log_date": "2025-11-29",
    "time_in": "18:48:03",
    "time_out": "18:48:03"
  },
  {
    "zk_id": "6",
    "log_date": "2025-11-30",
    "time_in": "08:11:43",
    "time_out": "19:37:10"
  },
  {
    "zk_id": "60",
    "log_date": "2025-11-01",
    "time_in": "20:09:53",
    "time_out": "20:09:53"
  },
  {
    "zk_id": "60",
    "log_date": "2025-11-02",
    "time_in": "20:12:43",
    "time_out": "20:12:43"
  },
  {
    "zk_id": "60",
    "log_date": "2025-11-03",
    "time_in": "18:49:29",
    "time_out": "18:49:29"
  },
  {
    "zk_id": "60",
    "log_date": "2025-11-04",
    "time_in": "08:23:51",
    "time_out": "08:23:51"
  },
  {
    "zk_id": "60",
    "log_date": "2025-11-11",
    "time_in": "19:43:04",
    "time_out": "19:43:04"
  },
  {
    "zk_id": "60",
    "log_date": "2025-11-12",
    "time_in": "08:17:16",
    "time_out": "19:28:28"
  },
  {
    "zk_id": "60",
    "log_date": "2025-11-13",
    "time_in": "08:17:51",
    "time_out": "08:17:51"
  },
  {
    "zk_id": "60",
    "log_date": "2025-11-17",
    "time_in": "07:50:06",
    "time_out": "20:17:45"
  },
  {
    "zk_id": "60",
    "log_date": "2025-11-18",
    "time_in": "07:43:56",
    "time_out": "20:18:19"
  },
  {
    "zk_id": "60",
    "log_date": "2025-11-19",
    "time_in": "19:50:24",
    "time_out": "19:50:24"
  },
  {
    "zk_id": "60",
    "log_date": "2025-11-20",
    "time_in": "08:20:37",
    "time_out": "19:47:33"
  },
  {
    "zk_id": "60",
    "log_date": "2025-11-21",
    "time_in": "17:16:42",
    "time_out": "17:16:42"
  },
  {
    "zk_id": "60",
    "log_date": "2025-11-22",
    "time_in": "07:44:30",
    "time_out": "17:16:54"
  },
  {
    "zk_id": "60",
    "log_date": "2025-11-24",
    "time_in": "07:57:04",
    "time_out": "17:16:38"
  },
  {
    "zk_id": "60",
    "log_date": "2025-11-25",
    "time_in": "08:11:02",
    "time_out": "20:11:36"
  },
  {
    "zk_id": "60",
    "log_date": "2025-11-26",
    "time_in": "07:57:25",
    "time_out": "20:17:17"
  },
  {
    "zk_id": "60",
    "log_date": "2025-11-27",
    "time_in": "19:42:15",
    "time_out": "19:42:15"
  },
  {
    "zk_id": "60",
    "log_date": "2025-11-28",
    "time_in": "08:10:01",
    "time_out": "19:26:27"
  },
  {
    "zk_id": "60",
    "log_date": "2025-11-29",
    "time_in": "08:17:02",
    "time_out": "08:17:02"
  },
  {
    "zk_id": "62",
    "log_date": "2025-11-01",
    "time_in": "07:37:25",
    "time_out": "20:09:59"
  },
  {
    "zk_id": "62",
    "log_date": "2025-11-02",
    "time_in": "07:25:30",
    "time_out": "20:12:46"
  },
  {
    "zk_id": "62",
    "log_date": "2025-11-03",
    "time_in": "18:58:52",
    "time_out": "18:58:52"
  },
  {
    "zk_id": "62",
    "log_date": "2025-11-04",
    "time_in": "08:22:11",
    "time_out": "19:34:55"
  },
  {
    "zk_id": "62",
    "log_date": "2025-11-05",
    "time_in": "08:17:35",
    "time_out": "08:17:35"
  },
  {
    "zk_id": "62",
    "log_date": "2025-11-09",
    "time_in": "07:41:21",
    "time_out": "20:16:03"
  },
  {
    "zk_id": "62",
    "log_date": "2025-11-10",
    "time_in": "07:08:46",
    "time_out": "20:17:20"
  },
  {
    "zk_id": "62",
    "log_date": "2025-11-11",
    "time_in": "18:43:00",
    "time_out": "18:43:00"
  },
  {
    "zk_id": "62",
    "log_date": "2025-11-12",
    "time_in": "08:16:23",
    "time_out": "19:27:51"
  },
  {
    "zk_id": "62",
    "log_date": "2025-11-13",
    "time_in": "08:14:32",
    "time_out": "19:17:07"
  },
  {
    "zk_id": "62",
    "log_date": "2025-11-14",
    "time_in": "08:19:34",
    "time_out": "08:19:34"
  },
  {
    "zk_id": "62",
    "log_date": "2025-11-17",
    "time_in": "07:39:54",
    "time_out": "20:15:37"
  },
  {
    "zk_id": "62",
    "log_date": "2025-11-18",
    "time_in": "07:50:38",
    "time_out": "20:17:33"
  },
  {
    "zk_id": "62",
    "log_date": "2025-11-19",
    "time_in": "19:23:05",
    "time_out": "19:23:05"
  },
  {
    "zk_id": "62",
    "log_date": "2025-11-20",
    "time_in": "08:13:55",
    "time_out": "19:38:19"
  },
  {
    "zk_id": "62",
    "log_date": "2025-11-21",
    "time_in": "17:12:54",
    "time_out": "17:12:54"
  },
  {
    "zk_id": "62",
    "log_date": "2025-11-22",
    "time_in": "07:39:01",
    "time_out": "17:15:27"
  },
  {
    "zk_id": "62",
    "log_date": "2025-11-24",
    "time_in": "07:45:33",
    "time_out": "17:15:48"
  },
  {
    "zk_id": "62",
    "log_date": "2025-11-25",
    "time_in": "07:57:48",
    "time_out": "20:08:58"
  },
  {
    "zk_id": "62",
    "log_date": "2025-11-26",
    "time_in": "07:51:27",
    "time_out": "20:12:17"
  },
  {
    "zk_id": "62",
    "log_date": "2025-11-27",
    "time_in": "19:29:21",
    "time_out": "19:29:21"
  },
  {
    "zk_id": "62",
    "log_date": "2025-11-28",
    "time_in": "08:21:58",
    "time_out": "19:39:23"
  },
  {
    "zk_id": "62",
    "log_date": "2025-11-29",
    "time_in": "08:09:52",
    "time_out": "08:09:52"
  },
  {
    "zk_id": "63",
    "log_date": "2025-11-01",
    "time_in": "07:45:37",
    "time_out": "20:15:08"
  },
  {
    "zk_id": "63",
    "log_date": "2025-11-02",
    "time_in": "07:43:17",
    "time_out": "20:16:02"
  },
  {
    "zk_id": "63",
    "log_date": "2025-11-03",
    "time_in": "18:33:44",
    "time_out": "18:33:44"
  },
  {
    "zk_id": "63",
    "log_date": "2025-11-04",
    "time_in": "08:21:39",
    "time_out": "19:00:35"
  },
  {
    "zk_id": "63",
    "log_date": "2025-11-05",
    "time_in": "08:17:00",
    "time_out": "08:17:00"
  },
  {
    "zk_id": "63",
    "log_date": "2025-11-09",
    "time_in": "07:42:45",
    "time_out": "20:13:31"
  },
  {
    "zk_id": "63",
    "log_date": "2025-11-10",
    "time_in": "07:48:09",
    "time_out": "20:12:24"
  },
  {
    "zk_id": "63",
    "log_date": "2025-11-11",
    "time_in": "19:40:17",
    "time_out": "19:40:17"
  },
  {
    "zk_id": "63",
    "log_date": "2025-11-12",
    "time_in": "08:17:25",
    "time_out": "19:25:31"
  },
  {
    "zk_id": "63",
    "log_date": "2025-11-13",
    "time_in": "08:17:58",
    "time_out": "08:17:58"
  },
  {
    "zk_id": "63",
    "log_date": "2025-11-17",
    "time_in": "07:09:41",
    "time_out": "20:16:03"
  },
  {
    "zk_id": "63",
    "log_date": "2025-11-18",
    "time_in": "07:25:01",
    "time_out": "20:18:24"
  },
  {
    "zk_id": "63",
    "log_date": "2025-11-19",
    "time_in": "19:29:58",
    "time_out": "19:29:58"
  },
  {
    "zk_id": "63",
    "log_date": "2025-11-20",
    "time_in": "08:18:57",
    "time_out": "19:40:57"
  },
  {
    "zk_id": "63",
    "log_date": "2025-11-21",
    "time_in": "08:16:11",
    "time_out": "08:16:11"
  },
  {
    "zk_id": "63",
    "log_date": "2025-11-22",
    "time_in": "07:58:03",
    "time_out": "20:17:18"
  },
  {
    "zk_id": "63",
    "log_date": "2025-11-24",
    "time_in": "07:38:21",
    "time_out": "17:17:15"
  },
  {
    "zk_id": "63",
    "log_date": "2025-11-25",
    "time_in": "07:46:34",
    "time_out": "20:11:21"
  },
  {
    "zk_id": "63",
    "log_date": "2025-11-26",
    "time_in": "07:38:05",
    "time_out": "20:16:48"
  },
  {
    "zk_id": "63",
    "log_date": "2025-11-27",
    "time_in": "19:29:24",
    "time_out": "19:29:24"
  },
  {
    "zk_id": "63",
    "log_date": "2025-11-28",
    "time_in": "08:17:21",
    "time_out": "19:38:07"
  },
  {
    "zk_id": "63",
    "log_date": "2025-11-29",
    "time_in": "08:16:47",
    "time_out": "08:16:47"
  },
  {
    "zk_id": "64",
    "log_date": "2025-11-01",
    "time_in": "19:37:17",
    "time_out": "19:37:17"
  },
  {
    "zk_id": "64",
    "log_date": "2025-11-02",
    "time_in": "08:17:17",
    "time_out": "19:34:58"
  },
  {
    "zk_id": "64",
    "log_date": "2025-11-03",
    "time_in": "08:17:06",
    "time_out": "08:17:06"
  },
  {
    "zk_id": "64",
    "log_date": "2025-11-06",
    "time_in": "07:44:48",
    "time_out": "17:16:09"
  },
  {
    "zk_id": "64",
    "log_date": "2025-11-07",
    "time_in": "07:52:55",
    "time_out": "20:15:36"
  },
  {
    "zk_id": "64",
    "log_date": "2025-11-09",
    "time_in": "19:36:15",
    "time_out": "19:36:15"
  },
  {
    "zk_id": "64",
    "log_date": "2025-11-10",
    "time_in": "08:16:32",
    "time_out": "19:55:10"
  },
  {
    "zk_id": "64",
    "log_date": "2025-11-11",
    "time_in": "08:29:11",
    "time_out": "08:29:11"
  },
  {
    "zk_id": "64",
    "log_date": "2025-11-17",
    "time_in": "19:41:58",
    "time_out": "19:41:58"
  },
  {
    "zk_id": "64",
    "log_date": "2025-11-18",
    "time_in": "08:17:08",
    "time_out": "19:30:12"
  },
  {
    "zk_id": "64",
    "log_date": "2025-11-19",
    "time_in": "08:21:27",
    "time_out": "08:21:27"
  },
  {
    "zk_id": "64",
    "log_date": "2025-11-22",
    "time_in": "07:52:45",
    "time_out": "17:15:53"
  },
  {
    "zk_id": "64",
    "log_date": "2025-11-23",
    "time_in": "07:50:06",
    "time_out": "20:16:27"
  },
  {
    "zk_id": "64",
    "log_date": "2025-11-24",
    "time_in": "07:52:07",
    "time_out": "20:08:26"
  },
  {
    "zk_id": "64",
    "log_date": "2025-11-25",
    "time_in": "19:49:10",
    "time_out": "19:49:10"
  },
  {
    "zk_id": "64",
    "log_date": "2025-11-26",
    "time_in": "08:16:29",
    "time_out": "19:30:12"
  },
  {
    "zk_id": "64",
    "log_date": "2025-11-27",
    "time_in": "08:16:26",
    "time_out": "08:16:26"
  },
  {
    "zk_id": "65",
    "log_date": "2025-11-03",
    "time_in": "07:25:38",
    "time_out": "20:17:55"
  },
  {
    "zk_id": "65",
    "log_date": "2025-11-04",
    "time_in": "07:46:52",
    "time_out": "20:18:30"
  },
  {
    "zk_id": "65",
    "log_date": "2025-11-05",
    "time_in": "19:32:51",
    "time_out": "19:32:51"
  },
  {
    "zk_id": "65",
    "log_date": "2025-11-06",
    "time_in": "08:21:19",
    "time_out": "08:21:19"
  },
  {
    "zk_id": "65",
    "log_date": "2025-11-07",
    "time_in": "08:32:39",
    "time_out": "08:32:39"
  },
  {
    "zk_id": "65",
    "log_date": "2025-11-10",
    "time_in": "07:30:23",
    "time_out": "17:17:25"
  },
  {
    "zk_id": "65",
    "log_date": "2025-11-11",
    "time_in": "07:37:57",
    "time_out": "20:18:24"
  },
  {
    "zk_id": "65",
    "log_date": "2025-11-12",
    "time_in": "07:12:06",
    "time_out": "20:18:33"
  },
  {
    "zk_id": "65",
    "log_date": "2025-11-13",
    "time_in": "18:46:22",
    "time_out": "18:46:22"
  },
  {
    "zk_id": "65",
    "log_date": "2025-11-14",
    "time_in": "08:19:11",
    "time_out": "19:07:27"
  },
  {
    "zk_id": "65",
    "log_date": "2025-11-15",
    "time_in": "08:27:30",
    "time_out": "08:27:30"
  },
  {
    "zk_id": "65",
    "log_date": "2025-11-19",
    "time_in": "07:34:01",
    "time_out": "20:19:07"
  },
  {
    "zk_id": "65",
    "log_date": "2025-11-20",
    "time_in": "07:36:09",
    "time_out": "20:20:30"
  },
  {
    "zk_id": "65",
    "log_date": "2025-11-21",
    "time_in": "19:37:01",
    "time_out": "19:37:01"
  },
  {
    "zk_id": "65",
    "log_date": "2025-11-22",
    "time_in": "08:18:39",
    "time_out": "19:34:35"
  },
  {
    "zk_id": "65",
    "log_date": "2025-11-23",
    "time_in": "08:19:39",
    "time_out": "08:19:39"
  },
  {
    "zk_id": "65",
    "log_date": "2025-11-27",
    "time_in": "07:37:52",
    "time_out": "20:19:05"
  },
  {
    "zk_id": "65",
    "log_date": "2025-11-28",
    "time_in": "07:45:15",
    "time_out": "20:19:00"
  },
  {
    "zk_id": "65",
    "log_date": "2025-11-29",
    "time_in": "19:18:15",
    "time_out": "19:18:15"
  },
  {
    "zk_id": "65",
    "log_date": "2025-11-30",
    "time_in": "08:13:42",
    "time_out": "19:02:17"
  },
  {
    "zk_id": "66",
    "log_date": "2025-11-01",
    "time_in": "07:52:17",
    "time_out": "07:52:17"
  },
  {
    "zk_id": "66",
    "log_date": "2025-11-03",
    "time_in": "07:25:04",
    "time_out": "17:07:43"
  },
  {
    "zk_id": "66",
    "log_date": "2025-11-04",
    "time_in": "08:05:31",
    "time_out": "17:01:22"
  },
  {
    "zk_id": "66",
    "log_date": "2025-11-05",
    "time_in": "07:19:59",
    "time_out": "17:02:19"
  },
  {
    "zk_id": "66",
    "log_date": "2025-11-06",
    "time_in": "07:37:32",
    "time_out": "17:14:38"
  },
  {
    "zk_id": "66",
    "log_date": "2025-11-07",
    "time_in": "08:03:34",
    "time_out": "17:03:59"
  },
  {
    "zk_id": "66",
    "log_date": "2025-11-08",
    "time_in": "07:47:13",
    "time_out": "17:03:48"
  },
  {
    "zk_id": "66",
    "log_date": "2025-11-10",
    "time_in": "07:47:00",
    "time_out": "17:04:59"
  },
  {
    "zk_id": "66",
    "log_date": "2025-11-14",
    "time_in": "07:58:28",
    "time_out": "17:07:40"
  },
  {
    "zk_id": "66",
    "log_date": "2025-11-15",
    "time_in": "08:04:48",
    "time_out": "17:05:54"
  },
  {
    "zk_id": "66",
    "log_date": "2025-11-17",
    "time_in": "07:49:41",
    "time_out": "17:09:28"
  },
  {
    "zk_id": "66",
    "log_date": "2025-11-18",
    "time_in": "07:51:30",
    "time_out": "15:12:53"
  },
  {
    "zk_id": "66",
    "log_date": "2025-11-19",
    "time_in": "15:04:07",
    "time_out": "15:04:07"
  },
  {
    "zk_id": "66",
    "log_date": "2025-11-20",
    "time_in": "07:17:56",
    "time_out": "15:03:05"
  },
  {
    "zk_id": "66",
    "log_date": "2025-11-21",
    "time_in": "07:13:54",
    "time_out": "15:35:51"
  },
  {
    "zk_id": "66",
    "log_date": "2025-11-22",
    "time_in": "07:07:34",
    "time_out": "17:25:55"
  },
  {
    "zk_id": "66",
    "log_date": "2025-11-23",
    "time_in": "07:40:13",
    "time_out": "17:55:23"
  },
  {
    "zk_id": "66",
    "log_date": "2025-11-24",
    "time_in": "07:45:59",
    "time_out": "16:48:02"
  },
  {
    "zk_id": "66",
    "log_date": "2025-11-25",
    "time_in": "08:10:35",
    "time_out": "19:08:18"
  },
  {
    "zk_id": "66",
    "log_date": "2025-11-26",
    "time_in": "07:22:23",
    "time_out": "21:04:07"
  },
  {
    "zk_id": "66",
    "log_date": "2025-11-27",
    "time_in": "08:18:45",
    "time_out": "08:18:45"
  },
  {
    "zk_id": "66",
    "log_date": "2025-11-28",
    "time_in": "07:28:09",
    "time_out": "17:59:02"
  },
  {
    "zk_id": "66",
    "log_date": "2025-11-29",
    "time_in": "06:51:20",
    "time_out": "15:11:46"
  },
  {
    "zk_id": "67",
    "log_date": "2025-11-01",
    "time_in": "05:31:16",
    "time_out": "16:00:33"
  },
  {
    "zk_id": "67",
    "log_date": "2025-11-02",
    "time_in": "05:35:47",
    "time_out": "19:00:07"
  },
  {
    "zk_id": "67",
    "log_date": "2025-11-03",
    "time_in": "05:53:11",
    "time_out": "19:00:46"
  },
  {
    "zk_id": "67",
    "log_date": "2025-11-08",
    "time_in": "05:37:42",
    "time_out": "19:00:39"
  },
  {
    "zk_id": "67",
    "log_date": "2025-11-09",
    "time_in": "05:30:03",
    "time_out": "19:01:29"
  },
  {
    "zk_id": "67",
    "log_date": "2025-11-10",
    "time_in": "05:52:53",
    "time_out": "19:00:16"
  },
  {
    "zk_id": "67",
    "log_date": "2025-11-14",
    "time_in": "05:54:54",
    "time_out": "19:01:00"
  },
  {
    "zk_id": "67",
    "log_date": "2025-11-15",
    "time_in": "05:33:10",
    "time_out": "19:01:51"
  },
  {
    "zk_id": "67",
    "log_date": "2025-11-16",
    "time_in": "05:34:08",
    "time_out": "19:00:35"
  },
  {
    "zk_id": "67",
    "log_date": "2025-11-17",
    "time_in": "05:49:50",
    "time_out": "19:01:05"
  },
  {
    "zk_id": "67",
    "log_date": "2025-11-18",
    "time_in": "05:47:49",
    "time_out": "19:00:23"
  },
  {
    "zk_id": "67",
    "log_date": "2025-11-21",
    "time_in": "05:48:46",
    "time_out": "19:00:07"
  },
  {
    "zk_id": "67",
    "log_date": "2025-11-23",
    "time_in": "05:32:28",
    "time_out": "19:00:44"
  },
  {
    "zk_id": "67",
    "log_date": "2025-11-24",
    "time_in": "05:54:11",
    "time_out": "22:02:41"
  },
  {
    "zk_id": "67",
    "log_date": "2025-11-28",
    "time_in": "05:52:38",
    "time_out": "22:00:07"
  },
  {
    "zk_id": "67",
    "log_date": "2025-11-29",
    "time_in": "05:34:32",
    "time_out": "22:03:14"
  },
  {
    "zk_id": "67",
    "log_date": "2025-11-30",
    "time_in": "05:31:52",
    "time_out": "19:00:06"
  },
  {
    "zk_id": "7",
    "log_date": "2025-11-01",
    "time_in": "19:17:20",
    "time_out": "19:17:20"
  },
  {
    "zk_id": "7",
    "log_date": "2025-11-02",
    "time_in": "08:17:56",
    "time_out": "19:13:50"
  },
  {
    "zk_id": "7",
    "log_date": "2025-11-03",
    "time_in": "08:17:43",
    "time_out": "08:17:43"
  },
  {
    "zk_id": "7",
    "log_date": "2025-11-06",
    "time_in": "07:49:54",
    "time_out": "17:18:53"
  },
  {
    "zk_id": "7",
    "log_date": "2025-11-07",
    "time_in": "07:35:45",
    "time_out": "20:19:44"
  },
  {
    "zk_id": "7",
    "log_date": "2025-11-08",
    "time_in": "07:43:50",
    "time_out": "20:14:56"
  },
  {
    "zk_id": "7",
    "log_date": "2025-11-09",
    "time_in": "19:22:59",
    "time_out": "19:22:59"
  },
  {
    "zk_id": "7",
    "log_date": "2025-11-10",
    "time_in": "08:18:00",
    "time_out": "19:25:25"
  },
  {
    "zk_id": "7",
    "log_date": "2025-11-11",
    "time_in": "08:33:37",
    "time_out": "08:33:37"
  },
  {
    "zk_id": "7",
    "log_date": "2025-11-14",
    "time_in": "07:54:32",
    "time_out": "17:17:21"
  },
  {
    "zk_id": "7",
    "log_date": "2025-11-15",
    "time_in": "07:44:57",
    "time_out": "20:15:59"
  },
  {
    "zk_id": "7",
    "log_date": "2025-11-16",
    "time_in": "07:41:57",
    "time_out": "20:19:11"
  },
  {
    "zk_id": "7",
    "log_date": "2025-11-17",
    "time_in": "19:31:01",
    "time_out": "19:31:01"
  },
  {
    "zk_id": "7",
    "log_date": "2025-11-18",
    "time_in": "08:17:52",
    "time_out": "19:41:05"
  },
  {
    "zk_id": "7",
    "log_date": "2025-11-19",
    "time_in": "08:24:27",
    "time_out": "08:24:27"
  },
  {
    "zk_id": "7",
    "log_date": "2025-11-22",
    "time_in": "07:32:16",
    "time_out": "17:17:57"
  },
  {
    "zk_id": "7",
    "log_date": "2025-11-23",
    "time_in": "07:40:01",
    "time_out": "20:20:00"
  },
  {
    "zk_id": "7",
    "log_date": "2025-11-24",
    "time_in": "07:35:46",
    "time_out": "20:07:14"
  },
  {
    "zk_id": "7",
    "log_date": "2025-11-25",
    "time_in": "19:21:03",
    "time_out": "19:21:03"
  },
  {
    "zk_id": "7",
    "log_date": "2025-11-26",
    "time_in": "08:17:49",
    "time_out": "19:25:18"
  },
  {
    "zk_id": "7",
    "log_date": "2025-11-27",
    "time_in": "08:22:12",
    "time_out": "08:22:12"
  },
  {
    "zk_id": "70",
    "log_date": "2025-11-02",
    "time_in": "06:00:38",
    "time_out": "15:05:11"
  },
  {
    "zk_id": "70",
    "log_date": "2025-11-03",
    "time_in": "05:59:23",
    "time_out": "15:04:29"
  },
  {
    "zk_id": "70",
    "log_date": "2025-11-05",
    "time_in": "05:57:07",
    "time_out": "22:02:11"
  },
  {
    "zk_id": "70",
    "log_date": "2025-11-06",
    "time_in": "05:58:09",
    "time_out": "22:02:22"
  },
  {
    "zk_id": "70",
    "log_date": "2025-11-07",
    "time_in": "06:02:33",
    "time_out": "06:02:33"
  },
  {
    "zk_id": "70",
    "log_date": "2025-11-08",
    "time_in": "06:03:06",
    "time_out": "22:07:08"
  },
  {
    "zk_id": "70",
    "log_date": "2025-11-09",
    "time_in": "06:50:56",
    "time_out": "16:04:21"
  },
  {
    "zk_id": "70",
    "log_date": "2025-11-10",
    "time_in": "06:02:51",
    "time_out": "23:02:44"
  },
  {
    "zk_id": "70",
    "log_date": "2025-11-11",
    "time_in": "05:59:01",
    "time_out": "22:00:14"
  },
  {
    "zk_id": "70",
    "log_date": "2025-11-12",
    "time_in": "06:00:15",
    "time_out": "22:02:47"
  },
  {
    "zk_id": "70",
    "log_date": "2025-11-13",
    "time_in": "06:01:35",
    "time_out": "22:02:59"
  },
  {
    "zk_id": "70",
    "log_date": "2025-11-14",
    "time_in": "06:00:38",
    "time_out": "22:01:18"
  },
  {
    "zk_id": "70",
    "log_date": "2025-11-15",
    "time_in": "05:47:30",
    "time_out": "22:03:56"
  },
  {
    "zk_id": "70",
    "log_date": "2025-11-16",
    "time_in": "05:54:50",
    "time_out": "15:01:49"
  },
  {
    "zk_id": "70",
    "log_date": "2025-11-17",
    "time_in": "06:01:25",
    "time_out": "22:03:13"
  },
  {
    "zk_id": "70",
    "log_date": "2025-11-18",
    "time_in": "06:01:24",
    "time_out": "22:00:42"
  },
  {
    "zk_id": "70",
    "log_date": "2025-11-19",
    "time_in": "06:03:00",
    "time_out": "16:20:25"
  },
  {
    "zk_id": "70",
    "log_date": "2025-11-20",
    "time_in": "06:03:25",
    "time_out": "16:04:57"
  },
  {
    "zk_id": "70",
    "log_date": "2025-11-21",
    "time_in": "05:58:02",
    "time_out": "22:00:24"
  },
  {
    "zk_id": "70",
    "log_date": "2025-11-22",
    "time_in": "06:02:10",
    "time_out": "22:00:52"
  },
  {
    "zk_id": "70",
    "log_date": "2025-11-23",
    "time_in": "06:07:12",
    "time_out": "22:02:25"
  },
  {
    "zk_id": "70",
    "log_date": "2025-11-24",
    "time_in": "04:02:48",
    "time_out": "22:03:24"
  },
  {
    "zk_id": "70",
    "log_date": "2025-11-25",
    "time_in": "06:00:04",
    "time_out": "22:04:20"
  },
  {
    "zk_id": "70",
    "log_date": "2025-11-26",
    "time_in": "05:59:35",
    "time_out": "22:00:05"
  },
  {
    "zk_id": "70",
    "log_date": "2025-11-27",
    "time_in": "06:00:04",
    "time_out": "22:00:39"
  },
  {
    "zk_id": "70",
    "log_date": "2025-11-28",
    "time_in": "06:03:36",
    "time_out": "22:00:45"
  },
  {
    "zk_id": "70",
    "log_date": "2025-11-29",
    "time_in": "06:05:37",
    "time_out": "22:01:56"
  },
  {
    "zk_id": "70",
    "log_date": "2025-11-30",
    "time_in": "06:03:09",
    "time_out": "16:18:11"
  },
  {
    "zk_id": "71",
    "log_date": "2025-11-01",
    "time_in": "07:05:21",
    "time_out": "16:02:04"
  },
  {
    "zk_id": "71",
    "log_date": "2025-11-03",
    "time_in": "06:54:40",
    "time_out": "16:09:23"
  },
  {
    "zk_id": "71",
    "log_date": "2025-11-05",
    "time_in": "06:52:17",
    "time_out": "18:01:52"
  },
  {
    "zk_id": "71",
    "log_date": "2025-11-06",
    "time_in": "06:50:38",
    "time_out": "16:01:02"
  },
  {
    "zk_id": "71",
    "log_date": "2025-11-07",
    "time_in": "06:57:23",
    "time_out": "16:01:59"
  },
  {
    "zk_id": "71",
    "log_date": "2025-11-08",
    "time_in": "07:22:06",
    "time_out": "17:01:00"
  },
  {
    "zk_id": "71",
    "log_date": "2025-11-10",
    "time_in": "06:56:58",
    "time_out": "18:00:56"
  },
  {
    "zk_id": "71",
    "log_date": "2025-11-11",
    "time_in": "07:01:28",
    "time_out": "07:01:28"
  },
  {
    "zk_id": "71",
    "log_date": "2025-11-12",
    "time_in": "05:39:50",
    "time_out": "16:02:41"
  },
  {
    "zk_id": "71",
    "log_date": "2025-11-13",
    "time_in": "06:55:46",
    "time_out": "16:01:28"
  },
  {
    "zk_id": "71",
    "log_date": "2025-11-14",
    "time_in": "06:51:37",
    "time_out": "16:01:23"
  },
  {
    "zk_id": "71",
    "log_date": "2025-11-15",
    "time_in": "06:58:20",
    "time_out": "16:16:29"
  },
  {
    "zk_id": "71",
    "log_date": "2025-11-17",
    "time_in": "06:58:31",
    "time_out": "16:02:10"
  },
  {
    "zk_id": "71",
    "log_date": "2025-11-18",
    "time_in": "06:56:51",
    "time_out": "16:01:14"
  },
  {
    "zk_id": "71",
    "log_date": "2025-11-19",
    "time_in": "06:53:50",
    "time_out": "16:01:09"
  },
  {
    "zk_id": "71",
    "log_date": "2025-11-20",
    "time_in": "06:54:07",
    "time_out": "22:00:46"
  },
  {
    "zk_id": "71",
    "log_date": "2025-11-21",
    "time_in": "07:02:51",
    "time_out": "22:00:36"
  },
  {
    "zk_id": "71",
    "log_date": "2025-11-22",
    "time_in": "07:12:18",
    "time_out": "22:01:17"
  },
  {
    "zk_id": "71",
    "log_date": "2025-11-23",
    "time_in": "07:05:44",
    "time_out": "16:01:10"
  },
  {
    "zk_id": "71",
    "log_date": "2025-11-24",
    "time_in": "12:44:50",
    "time_out": "22:01:31"
  },
  {
    "zk_id": "71",
    "log_date": "2025-11-25",
    "time_in": "06:56:10",
    "time_out": "21:01:10"
  },
  {
    "zk_id": "71",
    "log_date": "2025-11-26",
    "time_in": "07:05:46",
    "time_out": "22:00:26"
  },
  {
    "zk_id": "71",
    "log_date": "2025-11-27",
    "time_in": "07:34:10",
    "time_out": "22:01:05"
  },
  {
    "zk_id": "71",
    "log_date": "2025-11-28",
    "time_in": "12:47:52",
    "time_out": "22:00:28"
  },
  {
    "zk_id": "71",
    "log_date": "2025-11-29",
    "time_in": "07:01:33",
    "time_out": "20:01:10"
  },
  {
    "zk_id": "71",
    "log_date": "2025-11-30",
    "time_in": "07:30:38",
    "time_out": "16:05:08"
  },
  {
    "zk_id": "72",
    "log_date": "2025-11-01",
    "time_in": "05:50:54",
    "time_out": "15:10:38"
  },
  {
    "zk_id": "72",
    "log_date": "2025-11-03",
    "time_in": "05:50:29",
    "time_out": "15:07:09"
  },
  {
    "zk_id": "72",
    "log_date": "2025-11-04",
    "time_in": "05:54:40",
    "time_out": "15:13:20"
  },
  {
    "zk_id": "72",
    "log_date": "2025-11-05",
    "time_in": "05:58:31",
    "time_out": "15:22:15"
  },
  {
    "zk_id": "72",
    "log_date": "2025-11-06",
    "time_in": "05:48:39",
    "time_out": "22:00:50"
  },
  {
    "zk_id": "72",
    "log_date": "2025-11-07",
    "time_in": "05:56:07",
    "time_out": "22:00:40"
  },
  {
    "zk_id": "72",
    "log_date": "2025-11-08",
    "time_in": "05:57:47",
    "time_out": "22:01:17"
  },
  {
    "zk_id": "72",
    "log_date": "2025-11-09",
    "time_in": "05:43:36",
    "time_out": "15:03:07"
  },
  {
    "zk_id": "72",
    "log_date": "2025-11-10",
    "time_in": "06:45:00",
    "time_out": "23:02:15"
  },
  {
    "zk_id": "72",
    "log_date": "2025-11-11",
    "time_in": "05:46:57",
    "time_out": "23:01:01"
  },
  {
    "zk_id": "72",
    "log_date": "2025-11-12",
    "time_in": "05:45:56",
    "time_out": "23:00:17"
  },
  {
    "zk_id": "72",
    "log_date": "2025-11-13",
    "time_in": "05:49:48",
    "time_out": "22:02:26"
  },
  {
    "zk_id": "72",
    "log_date": "2025-11-14",
    "time_in": "05:51:21",
    "time_out": "15:02:58"
  },
  {
    "zk_id": "72",
    "log_date": "2025-11-15",
    "time_in": "07:28:24",
    "time_out": "07:28:24"
  },
  {
    "zk_id": "72",
    "log_date": "2025-11-16",
    "time_in": "05:57:15",
    "time_out": "16:08:45"
  },
  {
    "zk_id": "72",
    "log_date": "2025-11-17",
    "time_in": "05:50:54",
    "time_out": "22:00:25"
  },
  {
    "zk_id": "72",
    "log_date": "2025-11-18",
    "time_in": "05:49:05",
    "time_out": "15:03:38"
  },
  {
    "zk_id": "72",
    "log_date": "2025-11-19",
    "time_in": "05:44:17",
    "time_out": "15:02:44"
  },
  {
    "zk_id": "72",
    "log_date": "2025-11-20",
    "time_in": "05:54:32",
    "time_out": "22:01:04"
  },
  {
    "zk_id": "72",
    "log_date": "2025-11-21",
    "time_in": "05:32:16",
    "time_out": "22:00:49"
  },
  {
    "zk_id": "72",
    "log_date": "2025-11-22",
    "time_in": "05:56:13",
    "time_out": "22:00:39"
  },
  {
    "zk_id": "72",
    "log_date": "2025-11-23",
    "time_in": "08:51:05",
    "time_out": "16:06:40"
  },
  {
    "zk_id": "72",
    "log_date": "2025-11-24",
    "time_in": "04:53:52",
    "time_out": "22:00:31"
  },
  {
    "zk_id": "72",
    "log_date": "2025-11-25",
    "time_in": "05:48:45",
    "time_out": "22:00:11"
  },
  {
    "zk_id": "72",
    "log_date": "2025-11-26",
    "time_in": "05:53:42",
    "time_out": "22:00:21"
  },
  {
    "zk_id": "72",
    "log_date": "2025-11-27",
    "time_in": "05:45:44",
    "time_out": "22:01:54"
  },
  {
    "zk_id": "72",
    "log_date": "2025-11-28",
    "time_in": "05:52:32",
    "time_out": "22:00:03"
  },
  {
    "zk_id": "72",
    "log_date": "2025-11-29",
    "time_in": "06:06:30",
    "time_out": "22:01:50"
  },
  {
    "zk_id": "72",
    "log_date": "2025-11-30",
    "time_in": "06:07:49",
    "time_out": "15:06:55"
  },
  {
    "zk_id": "73",
    "log_date": "2025-11-01",
    "time_in": "07:02:09",
    "time_out": "16:09:33"
  },
  {
    "zk_id": "73",
    "log_date": "2025-11-02",
    "time_in": "07:01:11",
    "time_out": "15:00:56"
  },
  {
    "zk_id": "73",
    "log_date": "2025-11-03",
    "time_in": "06:10:29",
    "time_out": "15:21:11"
  },
  {
    "zk_id": "73",
    "log_date": "2025-11-05",
    "time_in": "06:32:36",
    "time_out": "16:01:58"
  },
  {
    "zk_id": "73",
    "log_date": "2025-11-06",
    "time_in": "06:05:09",
    "time_out": "18:01:47"
  },
  {
    "zk_id": "73",
    "log_date": "2025-11-07",
    "time_in": "06:04:14",
    "time_out": "18:01:53"
  },
  {
    "zk_id": "73",
    "log_date": "2025-11-08",
    "time_in": "06:17:22",
    "time_out": "22:25:30"
  },
  {
    "zk_id": "73",
    "log_date": "2025-11-09",
    "time_in": "06:26:17",
    "time_out": "16:04:04"
  },
  {
    "zk_id": "73",
    "log_date": "2025-11-10",
    "time_in": "05:51:53",
    "time_out": "23:01:45"
  },
  {
    "zk_id": "73",
    "log_date": "2025-11-11",
    "time_in": "05:55:25",
    "time_out": "05:55:25"
  },
  {
    "zk_id": "73",
    "log_date": "2025-11-13",
    "time_in": "06:16:45",
    "time_out": "15:14:00"
  },
  {
    "zk_id": "73",
    "log_date": "2025-11-14",
    "time_in": "05:57:00",
    "time_out": "05:57:00"
  },
  {
    "zk_id": "73",
    "log_date": "2025-11-15",
    "time_in": "06:01:45",
    "time_out": "15:03:55"
  },
  {
    "zk_id": "73",
    "log_date": "2025-11-17",
    "time_in": "05:49:16",
    "time_out": "15:14:57"
  },
  {
    "zk_id": "73",
    "log_date": "2025-11-18",
    "time_in": "05:49:23",
    "time_out": "15:37:41"
  },
  {
    "zk_id": "73",
    "log_date": "2025-11-19",
    "time_in": "05:39:07",
    "time_out": "22:04:28"
  },
  {
    "zk_id": "73",
    "log_date": "2025-11-20",
    "time_in": "06:02:54",
    "time_out": "22:03:36"
  },
  {
    "zk_id": "73",
    "log_date": "2025-11-21",
    "time_in": "06:08:09",
    "time_out": "22:03:24"
  },
  {
    "zk_id": "73",
    "log_date": "2025-11-22",
    "time_in": "06:45:02",
    "time_out": "22:00:29"
  },
  {
    "zk_id": "73",
    "log_date": "2025-11-23",
    "time_in": "06:38:07",
    "time_out": "22:02:45"
  },
  {
    "zk_id": "73",
    "log_date": "2025-11-24",
    "time_in": "06:00:24",
    "time_out": "15:06:38"
  },
  {
    "zk_id": "73",
    "log_date": "2025-11-25",
    "time_in": "06:06:28",
    "time_out": "22:02:30"
  },
  {
    "zk_id": "73",
    "log_date": "2025-11-26",
    "time_in": "06:32:26",
    "time_out": "22:00:38"
  },
  {
    "zk_id": "73",
    "log_date": "2025-11-27",
    "time_in": "06:53:56",
    "time_out": "15:12:25"
  },
  {
    "zk_id": "73",
    "log_date": "2025-11-30",
    "time_in": "06:56:19",
    "time_out": "16:04:31"
  },
  {
    "zk_id": "74",
    "log_date": "2025-11-03",
    "time_in": "05:58:10",
    "time_out": "19:03:42"
  },
  {
    "zk_id": "74",
    "log_date": "2025-11-04",
    "time_in": "06:10:17",
    "time_out": "19:06:02"
  },
  {
    "zk_id": "74",
    "log_date": "2025-11-05",
    "time_in": "06:00:44",
    "time_out": "19:06:39"
  },
  {
    "zk_id": "74",
    "log_date": "2025-11-06",
    "time_in": "05:56:22",
    "time_out": "19:13:35"
  },
  {
    "zk_id": "74",
    "log_date": "2025-11-10",
    "time_in": "06:00:47",
    "time_out": "19:02:25"
  },
  {
    "zk_id": "74",
    "log_date": "2025-11-11",
    "time_in": "06:09:02",
    "time_out": "23:04:21"
  },
  {
    "zk_id": "74",
    "log_date": "2025-11-12",
    "time_in": "06:07:35",
    "time_out": "19:13:50"
  },
  {
    "zk_id": "74",
    "log_date": "2025-11-13",
    "time_in": "06:04:31",
    "time_out": "19:02:42"
  },
  {
    "zk_id": "74",
    "log_date": "2025-11-17",
    "time_in": "12:40:15",
    "time_out": "19:03:38"
  },
  {
    "zk_id": "74",
    "log_date": "2025-11-19",
    "time_in": "19:04:33",
    "time_out": "19:04:33"
  },
  {
    "zk_id": "74",
    "log_date": "2025-11-20",
    "time_in": "06:06:31",
    "time_out": "19:06:02"
  },
  {
    "zk_id": "74",
    "log_date": "2025-11-24",
    "time_in": "06:08:51",
    "time_out": "22:01:21"
  },
  {
    "zk_id": "74",
    "log_date": "2025-11-25",
    "time_in": "06:22:47",
    "time_out": "22:03:20"
  },
  {
    "zk_id": "74",
    "log_date": "2025-11-26",
    "time_in": "06:07:39",
    "time_out": "22:02:55"
  },
  {
    "zk_id": "74",
    "log_date": "2025-11-27",
    "time_in": "06:08:45",
    "time_out": "22:03:48"
  },
  {
    "zk_id": "75",
    "log_date": "2025-11-03",
    "time_in": "05:43:43",
    "time_out": "19:02:09"
  },
  {
    "zk_id": "75",
    "log_date": "2025-11-04",
    "time_in": "05:43:17",
    "time_out": "19:04:05"
  },
  {
    "zk_id": "75",
    "log_date": "2025-11-05",
    "time_in": "05:44:24",
    "time_out": "19:03:48"
  },
  {
    "zk_id": "75",
    "log_date": "2025-11-06",
    "time_in": "05:41:07",
    "time_out": "19:04:28"
  },
  {
    "zk_id": "75",
    "log_date": "2025-11-10",
    "time_in": "05:37:44",
    "time_out": "19:03:57"
  },
  {
    "zk_id": "75",
    "log_date": "2025-11-11",
    "time_in": "05:39:11",
    "time_out": "23:04:16"
  },
  {
    "zk_id": "75",
    "log_date": "2025-11-12",
    "time_in": "05:45:25",
    "time_out": "19:02:48"
  },
  {
    "zk_id": "75",
    "log_date": "2025-11-13",
    "time_in": "19:04:26",
    "time_out": "19:04:26"
  },
  {
    "zk_id": "75",
    "log_date": "2025-11-17",
    "time_in": "19:05:57",
    "time_out": "19:05:57"
  },
  {
    "zk_id": "75",
    "log_date": "2025-11-18",
    "time_in": "19:04:32",
    "time_out": "19:04:32"
  },
  {
    "zk_id": "75",
    "log_date": "2025-11-19",
    "time_in": "19:04:10",
    "time_out": "19:04:10"
  },
  {
    "zk_id": "75",
    "log_date": "2025-11-20",
    "time_in": "05:44:57",
    "time_out": "19:03:35"
  },
  {
    "zk_id": "75",
    "log_date": "2025-11-21",
    "time_in": "14:39:15",
    "time_out": "22:02:04"
  },
  {
    "zk_id": "75",
    "log_date": "2025-11-22",
    "time_in": "07:53:24",
    "time_out": "22:00:17"
  },
  {
    "zk_id": "75",
    "log_date": "2025-11-23",
    "time_in": "09:42:06",
    "time_out": "16:01:59"
  },
  {
    "zk_id": "75",
    "log_date": "2025-11-24",
    "time_in": "05:51:13",
    "time_out": "22:02:39"
  },
  {
    "zk_id": "75",
    "log_date": "2025-11-25",
    "time_in": "05:43:38",
    "time_out": "22:05:26"
  },
  {
    "zk_id": "75",
    "log_date": "2025-11-26",
    "time_in": "05:46:47",
    "time_out": "22:00:51"
  },
  {
    "zk_id": "75",
    "log_date": "2025-11-27",
    "time_in": "05:49:28",
    "time_out": "22:00:17"
  },
  {
    "zk_id": "75",
    "log_date": "2025-11-28",
    "time_in": "15:46:18",
    "time_out": "22:01:48"
  },
  {
    "zk_id": "75",
    "log_date": "2025-11-29",
    "time_in": "11:41:57",
    "time_out": "22:00:55"
  },
  {
    "zk_id": "76",
    "log_date": "2025-11-02",
    "time_in": "06:02:52",
    "time_out": "15:12:46"
  },
  {
    "zk_id": "76",
    "log_date": "2025-11-03",
    "time_in": "06:03:41",
    "time_out": "06:03:41"
  },
  {
    "zk_id": "76",
    "log_date": "2025-11-04",
    "time_in": "05:58:48",
    "time_out": "15:24:11"
  },
  {
    "zk_id": "76",
    "log_date": "2025-11-05",
    "time_in": "06:13:11",
    "time_out": "15:06:57"
  },
  {
    "zk_id": "76",
    "log_date": "2025-11-06",
    "time_in": "05:51:58",
    "time_out": "19:09:46"
  },
  {
    "zk_id": "76",
    "log_date": "2025-11-07",
    "time_in": "06:08:23",
    "time_out": "15:20:34"
  },
  {
    "zk_id": "76",
    "log_date": "2025-11-08",
    "time_in": "06:12:57",
    "time_out": "16:10:20"
  },
  {
    "zk_id": "76",
    "log_date": "2025-11-09",
    "time_in": "06:07:39",
    "time_out": "15:08:05"
  },
  {
    "zk_id": "76",
    "log_date": "2025-11-10",
    "time_in": "06:02:12",
    "time_out": "18:27:11"
  },
  {
    "zk_id": "76",
    "log_date": "2025-11-11",
    "time_in": "06:09:28",
    "time_out": "15:07:29"
  },
  {
    "zk_id": "76",
    "log_date": "2025-11-12",
    "time_in": "05:55:42",
    "time_out": "21:10:58"
  },
  {
    "zk_id": "76",
    "log_date": "2025-11-13",
    "time_in": "06:04:45",
    "time_out": "15:14:16"
  },
  {
    "zk_id": "76",
    "log_date": "2025-11-14",
    "time_in": "06:04:01",
    "time_out": "15:25:56"
  },
  {
    "zk_id": "76",
    "log_date": "2025-11-16",
    "time_in": "06:03:04",
    "time_out": "15:07:51"
  },
  {
    "zk_id": "76",
    "log_date": "2025-11-17",
    "time_in": "05:44:42",
    "time_out": "15:09:46"
  },
  {
    "zk_id": "76",
    "log_date": "2025-11-18",
    "time_in": "06:01:35",
    "time_out": "15:15:52"
  },
  {
    "zk_id": "76",
    "log_date": "2025-11-19",
    "time_in": "06:02:57",
    "time_out": "21:12:08"
  },
  {
    "zk_id": "76",
    "log_date": "2025-11-20",
    "time_in": "05:36:09",
    "time_out": "15:24:31"
  },
  {
    "zk_id": "76",
    "log_date": "2025-11-21",
    "time_in": "05:55:11",
    "time_out": "16:26:35"
  },
  {
    "zk_id": "76",
    "log_date": "2025-11-22",
    "time_in": "05:36:40",
    "time_out": "16:35:48"
  },
  {
    "zk_id": "76",
    "log_date": "2025-11-24",
    "time_in": "05:56:48",
    "time_out": "16:45:27"
  },
  {
    "zk_id": "76",
    "log_date": "2025-11-25",
    "time_in": "06:10:12",
    "time_out": "15:09:46"
  },
  {
    "zk_id": "76",
    "log_date": "2025-11-26",
    "time_in": "06:05:13",
    "time_out": "15:17:22"
  },
  {
    "zk_id": "76",
    "log_date": "2025-11-27",
    "time_in": "05:37:33",
    "time_out": "22:00:22"
  },
  {
    "zk_id": "76",
    "log_date": "2025-11-28",
    "time_in": "06:01:06",
    "time_out": "22:00:15"
  },
  {
    "zk_id": "76",
    "log_date": "2025-11-29",
    "time_in": "06:24:36",
    "time_out": "15:10:13"
  },
  {
    "zk_id": "76",
    "log_date": "2025-11-30",
    "time_in": "09:08:15",
    "time_out": "18:02:19"
  },
  {
    "zk_id": "77",
    "log_date": "2025-11-01",
    "time_in": "15:00:34",
    "time_out": "15:00:34"
  },
  {
    "zk_id": "77",
    "log_date": "2025-11-03",
    "time_in": "06:04:28",
    "time_out": "15:20:35"
  },
  {
    "zk_id": "77",
    "log_date": "2025-11-04",
    "time_in": "06:04:47",
    "time_out": "18:02:40"
  },
  {
    "zk_id": "77",
    "log_date": "2025-11-05",
    "time_in": "06:07:42",
    "time_out": "20:01:03"
  },
  {
    "zk_id": "77",
    "log_date": "2025-11-06",
    "time_in": "06:04:41",
    "time_out": "22:02:05"
  },
  {
    "zk_id": "77",
    "log_date": "2025-11-07",
    "time_in": "06:01:20",
    "time_out": "22:00:15"
  },
  {
    "zk_id": "77",
    "log_date": "2025-11-08",
    "time_in": "06:03:10",
    "time_out": "22:00:28"
  },
  {
    "zk_id": "77",
    "log_date": "2025-11-09",
    "time_in": "06:03:26",
    "time_out": "15:06:21"
  },
  {
    "zk_id": "77",
    "log_date": "2025-11-10",
    "time_in": "06:04:01",
    "time_out": "23:00:02"
  },
  {
    "zk_id": "77",
    "log_date": "2025-11-11",
    "time_in": "06:01:11",
    "time_out": "06:01:11"
  },
  {
    "zk_id": "77",
    "log_date": "2025-11-12",
    "time_in": "00:00:03",
    "time_out": "23:00:04"
  },
  {
    "zk_id": "77",
    "log_date": "2025-11-13",
    "time_in": "06:03:55",
    "time_out": "22:00:15"
  },
  {
    "zk_id": "77",
    "log_date": "2025-11-14",
    "time_in": "06:04:34",
    "time_out": "22:00:16"
  },
  {
    "zk_id": "77",
    "log_date": "2025-11-15",
    "time_in": "06:06:09",
    "time_out": "22:00:03"
  },
  {
    "zk_id": "77",
    "log_date": "2025-11-16",
    "time_in": "06:02:46",
    "time_out": "15:05:38"
  },
  {
    "zk_id": "77",
    "log_date": "2025-11-17",
    "time_in": "06:04:30",
    "time_out": "22:00:03"
  },
  {
    "zk_id": "77",
    "log_date": "2025-11-18",
    "time_in": "06:02:58",
    "time_out": "22:00:52"
  },
  {
    "zk_id": "77",
    "log_date": "2025-11-19",
    "time_in": "06:01:38",
    "time_out": "22:00:19"
  },
  {
    "zk_id": "77",
    "log_date": "2025-11-20",
    "time_in": "06:03:41",
    "time_out": "22:00:41"
  },
  {
    "zk_id": "77",
    "log_date": "2025-11-21",
    "time_in": "06:04:23",
    "time_out": "22:00:07"
  },
  {
    "zk_id": "77",
    "log_date": "2025-11-22",
    "time_in": "06:04:13",
    "time_out": "22:05:12"
  },
  {
    "zk_id": "77",
    "log_date": "2025-11-23",
    "time_in": "06:01:44",
    "time_out": "17:01:23"
  },
  {
    "zk_id": "77",
    "log_date": "2025-11-24",
    "time_in": "22:00:21",
    "time_out": "22:00:21"
  },
  {
    "zk_id": "77",
    "log_date": "2025-11-25",
    "time_in": "06:04:02",
    "time_out": "22:00:18"
  },
  {
    "zk_id": "77",
    "log_date": "2025-11-26",
    "time_in": "06:03:59",
    "time_out": "22:00:16"
  },
  {
    "zk_id": "77",
    "log_date": "2025-11-27",
    "time_in": "06:03:42",
    "time_out": "22:00:11"
  },
  {
    "zk_id": "77",
    "log_date": "2025-11-28",
    "time_in": "06:05:56",
    "time_out": "22:00:10"
  },
  {
    "zk_id": "77",
    "log_date": "2025-11-29",
    "time_in": "06:05:42",
    "time_out": "22:00:11"
  },
  {
    "zk_id": "77",
    "log_date": "2025-11-30",
    "time_in": "13:12:54",
    "time_out": "22:01:14"
  },
  {
    "zk_id": "78",
    "log_date": "2025-11-01",
    "time_in": "05:57:06",
    "time_out": "15:06:50"
  },
  {
    "zk_id": "78",
    "log_date": "2025-11-03",
    "time_in": "05:16:03",
    "time_out": "15:07:06"
  },
  {
    "zk_id": "78",
    "log_date": "2025-11-04",
    "time_in": "05:57:21",
    "time_out": "22:15:34"
  },
  {
    "zk_id": "78",
    "log_date": "2025-11-05",
    "time_in": "05:47:11",
    "time_out": "15:06:13"
  },
  {
    "zk_id": "78",
    "log_date": "2025-11-06",
    "time_in": "05:52:59",
    "time_out": "22:02:31"
  },
  {
    "zk_id": "78",
    "log_date": "2025-11-07",
    "time_in": "05:38:08",
    "time_out": "22:14:54"
  },
  {
    "zk_id": "78",
    "log_date": "2025-11-08",
    "time_in": "05:38:06",
    "time_out": "22:01:59"
  },
  {
    "zk_id": "78",
    "log_date": "2025-11-09",
    "time_in": "05:49:25",
    "time_out": "15:01:25"
  },
  {
    "zk_id": "78",
    "log_date": "2025-11-10",
    "time_in": "05:58:04",
    "time_out": "23:02:10"
  },
  {
    "zk_id": "78",
    "log_date": "2025-11-11",
    "time_in": "05:47:57",
    "time_out": "23:00:06"
  },
  {
    "zk_id": "78",
    "log_date": "2025-11-12",
    "time_in": "04:00:37",
    "time_out": "23:00:31"
  },
  {
    "zk_id": "78",
    "log_date": "2025-11-13",
    "time_in": "05:40:50",
    "time_out": "22:01:45"
  },
  {
    "zk_id": "78",
    "log_date": "2025-11-14",
    "time_in": "05:59:48",
    "time_out": "15:01:42"
  },
  {
    "zk_id": "78",
    "log_date": "2025-11-15",
    "time_in": "05:53:29",
    "time_out": "22:01:27"
  },
  {
    "zk_id": "78",
    "log_date": "2025-11-16",
    "time_in": "05:42:39",
    "time_out": "15:02:28"
  },
  {
    "zk_id": "78",
    "log_date": "2025-11-17",
    "time_in": "05:37:35",
    "time_out": "18:06:07"
  },
  {
    "zk_id": "78",
    "log_date": "2025-11-18",
    "time_in": "05:56:41",
    "time_out": "22:01:37"
  },
  {
    "zk_id": "78",
    "log_date": "2025-11-19",
    "time_in": "05:43:36",
    "time_out": "22:02:28"
  },
  {
    "zk_id": "78",
    "log_date": "2025-11-20",
    "time_in": "05:35:29",
    "time_out": "22:02:58"
  },
  {
    "zk_id": "78",
    "log_date": "2025-11-21",
    "time_in": "05:42:32",
    "time_out": "05:42:32"
  },
  {
    "zk_id": "78",
    "log_date": "2025-11-22",
    "time_in": "02:04:38",
    "time_out": "22:03:08"
  },
  {
    "zk_id": "78",
    "log_date": "2025-11-23",
    "time_in": "05:48:41",
    "time_out": "17:01:05"
  },
  {
    "zk_id": "78",
    "log_date": "2025-11-24",
    "time_in": "03:40:41",
    "time_out": "22:03:34"
  },
  {
    "zk_id": "78",
    "log_date": "2025-11-25",
    "time_in": "06:01:33",
    "time_out": "22:02:42"
  },
  {
    "zk_id": "78",
    "log_date": "2025-11-26",
    "time_in": "05:39:43",
    "time_out": "22:03:00"
  },
  {
    "zk_id": "78",
    "log_date": "2025-11-27",
    "time_in": "05:41:44",
    "time_out": "22:02:45"
  },
  {
    "zk_id": "78",
    "log_date": "2025-11-28",
    "time_in": "05:56:33",
    "time_out": "22:04:03"
  },
  {
    "zk_id": "78",
    "log_date": "2025-11-29",
    "time_in": "05:41:30",
    "time_out": "22:02:59"
  },
  {
    "zk_id": "78",
    "log_date": "2025-11-30",
    "time_in": "06:00:47",
    "time_out": "16:13:36"
  },
  {
    "zk_id": "79",
    "log_date": "2025-11-02",
    "time_in": "05:45:50",
    "time_out": "15:04:20"
  },
  {
    "zk_id": "79",
    "log_date": "2025-11-03",
    "time_in": "05:33:58",
    "time_out": "15:05:50"
  },
  {
    "zk_id": "79",
    "log_date": "2025-11-04",
    "time_in": "05:28:38",
    "time_out": "22:15:48"
  },
  {
    "zk_id": "79",
    "log_date": "2025-11-05",
    "time_in": "05:51:36",
    "time_out": "15:05:59"
  },
  {
    "zk_id": "79",
    "log_date": "2025-11-06",
    "time_in": "05:56:03",
    "time_out": "22:02:36"
  },
  {
    "zk_id": "79",
    "log_date": "2025-11-07",
    "time_in": "05:51:25",
    "time_out": "22:01:58"
  },
  {
    "zk_id": "79",
    "log_date": "2025-11-08",
    "time_in": "05:51:58",
    "time_out": "22:02:11"
  },
  {
    "zk_id": "79",
    "log_date": "2025-11-09",
    "time_in": "05:52:36",
    "time_out": "15:01:13"
  },
  {
    "zk_id": "79",
    "log_date": "2025-11-10",
    "time_in": "05:45:38",
    "time_out": "23:02:24"
  },
  {
    "zk_id": "79",
    "log_date": "2025-11-11",
    "time_in": "05:50:13",
    "time_out": "23:00:11"
  },
  {
    "zk_id": "79",
    "log_date": "2025-11-12",
    "time_in": "04:00:13",
    "time_out": "23:02:06"
  },
  {
    "zk_id": "79",
    "log_date": "2025-11-13",
    "time_in": "05:56:26",
    "time_out": "22:00:49"
  },
  {
    "zk_id": "79",
    "log_date": "2025-11-14",
    "time_in": "05:58:46",
    "time_out": "15:01:39"
  },
  {
    "zk_id": "79",
    "log_date": "2025-11-16",
    "time_in": "05:57:05",
    "time_out": "15:06:13"
  },
  {
    "zk_id": "79",
    "log_date": "2025-11-17",
    "time_in": "05:37:24",
    "time_out": "18:06:13"
  },
  {
    "zk_id": "79",
    "log_date": "2025-11-18",
    "time_in": "05:41:29",
    "time_out": "22:03:10"
  },
  {
    "zk_id": "79",
    "log_date": "2025-11-19",
    "time_in": "05:44:23",
    "time_out": "22:02:25"
  },
  {
    "zk_id": "79",
    "log_date": "2025-11-20",
    "time_in": "05:53:37",
    "time_out": "22:03:21"
  },
  {
    "zk_id": "79",
    "log_date": "2025-11-21",
    "time_in": "05:53:56",
    "time_out": "05:53:56"
  },
  {
    "zk_id": "79",
    "log_date": "2025-11-22",
    "time_in": "02:04:46",
    "time_out": "22:03:35"
  },
  {
    "zk_id": "79",
    "log_date": "2025-11-24",
    "time_in": "03:53:13",
    "time_out": "22:03:31"
  },
  {
    "zk_id": "79",
    "log_date": "2025-11-25",
    "time_in": "05:45:08",
    "time_out": "22:03:25"
  },
  {
    "zk_id": "79",
    "log_date": "2025-11-26",
    "time_in": "05:43:48",
    "time_out": "22:00:59"
  },
  {
    "zk_id": "79",
    "log_date": "2025-11-27",
    "time_in": "05:54:58",
    "time_out": "22:03:39"
  },
  {
    "zk_id": "79",
    "log_date": "2025-11-28",
    "time_in": "05:54:54",
    "time_out": "22:03:34"
  },
  {
    "zk_id": "79",
    "log_date": "2025-11-29",
    "time_in": "05:52:39",
    "time_out": "22:03:19"
  },
  {
    "zk_id": "79",
    "log_date": "2025-11-30",
    "time_in": "05:46:35",
    "time_out": "16:14:35"
  },
  {
    "zk_id": "8",
    "log_date": "2025-11-01",
    "time_in": "19:35:27",
    "time_out": "19:35:27"
  },
  {
    "zk_id": "8",
    "log_date": "2025-11-02",
    "time_in": "08:15:30",
    "time_out": "19:39:34"
  },
  {
    "zk_id": "8",
    "log_date": "2025-11-03",
    "time_in": "08:13:18",
    "time_out": "08:13:18"
  },
  {
    "zk_id": "8",
    "log_date": "2025-11-07",
    "time_in": "07:55:22",
    "time_out": "20:16:00"
  },
  {
    "zk_id": "8",
    "log_date": "2025-11-08",
    "time_in": "07:57:20",
    "time_out": "20:13:22"
  },
  {
    "zk_id": "8",
    "log_date": "2025-11-09",
    "time_in": "19:50:34",
    "time_out": "19:50:34"
  },
  {
    "zk_id": "8",
    "log_date": "2025-11-10",
    "time_in": "08:16:05",
    "time_out": "19:55:19"
  },
  {
    "zk_id": "8",
    "log_date": "2025-11-11",
    "time_in": "08:29:14",
    "time_out": "08:29:14"
  },
  {
    "zk_id": "8",
    "log_date": "2025-11-13",
    "time_in": "07:48:05",
    "time_out": "17:15:20"
  },
  {
    "zk_id": "8",
    "log_date": "2025-11-14",
    "time_in": "07:48:52",
    "time_out": "17:15:12"
  },
  {
    "zk_id": "8",
    "log_date": "2025-11-15",
    "time_in": "07:56:52",
    "time_out": "20:15:46"
  },
  {
    "zk_id": "8",
    "log_date": "2025-11-16",
    "time_in": "07:54:14",
    "time_out": "20:15:47"
  },
  {
    "zk_id": "8",
    "log_date": "2025-11-17",
    "time_in": "19:50:45",
    "time_out": "19:50:45"
  },
  {
    "zk_id": "8",
    "log_date": "2025-11-18",
    "time_in": "08:17:25",
    "time_out": "19:51:21"
  },
  {
    "zk_id": "8",
    "log_date": "2025-11-19",
    "time_in": "08:20:42",
    "time_out": "08:20:42"
  },
  {
    "zk_id": "8",
    "log_date": "2025-11-22",
    "time_in": "07:38:22",
    "time_out": "17:16:38"
  },
  {
    "zk_id": "8",
    "log_date": "2025-11-23",
    "time_in": "07:53:25",
    "time_out": "20:16:08"
  },
  {
    "zk_id": "8",
    "log_date": "2025-11-24",
    "time_in": "07:53:58",
    "time_out": "20:16:35"
  },
  {
    "zk_id": "8",
    "log_date": "2025-11-25",
    "time_in": "19:40:18",
    "time_out": "19:40:18"
  },
  {
    "zk_id": "8",
    "log_date": "2025-11-26",
    "time_in": "08:16:10",
    "time_out": "19:42:27"
  },
  {
    "zk_id": "8",
    "log_date": "2025-11-27",
    "time_in": "08:16:28",
    "time_out": "08:16:28"
  },
  {
    "zk_id": "80",
    "log_date": "2025-11-01",
    "time_in": "05:52:09",
    "time_out": "15:06:46"
  },
  {
    "zk_id": "80",
    "log_date": "2025-11-03",
    "time_in": "05:58:17",
    "time_out": "15:06:34"
  },
  {
    "zk_id": "80",
    "log_date": "2025-11-04",
    "time_in": "06:04:05",
    "time_out": "06:04:05"
  },
  {
    "zk_id": "80",
    "log_date": "2025-11-07",
    "time_in": "06:22:39",
    "time_out": "22:00:08"
  },
  {
    "zk_id": "80",
    "log_date": "2025-11-08",
    "time_in": "06:51:10",
    "time_out": "22:01:45"
  },
  {
    "zk_id": "80",
    "log_date": "2025-11-09",
    "time_in": "06:04:39",
    "time_out": "15:02:07"
  },
  {
    "zk_id": "80",
    "log_date": "2025-11-10",
    "time_in": "06:19:13",
    "time_out": "23:02:08"
  },
  {
    "zk_id": "80",
    "log_date": "2025-11-11",
    "time_in": "05:46:38",
    "time_out": "23:00:27"
  },
  {
    "zk_id": "80",
    "log_date": "2025-11-12",
    "time_in": "03:49:26",
    "time_out": "23:00:47"
  },
  {
    "zk_id": "80",
    "log_date": "2025-11-13",
    "time_in": "06:25:20",
    "time_out": "22:00:54"
  },
  {
    "zk_id": "80",
    "log_date": "2025-11-14",
    "time_in": "05:49:42",
    "time_out": "15:03:20"
  },
  {
    "zk_id": "80",
    "log_date": "2025-11-15",
    "time_in": "05:57:44",
    "time_out": "22:01:38"
  },
  {
    "zk_id": "80",
    "log_date": "2025-11-16",
    "time_in": "06:01:52",
    "time_out": "15:02:54"
  },
  {
    "zk_id": "80",
    "log_date": "2025-11-17",
    "time_in": "05:54:37",
    "time_out": "18:06:35"
  },
  {
    "zk_id": "80",
    "log_date": "2025-11-18",
    "time_in": "05:57:43",
    "time_out": "22:02:18"
  },
  {
    "zk_id": "80",
    "log_date": "2025-11-19",
    "time_in": "06:05:35",
    "time_out": "22:00:12"
  },
  {
    "zk_id": "80",
    "log_date": "2025-11-20",
    "time_in": "05:52:28",
    "time_out": "22:00:38"
  },
  {
    "zk_id": "80",
    "log_date": "2025-11-21",
    "time_in": "05:51:50",
    "time_out": "05:51:50"
  },
  {
    "zk_id": "80",
    "log_date": "2025-11-22",
    "time_in": "02:04:27",
    "time_out": "02:04:27"
  },
  {
    "zk_id": "80",
    "log_date": "2025-11-24",
    "time_in": "03:55:48",
    "time_out": "21:04:23"
  },
  {
    "zk_id": "80",
    "log_date": "2025-11-25",
    "time_in": "06:01:43",
    "time_out": "22:01:47"
  },
  {
    "zk_id": "80",
    "log_date": "2025-11-26",
    "time_in": "05:54:41",
    "time_out": "22:00:13"
  },
  {
    "zk_id": "80",
    "log_date": "2025-11-27",
    "time_in": "06:02:56",
    "time_out": "22:02:00"
  },
  {
    "zk_id": "80",
    "log_date": "2025-11-28",
    "time_in": "05:51:23",
    "time_out": "22:03:56"
  },
  {
    "zk_id": "80",
    "log_date": "2025-11-30",
    "time_in": "06:30:22",
    "time_out": "16:13:41"
  },
  {
    "zk_id": "81",
    "log_date": "2025-11-02",
    "time_in": "06:04:02",
    "time_out": "15:00:36"
  },
  {
    "zk_id": "81",
    "log_date": "2025-11-03",
    "time_in": "05:50:24",
    "time_out": "15:13:02"
  },
  {
    "zk_id": "81",
    "log_date": "2025-11-06",
    "time_in": "05:56:44",
    "time_out": "10:02:23"
  },
  {
    "zk_id": "81",
    "log_date": "2025-11-09",
    "time_in": "07:00:40",
    "time_out": "11:48:14"
  },
  {
    "zk_id": "81",
    "log_date": "2025-11-10",
    "time_in": "05:57:51",
    "time_out": "15:05:16"
  },
  {
    "zk_id": "81",
    "log_date": "2025-11-11",
    "time_in": "06:09:25",
    "time_out": "21:51:37"
  },
  {
    "zk_id": "81",
    "log_date": "2025-11-12",
    "time_in": "06:06:49",
    "time_out": "06:06:49"
  },
  {
    "zk_id": "81",
    "log_date": "2025-11-13",
    "time_in": "06:10:00",
    "time_out": "16:34:29"
  },
  {
    "zk_id": "81",
    "log_date": "2025-11-14",
    "time_in": "06:13:51",
    "time_out": "15:00:13"
  },
  {
    "zk_id": "81",
    "log_date": "2025-11-17",
    "time_in": "05:54:15",
    "time_out": "18:05:56"
  },
  {
    "zk_id": "81",
    "log_date": "2025-11-18",
    "time_in": "05:49:19",
    "time_out": "15:09:34"
  },
  {
    "zk_id": "81",
    "log_date": "2025-11-19",
    "time_in": "06:15:05",
    "time_out": "16:04:03"
  },
  {
    "zk_id": "81",
    "log_date": "2025-11-20",
    "time_in": "05:52:13",
    "time_out": "15:02:21"
  },
  {
    "zk_id": "81",
    "log_date": "2025-11-21",
    "time_in": "05:58:40",
    "time_out": "05:58:40"
  },
  {
    "zk_id": "81",
    "log_date": "2025-11-23",
    "time_in": "15:01:27",
    "time_out": "15:01:27"
  },
  {
    "zk_id": "81",
    "log_date": "2025-11-24",
    "time_in": "06:04:17",
    "time_out": "18:03:19"
  },
  {
    "zk_id": "81",
    "log_date": "2025-11-25",
    "time_in": "06:22:44",
    "time_out": "18:23:31"
  },
  {
    "zk_id": "81",
    "log_date": "2025-11-26",
    "time_in": "05:55:53",
    "time_out": "16:17:18"
  },
  {
    "zk_id": "81",
    "log_date": "2025-11-27",
    "time_in": "06:00:14",
    "time_out": "18:41:41"
  },
  {
    "zk_id": "81",
    "log_date": "2025-11-28",
    "time_in": "05:45:16",
    "time_out": "15:03:43"
  },
  {
    "zk_id": "81",
    "log_date": "2025-11-30",
    "time_in": "06:13:37",
    "time_out": "15:04:56"
  },
  {
    "zk_id": "82",
    "log_date": "2025-11-02",
    "time_in": "06:02:23",
    "time_out": "15:00:47"
  },
  {
    "zk_id": "82",
    "log_date": "2025-11-03",
    "time_in": "06:09:11",
    "time_out": "15:15:02"
  },
  {
    "zk_id": "82",
    "log_date": "2025-11-05",
    "time_in": "06:18:41",
    "time_out": "15:19:09"
  },
  {
    "zk_id": "82",
    "log_date": "2025-11-06",
    "time_in": "06:04:24",
    "time_out": "15:10:02"
  },
  {
    "zk_id": "82",
    "log_date": "2025-11-07",
    "time_in": "06:18:57",
    "time_out": "19:02:00"
  },
  {
    "zk_id": "82",
    "log_date": "2025-11-08",
    "time_in": "07:01:33",
    "time_out": "16:09:47"
  },
  {
    "zk_id": "82",
    "log_date": "2025-11-09",
    "time_in": "06:11:55",
    "time_out": "15:08:23"
  },
  {
    "zk_id": "82",
    "log_date": "2025-11-10",
    "time_in": "06:05:39",
    "time_out": "23:01:27"
  },
  {
    "zk_id": "82",
    "log_date": "2025-11-11",
    "time_in": "06:09:57",
    "time_out": "23:00:21"
  },
  {
    "zk_id": "82",
    "log_date": "2025-11-12",
    "time_in": "06:08:26",
    "time_out": "22:04:29"
  },
  {
    "zk_id": "82",
    "log_date": "2025-11-13",
    "time_in": "06:05:34",
    "time_out": "22:01:11"
  },
  {
    "zk_id": "82",
    "log_date": "2025-11-14",
    "time_in": "06:13:55",
    "time_out": "15:15:24"
  },
  {
    "zk_id": "82",
    "log_date": "2025-11-17",
    "time_in": "06:09:59",
    "time_out": "22:02:25"
  },
  {
    "zk_id": "82",
    "log_date": "2025-11-18",
    "time_in": "06:10:49",
    "time_out": "22:01:48"
  },
  {
    "zk_id": "82",
    "log_date": "2025-11-19",
    "time_in": "06:15:22",
    "time_out": "22:00:23"
  },
  {
    "zk_id": "82",
    "log_date": "2025-11-20",
    "time_in": "06:06:04",
    "time_out": "22:02:54"
  },
  {
    "zk_id": "82",
    "log_date": "2025-11-21",
    "time_in": "06:07:18",
    "time_out": "22:00:30"
  },
  {
    "zk_id": "82",
    "log_date": "2025-11-22",
    "time_in": "06:09:59",
    "time_out": "22:02:43"
  },
  {
    "zk_id": "82",
    "log_date": "2025-11-23",
    "time_in": "07:00:43",
    "time_out": "07:00:43"
  },
  {
    "zk_id": "82",
    "log_date": "2025-11-24",
    "time_in": "04:27:18",
    "time_out": "22:03:09"
  },
  {
    "zk_id": "82",
    "log_date": "2025-11-26",
    "time_in": "06:00:17",
    "time_out": "22:03:21"
  },
  {
    "zk_id": "82",
    "log_date": "2025-11-27",
    "time_in": "06:08:56",
    "time_out": "22:03:32"
  },
  {
    "zk_id": "82",
    "log_date": "2025-11-28",
    "time_in": "06:15:35",
    "time_out": "22:00:36"
  },
  {
    "zk_id": "82",
    "log_date": "2025-11-29",
    "time_in": "06:09:56",
    "time_out": "22:01:01"
  },
  {
    "zk_id": "83",
    "log_date": "2025-11-01",
    "time_in": "06:01:59",
    "time_out": "15:01:55"
  },
  {
    "zk_id": "83",
    "log_date": "2025-11-03",
    "time_in": "06:00:52",
    "time_out": "15:16:44"
  },
  {
    "zk_id": "83",
    "log_date": "2025-11-04",
    "time_in": "15:02:39",
    "time_out": "15:02:39"
  },
  {
    "zk_id": "83",
    "log_date": "2025-11-05",
    "time_in": "05:59:17",
    "time_out": "15:04:04"
  },
  {
    "zk_id": "83",
    "log_date": "2025-11-06",
    "time_in": "05:57:24",
    "time_out": "15:01:49"
  },
  {
    "zk_id": "83",
    "log_date": "2025-11-07",
    "time_in": "06:02:01",
    "time_out": "06:02:01"
  },
  {
    "zk_id": "83",
    "log_date": "2025-11-08",
    "time_in": "06:50:22",
    "time_out": "15:04:40"
  },
  {
    "zk_id": "83",
    "log_date": "2025-11-10",
    "time_in": "06:25:22",
    "time_out": "23:01:52"
  },
  {
    "zk_id": "83",
    "log_date": "2025-11-11",
    "time_in": "05:57:28",
    "time_out": "23:00:38"
  },
  {
    "zk_id": "83",
    "log_date": "2025-11-12",
    "time_in": "06:06:10",
    "time_out": "22:02:13"
  },
  {
    "zk_id": "83",
    "log_date": "2025-11-13",
    "time_in": "06:06:18",
    "time_out": "22:02:36"
  },
  {
    "zk_id": "83",
    "log_date": "2025-11-14",
    "time_in": "05:59:07",
    "time_out": "15:01:28"
  },
  {
    "zk_id": "83",
    "log_date": "2025-11-15",
    "time_in": "06:04:46",
    "time_out": "15:02:24"
  },
  {
    "zk_id": "83",
    "log_date": "2025-11-18",
    "time_in": "06:04:08",
    "time_out": "22:01:13"
  },
  {
    "zk_id": "83",
    "log_date": "2025-11-19",
    "time_in": "06:07:00",
    "time_out": "22:00:34"
  },
  {
    "zk_id": "83",
    "log_date": "2025-11-20",
    "time_in": "06:10:17",
    "time_out": "22:03:17"
  },
  {
    "zk_id": "83",
    "log_date": "2025-11-21",
    "time_in": "06:04:34",
    "time_out": "22:02:54"
  },
  {
    "zk_id": "83",
    "log_date": "2025-11-22",
    "time_in": "05:54:16",
    "time_out": "22:00:09"
  },
  {
    "zk_id": "83",
    "log_date": "2025-11-23",
    "time_in": "05:41:24",
    "time_out": "22:00:36"
  },
  {
    "zk_id": "83",
    "log_date": "2025-11-24",
    "time_in": "06:11:12",
    "time_out": "22:00:08"
  },
  {
    "zk_id": "83",
    "log_date": "2025-11-25",
    "time_in": "22:00:30",
    "time_out": "22:00:30"
  },
  {
    "zk_id": "83",
    "log_date": "2025-11-26",
    "time_in": "05:55:50",
    "time_out": "22:00:12"
  },
  {
    "zk_id": "83",
    "log_date": "2025-11-27",
    "time_in": "06:01:22",
    "time_out": "06:01:22"
  },
  {
    "zk_id": "83",
    "log_date": "2025-11-28",
    "time_in": "05:58:12",
    "time_out": "22:00:39"
  },
  {
    "zk_id": "83",
    "log_date": "2025-11-29",
    "time_in": "22:00:40",
    "time_out": "22:00:40"
  },
  {
    "zk_id": "84",
    "log_date": "2025-11-01",
    "time_in": "15:50:11",
    "time_out": "15:50:11"
  },
  {
    "zk_id": "84",
    "log_date": "2025-11-02",
    "time_in": "07:44:35",
    "time_out": "17:03:42"
  },
  {
    "zk_id": "84",
    "log_date": "2025-11-05",
    "time_in": "05:42:40",
    "time_out": "15:21:06"
  },
  {
    "zk_id": "84",
    "log_date": "2025-11-06",
    "time_in": "07:13:37",
    "time_out": "17:19:35"
  },
  {
    "zk_id": "84",
    "log_date": "2025-11-07",
    "time_in": "15:24:09",
    "time_out": "15:24:09"
  },
  {
    "zk_id": "84",
    "log_date": "2025-11-08",
    "time_in": "17:03:52",
    "time_out": "17:03:52"
  },
  {
    "zk_id": "84",
    "log_date": "2025-11-10",
    "time_in": "20:10:12",
    "time_out": "20:10:12"
  },
  {
    "zk_id": "84",
    "log_date": "2025-11-11",
    "time_in": "08:05:36",
    "time_out": "17:03:53"
  },
  {
    "zk_id": "84",
    "log_date": "2025-11-12",
    "time_in": "17:06:34",
    "time_out": "17:06:34"
  },
  {
    "zk_id": "84",
    "log_date": "2025-11-13",
    "time_in": "05:59:47",
    "time_out": "17:02:46"
  },
  {
    "zk_id": "84",
    "log_date": "2025-11-15",
    "time_in": "06:02:46",
    "time_out": "11:36:30"
  },
  {
    "zk_id": "84",
    "log_date": "2025-11-16",
    "time_in": "07:37:31",
    "time_out": "17:03:24"
  },
  {
    "zk_id": "84",
    "log_date": "2025-11-17",
    "time_in": "15:02:21",
    "time_out": "15:02:21"
  },
  {
    "zk_id": "84",
    "log_date": "2025-11-18",
    "time_in": "07:34:47",
    "time_out": "17:11:37"
  },
  {
    "zk_id": "84",
    "log_date": "2025-11-19",
    "time_in": "15:03:27",
    "time_out": "15:03:27"
  },
  {
    "zk_id": "84",
    "log_date": "2025-11-20",
    "time_in": "15:13:42",
    "time_out": "15:13:42"
  },
  {
    "zk_id": "84",
    "log_date": "2025-11-21",
    "time_in": "22:03:35",
    "time_out": "22:03:35"
  },
  {
    "zk_id": "84",
    "log_date": "2025-11-22",
    "time_in": "21:00:59",
    "time_out": "21:00:59"
  },
  {
    "zk_id": "84",
    "log_date": "2025-11-25",
    "time_in": "08:12:20",
    "time_out": "08:12:20"
  },
  {
    "zk_id": "84",
    "log_date": "2025-11-26",
    "time_in": "07:21:44",
    "time_out": "21:02:24"
  },
  {
    "zk_id": "84",
    "log_date": "2025-11-27",
    "time_in": "07:05:51",
    "time_out": "07:05:51"
  },
  {
    "zk_id": "84",
    "log_date": "2025-11-28",
    "time_in": "07:05:40",
    "time_out": "18:03:30"
  },
  {
    "zk_id": "84",
    "log_date": "2025-11-29",
    "time_in": "20:03:11",
    "time_out": "20:03:11"
  },
  {
    "zk_id": "85",
    "log_date": "2025-11-01",
    "time_in": "05:56:19",
    "time_out": "15:00:41"
  },
  {
    "zk_id": "85",
    "log_date": "2025-11-03",
    "time_in": "05:59:44",
    "time_out": "17:03:43"
  },
  {
    "zk_id": "85",
    "log_date": "2025-11-04",
    "time_in": "05:48:13",
    "time_out": "15:02:46"
  },
  {
    "zk_id": "85",
    "log_date": "2025-11-05",
    "time_in": "05:56:55",
    "time_out": "22:02:01"
  },
  {
    "zk_id": "85",
    "log_date": "2025-11-06",
    "time_in": "05:59:44",
    "time_out": "22:01:52"
  },
  {
    "zk_id": "85",
    "log_date": "2025-11-07",
    "time_in": "05:58:59",
    "time_out": "22:00:51"
  },
  {
    "zk_id": "85",
    "log_date": "2025-11-08",
    "time_in": "06:00:52",
    "time_out": "06:00:52"
  },
  {
    "zk_id": "85",
    "log_date": "2025-11-09",
    "time_in": "06:54:58",
    "time_out": "17:01:10"
  },
  {
    "zk_id": "85",
    "log_date": "2025-11-10",
    "time_in": "05:50:53",
    "time_out": "05:50:53"
  },
  {
    "zk_id": "85",
    "log_date": "2025-11-11",
    "time_in": "05:57:06",
    "time_out": "05:57:06"
  },
  {
    "zk_id": "85",
    "log_date": "2025-11-12",
    "time_in": "00:00:18",
    "time_out": "22:04:52"
  },
  {
    "zk_id": "85",
    "log_date": "2025-11-13",
    "time_in": "05:57:48",
    "time_out": "22:04:20"
  },
  {
    "zk_id": "85",
    "log_date": "2025-11-14",
    "time_in": "05:56:33",
    "time_out": "05:56:33"
  },
  {
    "zk_id": "85",
    "log_date": "2025-11-15",
    "time_in": "06:15:25",
    "time_out": "22:04:04"
  },
  {
    "zk_id": "85",
    "log_date": "2025-11-16",
    "time_in": "05:58:34",
    "time_out": "15:01:20"
  },
  {
    "zk_id": "85",
    "log_date": "2025-11-17",
    "time_in": "06:01:23",
    "time_out": "22:02:27"
  },
  {
    "zk_id": "85",
    "log_date": "2025-11-18",
    "time_in": "05:57:14",
    "time_out": "22:03:37"
  },
  {
    "zk_id": "85",
    "log_date": "2025-11-19",
    "time_in": "06:00:50",
    "time_out": "22:03:15"
  },
  {
    "zk_id": "85",
    "log_date": "2025-11-20",
    "time_in": "05:58:44",
    "time_out": "22:03:09"
  },
  {
    "zk_id": "85",
    "log_date": "2025-11-21",
    "time_in": "06:01:31",
    "time_out": "22:02:48"
  },
  {
    "zk_id": "85",
    "log_date": "2025-11-22",
    "time_in": "05:52:26",
    "time_out": "22:09:07"
  },
  {
    "zk_id": "85",
    "log_date": "2025-11-23",
    "time_in": "05:53:41",
    "time_out": "15:33:27"
  },
  {
    "zk_id": "85",
    "log_date": "2025-11-24",
    "time_in": "06:00:34",
    "time_out": "22:03:47"
  },
  {
    "zk_id": "85",
    "log_date": "2025-11-25",
    "time_in": "05:47:48",
    "time_out": "22:04:22"
  },
  {
    "zk_id": "85",
    "log_date": "2025-11-26",
    "time_in": "05:59:33",
    "time_out": "22:03:10"
  },
  {
    "zk_id": "85",
    "log_date": "2025-11-27",
    "time_in": "05:58:39",
    "time_out": "22:04:48"
  },
  {
    "zk_id": "85",
    "log_date": "2025-11-28",
    "time_in": "05:56:26",
    "time_out": "22:04:08"
  },
  {
    "zk_id": "85",
    "log_date": "2025-11-29",
    "time_in": "05:59:02",
    "time_out": "22:03:24"
  },
  {
    "zk_id": "85",
    "log_date": "2025-11-30",
    "time_in": "05:52:20",
    "time_out": "15:14:34"
  },
  {
    "zk_id": "86",
    "log_date": "2025-11-01",
    "time_in": "05:43:20",
    "time_out": "15:02:02"
  },
  {
    "zk_id": "86",
    "log_date": "2025-11-03",
    "time_in": "06:55:50",
    "time_out": "15:38:16"
  },
  {
    "zk_id": "86",
    "log_date": "2025-11-04",
    "time_in": "05:43:57",
    "time_out": "18:02:52"
  },
  {
    "zk_id": "86",
    "log_date": "2025-11-05",
    "time_in": "05:53:05",
    "time_out": "20:01:16"
  },
  {
    "zk_id": "86",
    "log_date": "2025-11-06",
    "time_in": "05:47:35",
    "time_out": "22:00:44"
  },
  {
    "zk_id": "86",
    "log_date": "2025-11-07",
    "time_in": "05:47:41",
    "time_out": "22:02:17"
  },
  {
    "zk_id": "86",
    "log_date": "2025-11-08",
    "time_in": "05:45:51",
    "time_out": "05:45:51"
  },
  {
    "zk_id": "86",
    "log_date": "2025-11-09",
    "time_in": "05:59:06",
    "time_out": "15:06:33"
  },
  {
    "zk_id": "86",
    "log_date": "2025-11-10",
    "time_in": "06:50:29",
    "time_out": "23:02:51"
  },
  {
    "zk_id": "86",
    "log_date": "2025-11-11",
    "time_in": "05:47:40",
    "time_out": "05:47:40"
  },
  {
    "zk_id": "86",
    "log_date": "2025-11-12",
    "time_in": "06:12:55",
    "time_out": "23:03:03"
  },
  {
    "zk_id": "86",
    "log_date": "2025-11-13",
    "time_in": "05:44:58",
    "time_out": "05:44:58"
  },
  {
    "zk_id": "86",
    "log_date": "2025-11-14",
    "time_in": "20:08:51",
    "time_out": "20:08:51"
  },
  {
    "zk_id": "86",
    "log_date": "2025-11-15",
    "time_in": "05:39:33",
    "time_out": "15:03:20"
  },
  {
    "zk_id": "86",
    "log_date": "2025-11-17",
    "time_in": "05:43:02",
    "time_out": "22:03:35"
  },
  {
    "zk_id": "86",
    "log_date": "2025-11-19",
    "time_in": "10:48:28",
    "time_out": "22:00:10"
  },
  {
    "zk_id": "86",
    "log_date": "2025-11-20",
    "time_in": "05:44:29",
    "time_out": "22:02:51"
  },
  {
    "zk_id": "86",
    "log_date": "2025-11-21",
    "time_in": "05:45:15",
    "time_out": "22:00:20"
  },
  {
    "zk_id": "86",
    "log_date": "2025-11-22",
    "time_in": "05:45:54",
    "time_out": "05:45:54"
  },
  {
    "zk_id": "86",
    "log_date": "2025-11-23",
    "time_in": "06:21:29",
    "time_out": "17:02:48"
  },
  {
    "zk_id": "86",
    "log_date": "2025-11-24",
    "time_in": "04:25:26",
    "time_out": "22:00:05"
  },
  {
    "zk_id": "86",
    "log_date": "2025-11-25",
    "time_in": "05:44:38",
    "time_out": "22:00:03"
  },
  {
    "zk_id": "86",
    "log_date": "2025-11-26",
    "time_in": "05:53:13",
    "time_out": "22:03:42"
  },
  {
    "zk_id": "86",
    "log_date": "2025-11-27",
    "time_in": "05:43:38",
    "time_out": "22:03:25"
  },
  {
    "zk_id": "86",
    "log_date": "2025-11-28",
    "time_in": "05:46:57",
    "time_out": "22:00:26"
  },
  {
    "zk_id": "86",
    "log_date": "2025-11-29",
    "time_in": "05:18:34",
    "time_out": "22:03:37"
  },
  {
    "zk_id": "88",
    "log_date": "2025-11-01",
    "time_in": "06:20:38",
    "time_out": "06:23:24"
  },
  {
    "zk_id": "88",
    "log_date": "2025-11-02",
    "time_in": "06:35:34",
    "time_out": "19:52:05"
  },
  {
    "zk_id": "88",
    "log_date": "2025-11-03",
    "time_in": "20:47:50",
    "time_out": "20:47:50"
  },
  {
    "zk_id": "88",
    "log_date": "2025-11-04",
    "time_in": "06:00:55",
    "time_out": "06:06:07"
  },
  {
    "zk_id": "88",
    "log_date": "2025-11-05",
    "time_in": "06:57:24",
    "time_out": "16:34:20"
  },
  {
    "zk_id": "88",
    "log_date": "2025-11-07",
    "time_in": "07:41:58",
    "time_out": "22:30:16"
  },
  {
    "zk_id": "88",
    "log_date": "2025-11-08",
    "time_in": "08:10:34",
    "time_out": "16:31:17"
  },
  {
    "zk_id": "88",
    "log_date": "2025-11-10",
    "time_in": "07:14:41",
    "time_out": "16:33:37"
  },
  {
    "zk_id": "88",
    "log_date": "2025-11-12",
    "time_in": "07:34:48",
    "time_out": "07:34:48"
  },
  {
    "zk_id": "88",
    "log_date": "2025-11-13",
    "time_in": "06:14:02",
    "time_out": "20:02:18"
  },
  {
    "zk_id": "88",
    "log_date": "2025-11-14",
    "time_in": "07:58:07",
    "time_out": "16:33:31"
  },
  {
    "zk_id": "88",
    "log_date": "2025-11-15",
    "time_in": "07:49:05",
    "time_out": "16:34:57"
  },
  {
    "zk_id": "88",
    "log_date": "2025-11-19",
    "time_in": "07:06:47",
    "time_out": "07:06:47"
  },
  {
    "zk_id": "88",
    "log_date": "2025-11-20",
    "time_in": "07:00:01",
    "time_out": "07:00:01"
  },
  {
    "zk_id": "88",
    "log_date": "2025-11-21",
    "time_in": "06:03:13",
    "time_out": "23:30:16"
  },
  {
    "zk_id": "88",
    "log_date": "2025-11-22",
    "time_in": "07:10:09",
    "time_out": "07:10:09"
  },
  {
    "zk_id": "88",
    "log_date": "2025-11-23",
    "time_in": "06:48:44",
    "time_out": "06:55:06"
  },
  {
    "zk_id": "88",
    "log_date": "2025-11-24",
    "time_in": "06:23:38",
    "time_out": "16:47:49"
  },
  {
    "zk_id": "88",
    "log_date": "2025-11-25",
    "time_in": "08:14:06",
    "time_out": "08:14:06"
  },
  {
    "zk_id": "88",
    "log_date": "2025-11-27",
    "time_in": "07:14:30",
    "time_out": "23:01:25"
  },
  {
    "zk_id": "88",
    "log_date": "2025-11-28",
    "time_in": "07:46:03",
    "time_out": "07:46:03"
  },
  {
    "zk_id": "89",
    "log_date": "2025-11-01",
    "time_in": "05:57:49",
    "time_out": "15:03:44"
  },
  {
    "zk_id": "89",
    "log_date": "2025-11-03",
    "time_in": "06:11:10",
    "time_out": "15:02:39"
  },
  {
    "zk_id": "89",
    "log_date": "2025-11-04",
    "time_in": "06:20:21",
    "time_out": "16:04:23"
  },
  {
    "zk_id": "89",
    "log_date": "2025-11-05",
    "time_in": "06:28:02",
    "time_out": "15:15:53"
  },
  {
    "zk_id": "89",
    "log_date": "2025-11-06",
    "time_in": "06:03:02",
    "time_out": "15:09:51"
  },
  {
    "zk_id": "89",
    "log_date": "2025-11-08",
    "time_in": "06:04:16",
    "time_out": "15:21:44"
  },
  {
    "zk_id": "89",
    "log_date": "2025-11-11",
    "time_in": "06:01:06",
    "time_out": "15:10:46"
  },
  {
    "zk_id": "89",
    "log_date": "2025-11-12",
    "time_in": "06:01:29",
    "time_out": "15:21:21"
  },
  {
    "zk_id": "89",
    "log_date": "2025-11-13",
    "time_in": "06:03:26",
    "time_out": "06:03:26"
  },
  {
    "zk_id": "89",
    "log_date": "2025-11-14",
    "time_in": "06:11:21",
    "time_out": "15:10:00"
  },
  {
    "zk_id": "89",
    "log_date": "2025-11-15",
    "time_in": "06:04:02",
    "time_out": "15:15:45"
  },
  {
    "zk_id": "89",
    "log_date": "2025-11-17",
    "time_in": "06:04:20",
    "time_out": "06:04:20"
  },
  {
    "zk_id": "89",
    "log_date": "2025-11-18",
    "time_in": "06:00:31",
    "time_out": "15:14:17"
  },
  {
    "zk_id": "89",
    "log_date": "2025-11-19",
    "time_in": "06:04:16",
    "time_out": "17:04:20"
  },
  {
    "zk_id": "89",
    "log_date": "2025-11-20",
    "time_in": "06:04:47",
    "time_out": "21:01:17"
  },
  {
    "zk_id": "89",
    "log_date": "2025-11-21",
    "time_in": "10:30:39",
    "time_out": "21:02:24"
  },
  {
    "zk_id": "89",
    "log_date": "2025-11-22",
    "time_in": "06:19:15",
    "time_out": "18:00:32"
  },
  {
    "zk_id": "89",
    "log_date": "2025-11-24",
    "time_in": "06:23:07",
    "time_out": "22:00:35"
  },
  {
    "zk_id": "89",
    "log_date": "2025-11-25",
    "time_in": "06:15:48",
    "time_out": "22:00:47"
  },
  {
    "zk_id": "89",
    "log_date": "2025-11-26",
    "time_in": "06:32:12",
    "time_out": "22:00:07"
  },
  {
    "zk_id": "89",
    "log_date": "2025-11-27",
    "time_in": "06:22:33",
    "time_out": "20:10:49"
  },
  {
    "zk_id": "89",
    "log_date": "2025-11-28",
    "time_in": "06:08:34",
    "time_out": "15:11:09"
  },
  {
    "zk_id": "89",
    "log_date": "2025-11-29",
    "time_in": "10:48:43",
    "time_out": "18:00:33"
  },
  {
    "zk_id": "89",
    "log_date": "2025-11-30",
    "time_in": "07:49:18",
    "time_out": "17:01:25"
  },
  {
    "zk_id": "90",
    "log_date": "2025-11-01",
    "time_in": "06:01:05",
    "time_out": "10:06:15"
  },
  {
    "zk_id": "90",
    "log_date": "2025-11-02",
    "time_in": "05:44:32",
    "time_out": "05:44:32"
  },
  {
    "zk_id": "90",
    "log_date": "2025-11-03",
    "time_in": "06:01:35",
    "time_out": "06:01:35"
  },
  {
    "zk_id": "90",
    "log_date": "2025-11-07",
    "time_in": "19:01:56",
    "time_out": "19:01:56"
  },
  {
    "zk_id": "90",
    "log_date": "2025-11-08",
    "time_in": "19:00:28",
    "time_out": "19:00:28"
  },
  {
    "zk_id": "90",
    "log_date": "2025-11-09",
    "time_in": "10:00:05",
    "time_out": "16:02:08"
  },
  {
    "zk_id": "90",
    "log_date": "2025-11-10",
    "time_in": "06:04:41",
    "time_out": "19:01:29"
  },
  {
    "zk_id": "90",
    "log_date": "2025-11-14",
    "time_in": "19:01:31",
    "time_out": "19:01:31"
  },
  {
    "zk_id": "90",
    "log_date": "2025-11-15",
    "time_in": "19:02:55",
    "time_out": "19:02:55"
  },
  {
    "zk_id": "90",
    "log_date": "2025-11-17",
    "time_in": "19:01:15",
    "time_out": "19:01:15"
  },
  {
    "zk_id": "90",
    "log_date": "2025-11-21",
    "time_in": "06:02:31",
    "time_out": "19:00:13"
  },
  {
    "zk_id": "90",
    "log_date": "2025-11-23",
    "time_in": "19:01:03",
    "time_out": "19:01:03"
  },
  {
    "zk_id": "90",
    "log_date": "2025-11-24",
    "time_in": "06:03:03",
    "time_out": "19:00:51"
  },
  {
    "zk_id": "90",
    "log_date": "2025-11-28",
    "time_in": "06:02:03",
    "time_out": "19:04:38"
  },
  {
    "zk_id": "90",
    "log_date": "2025-11-29",
    "time_in": "06:00:35",
    "time_out": "06:00:35"
  },
  {
    "zk_id": "90",
    "log_date": "2025-11-30",
    "time_in": "08:04:01",
    "time_out": "16:01:41"
  },
  {
    "zk_id": "91",
    "log_date": "2025-11-01",
    "time_in": "05:55:15",
    "time_out": "15:04:10"
  },
  {
    "zk_id": "91",
    "log_date": "2025-11-03",
    "time_in": "05:52:15",
    "time_out": "15:15:30"
  },
  {
    "zk_id": "91",
    "log_date": "2025-11-04",
    "time_in": "05:59:34",
    "time_out": "15:03:17"
  },
  {
    "zk_id": "91",
    "log_date": "2025-11-05",
    "time_in": "05:56:38",
    "time_out": "15:07:04"
  },
  {
    "zk_id": "91",
    "log_date": "2025-11-06",
    "time_in": "05:53:50",
    "time_out": "22:03:13"
  },
  {
    "zk_id": "91",
    "log_date": "2025-11-07",
    "time_in": "06:06:58",
    "time_out": "19:12:00"
  },
  {
    "zk_id": "91",
    "log_date": "2025-11-08",
    "time_in": "05:58:29",
    "time_out": "22:02:31"
  },
  {
    "zk_id": "91",
    "log_date": "2025-11-10",
    "time_in": "06:02:10",
    "time_out": "15:05:34"
  },
  {
    "zk_id": "91",
    "log_date": "2025-11-11",
    "time_in": "05:48:23",
    "time_out": "05:48:23"
  },
  {
    "zk_id": "91",
    "log_date": "2025-11-12",
    "time_in": "00:02:54",
    "time_out": "23:02:48"
  },
  {
    "zk_id": "91",
    "log_date": "2025-11-13",
    "time_in": "05:58:11",
    "time_out": "22:02:13"
  },
  {
    "zk_id": "91",
    "log_date": "2025-11-14",
    "time_in": "06:03:12",
    "time_out": "15:26:09"
  },
  {
    "zk_id": "91",
    "log_date": "2025-11-15",
    "time_in": "06:00:35",
    "time_out": "22:00:09"
  },
  {
    "zk_id": "91",
    "log_date": "2025-11-16",
    "time_in": "07:10:13",
    "time_out": "16:09:40"
  },
  {
    "zk_id": "91",
    "log_date": "2025-11-17",
    "time_in": "05:55:20",
    "time_out": "22:03:38"
  },
  {
    "zk_id": "91",
    "log_date": "2025-11-18",
    "time_in": "06:07:27",
    "time_out": "22:03:32"
  },
  {
    "zk_id": "91",
    "log_date": "2025-11-19",
    "time_in": "05:57:39",
    "time_out": "21:08:13"
  },
  {
    "zk_id": "91",
    "log_date": "2025-11-20",
    "time_in": "05:48:39",
    "time_out": "22:03:11"
  },
  {
    "zk_id": "91",
    "log_date": "2025-11-21",
    "time_in": "05:58:09",
    "time_out": "22:03:33"
  },
  {
    "zk_id": "91",
    "log_date": "2025-11-22",
    "time_in": "05:59:18",
    "time_out": "22:09:10"
  },
  {
    "zk_id": "91",
    "log_date": "2025-11-23",
    "time_in": "06:43:43",
    "time_out": "22:00:07"
  },
  {
    "zk_id": "91",
    "log_date": "2025-11-24",
    "time_in": "03:57:01",
    "time_out": "22:03:51"
  },
  {
    "zk_id": "91",
    "log_date": "2025-11-25",
    "time_in": "05:46:15",
    "time_out": "22:03:18"
  },
  {
    "zk_id": "91",
    "log_date": "2025-11-26",
    "time_in": "06:00:00",
    "time_out": "22:03:32"
  },
  {
    "zk_id": "91",
    "log_date": "2025-11-27",
    "time_in": "05:56:01",
    "time_out": "22:04:15"
  },
  {
    "zk_id": "91",
    "log_date": "2025-11-28",
    "time_in": "06:01:52",
    "time_out": "22:03:50"
  },
  {
    "zk_id": "91",
    "log_date": "2025-11-29",
    "time_in": "05:56:40",
    "time_out": "22:03:45"
  },
  {
    "zk_id": "92",
    "log_date": "2025-11-01",
    "time_in": "05:26:27",
    "time_out": "14:01:05"
  },
  {
    "zk_id": "92",
    "log_date": "2025-11-03",
    "time_in": "04:51:48",
    "time_out": "15:20:09"
  },
  {
    "zk_id": "92",
    "log_date": "2025-11-04",
    "time_in": "05:25:42",
    "time_out": "05:25:42"
  },
  {
    "zk_id": "92",
    "log_date": "2025-11-05",
    "time_in": "05:18:29",
    "time_out": "20:00:58"
  },
  {
    "zk_id": "92",
    "log_date": "2025-11-06",
    "time_in": "05:26:10",
    "time_out": "22:00:56"
  },
  {
    "zk_id": "92",
    "log_date": "2025-11-07",
    "time_in": "05:22:35",
    "time_out": "22:00:03"
  },
  {
    "zk_id": "92",
    "log_date": "2025-11-08",
    "time_in": "05:15:13",
    "time_out": "15:11:44"
  },
  {
    "zk_id": "92",
    "log_date": "2025-11-09",
    "time_in": "05:01:46",
    "time_out": "14:19:31"
  },
  {
    "zk_id": "92",
    "log_date": "2025-11-10",
    "time_in": "05:34:58",
    "time_out": "23:00:07"
  },
  {
    "zk_id": "92",
    "log_date": "2025-11-11",
    "time_in": "05:18:11",
    "time_out": "05:18:11"
  },
  {
    "zk_id": "92",
    "log_date": "2025-11-12",
    "time_in": "00:00:28",
    "time_out": "23:00:10"
  },
  {
    "zk_id": "92",
    "log_date": "2025-11-13",
    "time_in": "05:43:51",
    "time_out": "20:00:44"
  },
  {
    "zk_id": "92",
    "log_date": "2025-11-14",
    "time_in": "05:57:23",
    "time_out": "22:00:07"
  },
  {
    "zk_id": "92",
    "log_date": "2025-11-15",
    "time_in": "05:41:42",
    "time_out": "05:41:42"
  },
  {
    "zk_id": "92",
    "log_date": "2025-11-16",
    "time_in": "05:20:56",
    "time_out": "14:00:54"
  },
  {
    "zk_id": "92",
    "log_date": "2025-11-17",
    "time_in": "05:05:20",
    "time_out": "22:00:19"
  },
  {
    "zk_id": "92",
    "log_date": "2025-11-18",
    "time_in": "05:46:32",
    "time_out": "22:00:37"
  },
  {
    "zk_id": "92",
    "log_date": "2025-11-19",
    "time_in": "05:10:25",
    "time_out": "16:46:29"
  },
  {
    "zk_id": "92",
    "log_date": "2025-11-21",
    "time_in": "05:25:26",
    "time_out": "22:00:12"
  },
  {
    "zk_id": "92",
    "log_date": "2025-11-22",
    "time_in": "05:28:50",
    "time_out": "22:00:06"
  },
  {
    "zk_id": "92",
    "log_date": "2025-11-23",
    "time_in": "05:45:10",
    "time_out": "22:00:43"
  },
  {
    "zk_id": "92",
    "log_date": "2025-11-24",
    "time_in": "03:54:14",
    "time_out": "22:00:13"
  },
  {
    "zk_id": "92",
    "log_date": "2025-11-25",
    "time_in": "05:42:20",
    "time_out": "22:00:23"
  },
  {
    "zk_id": "92",
    "log_date": "2025-11-26",
    "time_in": "05:35:25",
    "time_out": "15:00:21"
  },
  {
    "zk_id": "92",
    "log_date": "2025-11-27",
    "time_in": "05:14:31",
    "time_out": "22:00:07"
  },
  {
    "zk_id": "92",
    "log_date": "2025-11-28",
    "time_in": "05:30:36",
    "time_out": "22:00:05"
  },
  {
    "zk_id": "92",
    "log_date": "2025-11-29",
    "time_in": "05:26:31",
    "time_out": "22:00:16"
  },
  {
    "zk_id": "94",
    "log_date": "2025-11-01",
    "time_in": "06:01:21",
    "time_out": "06:04:59"
  },
  {
    "zk_id": "94",
    "log_date": "2025-11-02",
    "time_in": "06:00:03",
    "time_out": "18:54:45"
  },
  {
    "zk_id": "94",
    "log_date": "2025-11-03",
    "time_in": "16:32:31",
    "time_out": "19:24:13"
  },
  {
    "zk_id": "94",
    "log_date": "2025-11-04",
    "time_in": "06:00:30",
    "time_out": "06:06:01"
  },
  {
    "zk_id": "94",
    "log_date": "2025-11-05",
    "time_in": "06:01:22",
    "time_out": "16:32:38"
  },
  {
    "zk_id": "94",
    "log_date": "2025-11-06",
    "time_in": "06:54:44",
    "time_out": "22:02:52"
  },
  {
    "zk_id": "94",
    "log_date": "2025-11-07",
    "time_in": "07:29:35",
    "time_out": "07:29:35"
  },
  {
    "zk_id": "94",
    "log_date": "2025-11-08",
    "time_in": "06:00:50",
    "time_out": "22:31:04"
  },
  {
    "zk_id": "94",
    "log_date": "2025-11-09",
    "time_in": "07:29:28",
    "time_out": "22:31:38"
  },
  {
    "zk_id": "94",
    "log_date": "2025-11-10",
    "time_in": "07:29:24",
    "time_out": "20:32:27"
  },
  {
    "zk_id": "94",
    "log_date": "2025-11-11",
    "time_in": "07:28:13",
    "time_out": "22:33:15"
  },
  {
    "zk_id": "94",
    "log_date": "2025-11-12",
    "time_in": "07:30:59",
    "time_out": "20:33:38"
  },
  {
    "zk_id": "94",
    "log_date": "2025-11-13",
    "time_in": "06:54:46",
    "time_out": "20:01:22"
  },
  {
    "zk_id": "94",
    "log_date": "2025-11-14",
    "time_in": "07:27:17",
    "time_out": "20:34:57"
  },
  {
    "zk_id": "94",
    "log_date": "2025-11-15",
    "time_in": "16:36:29",
    "time_out": "16:36:29"
  },
  {
    "zk_id": "94",
    "log_date": "2025-11-17",
    "time_in": "07:26:59",
    "time_out": "20:31:21"
  },
  {
    "zk_id": "94",
    "log_date": "2025-11-18",
    "time_in": "07:27:56",
    "time_out": "16:32:31"
  },
  {
    "zk_id": "94",
    "log_date": "2025-11-19",
    "time_in": "07:29:19",
    "time_out": "07:29:19"
  },
  {
    "zk_id": "94",
    "log_date": "2025-11-20",
    "time_in": "06:35:21",
    "time_out": "06:53:44"
  },
  {
    "zk_id": "94",
    "log_date": "2025-11-21",
    "time_in": "06:03:35",
    "time_out": "22:31:21"
  },
  {
    "zk_id": "94",
    "log_date": "2025-11-22",
    "time_in": "07:27:32",
    "time_out": "07:27:32"
  },
  {
    "zk_id": "94",
    "log_date": "2025-11-23",
    "time_in": "06:04:09",
    "time_out": "07:31:08"
  },
  {
    "zk_id": "94",
    "log_date": "2025-11-24",
    "time_in": "06:04:33",
    "time_out": "16:31:36"
  },
  {
    "zk_id": "94",
    "log_date": "2025-11-25",
    "time_in": "20:31:50",
    "time_out": "20:31:50"
  },
  {
    "zk_id": "94",
    "log_date": "2025-11-26",
    "time_in": "07:28:25",
    "time_out": "20:32:16"
  },
  {
    "zk_id": "94",
    "log_date": "2025-11-27",
    "time_in": "06:56:27",
    "time_out": "23:02:30"
  },
  {
    "zk_id": "94",
    "log_date": "2025-11-28",
    "time_in": "07:27:02",
    "time_out": "20:31:37"
  },
  {
    "zk_id": "94",
    "log_date": "2025-11-29",
    "time_in": "07:26:15",
    "time_out": "20:33:45"
  },
  {
    "zk_id": "94",
    "log_date": "2025-11-30",
    "time_in": "07:28:43",
    "time_out": "22:31:51"
  },
  {
    "zk_id": "95",
    "log_date": "2025-11-01",
    "time_in": "06:01:11",
    "time_out": "06:05:17"
  },
  {
    "zk_id": "95",
    "log_date": "2025-11-02",
    "time_in": "06:05:21",
    "time_out": "06:05:21"
  },
  {
    "zk_id": "95",
    "log_date": "2025-11-04",
    "time_in": "07:16:56",
    "time_out": "07:16:56"
  },
  {
    "zk_id": "95",
    "log_date": "2025-11-05",
    "time_in": "06:03:07",
    "time_out": "16:31:59"
  },
  {
    "zk_id": "95",
    "log_date": "2025-11-06",
    "time_in": "06:50:28",
    "time_out": "22:02:59"
  },
  {
    "zk_id": "95",
    "log_date": "2025-11-07",
    "time_in": "07:26:46",
    "time_out": "07:26:46"
  },
  {
    "zk_id": "95",
    "log_date": "2025-11-08",
    "time_in": "06:01:05",
    "time_out": "22:31:46"
  },
  {
    "zk_id": "95",
    "log_date": "2025-11-09",
    "time_in": "07:34:18",
    "time_out": "22:31:56"
  },
  {
    "zk_id": "95",
    "log_date": "2025-11-11",
    "time_in": "07:28:27",
    "time_out": "22:33:23"
  },
  {
    "zk_id": "95",
    "log_date": "2025-11-12",
    "time_in": "07:30:24",
    "time_out": "20:33:26"
  },
  {
    "zk_id": "95",
    "log_date": "2025-11-13",
    "time_in": "06:57:53",
    "time_out": "20:01:29"
  },
  {
    "zk_id": "95",
    "log_date": "2025-11-14",
    "time_in": "07:25:45",
    "time_out": "20:33:29"
  },
  {
    "zk_id": "95",
    "log_date": "2025-11-15",
    "time_in": "07:24:41",
    "time_out": "16:35:45"
  },
  {
    "zk_id": "95",
    "log_date": "2025-11-18",
    "time_in": "11:25:55",
    "time_out": "16:32:23"
  },
  {
    "zk_id": "95",
    "log_date": "2025-11-19",
    "time_in": "07:29:35",
    "time_out": "07:29:35"
  },
  {
    "zk_id": "95",
    "log_date": "2025-11-20",
    "time_in": "06:55:51",
    "time_out": "06:57:23"
  },
  {
    "zk_id": "95",
    "log_date": "2025-11-21",
    "time_in": "07:21:27",
    "time_out": "22:32:17"
  },
  {
    "zk_id": "95",
    "log_date": "2025-11-22",
    "time_in": "07:26:57",
    "time_out": "07:28:45"
  },
  {
    "zk_id": "95",
    "log_date": "2025-11-23",
    "time_in": "06:25:10",
    "time_out": "06:25:10"
  },
  {
    "zk_id": "95",
    "log_date": "2025-11-24",
    "time_in": "06:01:54",
    "time_out": "16:32:36"
  },
  {
    "zk_id": "95",
    "log_date": "2025-11-26",
    "time_in": "07:26:33",
    "time_out": "20:31:05"
  },
  {
    "zk_id": "95",
    "log_date": "2025-11-27",
    "time_in": "06:53:42",
    "time_out": "23:02:23"
  },
  {
    "zk_id": "95",
    "log_date": "2025-11-28",
    "time_in": "07:24:53",
    "time_out": "20:31:16"
  },
  {
    "zk_id": "95",
    "log_date": "2025-11-29",
    "time_in": "07:26:26",
    "time_out": "20:33:39"
  },
  {
    "zk_id": "95",
    "log_date": "2025-11-30",
    "time_in": "07:28:50",
    "time_out": "22:31:42"
  },
  {
    "zk_id": "96",
    "log_date": "2025-11-03",
    "time_in": "07:37:29",
    "time_out": "16:00:33"
  },
  {
    "zk_id": "96",
    "log_date": "2025-11-06",
    "time_in": "08:12:29",
    "time_out": "16:02:41"
  },
  {
    "zk_id": "96",
    "log_date": "2025-11-07",
    "time_in": "07:50:09",
    "time_out": "17:04:51"
  },
  {
    "zk_id": "96",
    "log_date": "2025-11-08",
    "time_in": "07:54:26",
    "time_out": "21:16:40"
  },
  {
    "zk_id": "96",
    "log_date": "2025-11-10",
    "time_in": "07:53:32",
    "time_out": "23:40:46"
  },
  {
    "zk_id": "96",
    "log_date": "2025-11-11",
    "time_in": "07:50:16",
    "time_out": "07:50:16"
  },
  {
    "zk_id": "96",
    "log_date": "2025-11-12",
    "time_in": "07:46:52",
    "time_out": "17:01:56"
  },
  {
    "zk_id": "96",
    "log_date": "2025-11-13",
    "time_in": "07:46:17",
    "time_out": "07:46:17"
  },
  {
    "zk_id": "96",
    "log_date": "2025-11-14",
    "time_in": "07:38:12",
    "time_out": "17:01:37"
  },
  {
    "zk_id": "96",
    "log_date": "2025-11-15",
    "time_in": "07:49:23",
    "time_out": "07:49:23"
  },
  {
    "zk_id": "96",
    "log_date": "2025-11-18",
    "time_in": "07:38:06",
    "time_out": "17:12:39"
  },
  {
    "zk_id": "96",
    "log_date": "2025-11-19",
    "time_in": "07:50:49",
    "time_out": "07:50:49"
  },
  {
    "zk_id": "96",
    "log_date": "2025-11-20",
    "time_in": "07:49:07",
    "time_out": "16:22:21"
  },
  {
    "zk_id": "96",
    "log_date": "2025-11-21",
    "time_in": "07:44:18",
    "time_out": "17:03:11"
  },
  {
    "zk_id": "96",
    "log_date": "2025-11-22",
    "time_in": "07:52:24",
    "time_out": "07:52:24"
  },
  {
    "zk_id": "97",
    "log_date": "2025-11-01",
    "time_in": "06:26:41",
    "time_out": "20:04:14"
  },
  {
    "zk_id": "97",
    "log_date": "2025-11-02",
    "time_in": "06:32:11",
    "time_out": "16:31:10"
  },
  {
    "zk_id": "97",
    "log_date": "2025-11-03",
    "time_in": "06:10:45",
    "time_out": "16:30:56"
  },
  {
    "zk_id": "97",
    "log_date": "2025-11-05",
    "time_in": "06:16:36",
    "time_out": "16:30:47"
  },
  {
    "zk_id": "97",
    "log_date": "2025-11-06",
    "time_in": "06:15:15",
    "time_out": "06:15:15"
  },
  {
    "zk_id": "97",
    "log_date": "2025-11-07",
    "time_in": "05:31:24",
    "time_out": "16:32:25"
  },
  {
    "zk_id": "97",
    "log_date": "2025-11-08",
    "time_in": "06:24:59",
    "time_out": "16:31:22"
  },
  {
    "zk_id": "97",
    "log_date": "2025-11-09",
    "time_in": "06:15:23",
    "time_out": "16:30:47"
  },
  {
    "zk_id": "97",
    "log_date": "2025-11-10",
    "time_in": "06:18:07",
    "time_out": "16:32:03"
  },
  {
    "zk_id": "97",
    "log_date": "2025-11-11",
    "time_in": "06:23:20",
    "time_out": "19:32:16"
  },
  {
    "zk_id": "97",
    "log_date": "2025-11-12",
    "time_in": "06:31:33",
    "time_out": "16:31:16"
  },
  {
    "zk_id": "97",
    "log_date": "2025-11-13",
    "time_in": "06:21:46",
    "time_out": "16:02:23"
  },
  {
    "zk_id": "97",
    "log_date": "2025-11-14",
    "time_in": "06:19:22",
    "time_out": "16:33:02"
  },
  {
    "zk_id": "97",
    "log_date": "2025-11-15",
    "time_in": "06:18:47",
    "time_out": "16:32:37"
  },
  {
    "zk_id": "97",
    "log_date": "2025-11-17",
    "time_in": "06:17:12",
    "time_out": "20:01:25"
  },
  {
    "zk_id": "97",
    "log_date": "2025-11-18",
    "time_in": "06:23:29",
    "time_out": "16:31:51"
  },
  {
    "zk_id": "97",
    "log_date": "2025-11-19",
    "time_in": "06:14:05",
    "time_out": "16:32:04"
  },
  {
    "zk_id": "97",
    "log_date": "2025-11-20",
    "time_in": "06:14:39",
    "time_out": "16:02:24"
  },
  {
    "zk_id": "97",
    "log_date": "2025-11-21",
    "time_in": "16:31:35",
    "time_out": "16:31:35"
  },
  {
    "zk_id": "97",
    "log_date": "2025-11-22",
    "time_in": "06:23:56",
    "time_out": "16:31:47"
  },
  {
    "zk_id": "97",
    "log_date": "2025-11-25",
    "time_in": "06:16:52",
    "time_out": "16:32:33"
  },
  {
    "zk_id": "97",
    "log_date": "2025-11-26",
    "time_in": "06:19:33",
    "time_out": "16:32:27"
  },
  {
    "zk_id": "97",
    "log_date": "2025-11-27",
    "time_in": "06:20:13",
    "time_out": "16:02:32"
  },
  {
    "zk_id": "97",
    "log_date": "2025-11-28",
    "time_in": "06:28:09",
    "time_out": "16:33:00"
  },
  {
    "zk_id": "97",
    "log_date": "2025-11-29",
    "time_in": "06:26:37",
    "time_out": "16:35:05"
  },
  {
    "zk_id": "98",
    "log_date": "2025-11-01",
    "time_in": "07:23:20",
    "time_out": "07:29:34"
  },
  {
    "zk_id": "98",
    "log_date": "2025-11-02",
    "time_in": "07:35:50",
    "time_out": "18:54:47"
  },
  {
    "zk_id": "98",
    "log_date": "2025-11-03",
    "time_in": "16:31:43",
    "time_out": "19:32:50"
  },
  {
    "zk_id": "98",
    "log_date": "2025-11-04",
    "time_in": "06:00:47",
    "time_out": "06:08:00"
  },
  {
    "zk_id": "98",
    "log_date": "2025-11-05",
    "time_in": "06:02:59",
    "time_out": "06:10:51"
  },
  {
    "zk_id": "98",
    "log_date": "2025-11-06",
    "time_in": "06:58:00",
    "time_out": "16:05:28"
  },
  {
    "zk_id": "98",
    "log_date": "2025-11-08",
    "time_in": "07:17:42",
    "time_out": "11:00:55"
  },
  {
    "zk_id": "98",
    "log_date": "2025-11-09",
    "time_in": "07:22:59",
    "time_out": "16:34:58"
  },
  {
    "zk_id": "98",
    "log_date": "2025-11-11",
    "time_in": "07:21:58",
    "time_out": "16:30:37"
  },
  {
    "zk_id": "98",
    "log_date": "2025-11-12",
    "time_in": "07:24:46",
    "time_out": "07:24:46"
  },
  {
    "zk_id": "98",
    "log_date": "2025-11-13",
    "time_in": "06:53:50",
    "time_out": "20:01:32"
  },
  {
    "zk_id": "98",
    "log_date": "2025-11-14",
    "time_in": "07:20:41",
    "time_out": "16:32:59"
  },
  {
    "zk_id": "98",
    "log_date": "2025-11-15",
    "time_in": "07:26:41",
    "time_out": "16:00:33"
  },
  {
    "zk_id": "98",
    "log_date": "2025-11-17",
    "time_in": "07:23:47",
    "time_out": "07:23:47"
  },
  {
    "zk_id": "98",
    "log_date": "2025-11-19",
    "time_in": "07:09:11",
    "time_out": "16:31:28"
  },
  {
    "zk_id": "98",
    "log_date": "2025-11-20",
    "time_in": "08:03:04",
    "time_out": "08:03:04"
  },
  {
    "zk_id": "98",
    "log_date": "2025-11-21",
    "time_in": "07:21:01",
    "time_out": "23:32:27"
  },
  {
    "zk_id": "98",
    "log_date": "2025-11-22",
    "time_in": "07:24:28",
    "time_out": "07:24:28"
  },
  {
    "zk_id": "98",
    "log_date": "2025-11-23",
    "time_in": "06:44:18",
    "time_out": "06:44:18"
  },
  {
    "zk_id": "98",
    "log_date": "2025-11-24",
    "time_in": "07:14:27",
    "time_out": "16:31:59"
  },
  {
    "zk_id": "98",
    "log_date": "2025-11-25",
    "time_in": "07:23:14",
    "time_out": "20:31:38"
  },
  {
    "zk_id": "98",
    "log_date": "2025-11-26",
    "time_in": "07:17:24",
    "time_out": "20:31:02"
  },
  {
    "zk_id": "98",
    "log_date": "2025-11-28",
    "time_in": "20:31:02",
    "time_out": "20:31:02"
  },
  {
    "zk_id": "98",
    "log_date": "2025-11-29",
    "time_in": "16:30:31",
    "time_out": "16:30:31"
  },
  {
    "zk_id": "98",
    "log_date": "2025-11-30",
    "time_in": "07:28:23",
    "time_out": "16:32:19"
  }
]

=== IMPORT RESULTS ===
Status: processing
Total processed: 1903
Inserted: 0
Skipped: 0
Failed: 0

=== ERRORS ===
No errors

=== END OF LOG ===