=== IMPORT ATTENDANCE LOG ===
Timestamp: 2025-12-18T08:06:50.464Z
File: ZJW2241900039_attlog (2).dat
Size: 128289 bytes
MIME Type: application/octet-stream

=== ALL FILE CONTENT ===
Total records found: 1796
[
  {
    "zk_id": "0023",
    "log_date": "2025-10-01",
    "time_in": "07:47:04",
    "time_out": "07:47:04"
  },
  {
    "zk_id": "0023",
    "log_date": "2025-10-04",
    "time_in": "07:39:21",
    "time_out": "07:39:21"
  },
  {
    "zk_id": "0023",
    "log_date": "2025-10-05",
    "time_in": "07:33:05",
    "time_out": "07:33:05"
  },
  {
    "zk_id": "0023",
    "log_date": "2025-10-06",
    "time_in": "19:27:03",
    "time_out": "19:27:03"
  },
  {
    "zk_id": "0023",
    "log_date": "2025-10-08",
    "time_in": "08:15:44",
    "time_out": "08:15:44"
  },
  {
    "zk_id": "0023",
    "log_date": "2025-10-09",
    "time_in": "07:41:47",
    "time_out": "17:16:39"
  },
  {
    "zk_id": "0023",
    "log_date": "2025-10-10",
    "time_in": "07:37:17",
    "time_out": "20:17:40"
  },
  {
    "zk_id": "0023",
    "log_date": "2025-10-11",
    "time_in": "07:14:12",
    "time_out": "20:19:04"
  },
  {
    "zk_id": "0023",
    "log_date": "2025-10-12",
    "time_in": "19:45:48",
    "time_out": "20:16:22"
  },
  {
    "zk_id": "0023",
    "log_date": "2025-10-13",
    "time_in": "08:18:02",
    "time_out": "20:16:44"
  },
  {
    "zk_id": "0023",
    "log_date": "2025-10-14",
    "time_in": "08:13:58",
    "time_out": "08:13:58"
  },
  {
    "zk_id": "0023",
    "log_date": "2025-10-16",
    "time_in": "08:16:58",
    "time_out": "08:16:58"
  },
  {
    "zk_id": "0023",
    "log_date": "2025-10-18",
    "time_in": "07:34:29",
    "time_out": "20:17:50"
  },
  {
    "zk_id": "0023",
    "log_date": "2025-10-19",
    "time_in": "07:49:59",
    "time_out": "20:18:17"
  },
  {
    "zk_id": "0023",
    "log_date": "2025-10-20",
    "time_in": "19:45:27",
    "time_out": "19:45:27"
  },
  {
    "zk_id": "0023",
    "log_date": "2025-10-21",
    "time_in": "08:03:14",
    "time_out": "08:20:56"
  },
  {
    "zk_id": "0023",
    "log_date": "2025-10-22",
    "time_in": "19:42:21",
    "time_out": "19:42:21"
  },
  {
    "zk_id": "0023",
    "log_date": "2025-10-23",
    "time_in": "08:33:22",
    "time_out": "08:33:22"
  },
  {
    "zk_id": "0023",
    "log_date": "2025-10-24",
    "time_in": "08:23:01",
    "time_out": "08:23:01"
  },
  {
    "zk_id": "0023",
    "log_date": "2025-10-29",
    "time_in": "07:39:39",
    "time_out": "17:16:43"
  },
  {
    "zk_id": "0023",
    "log_date": "2025-10-30",
    "time_in": "07:31:42",
    "time_out": "17:17:04"
  },
  {
    "zk_id": "0023",
    "log_date": "2025-10-31",
    "time_in": "07:30:56",
    "time_out": "17:00:49"
  },
  {
    "zk_id": "1",
    "log_date": "2025-10-01",
    "time_in": "07:30:30",
    "time_out": "17:15:49"
  },
  {
    "zk_id": "1",
    "log_date": "2025-10-02",
    "time_in": "07:44:24",
    "time_out": "17:15:35"
  },
  {
    "zk_id": "1",
    "log_date": "2025-10-03",
    "time_in": "07:40:57",
    "time_out": "17:16:21"
  },
  {
    "zk_id": "1",
    "log_date": "2025-10-04",
    "time_in": "07:28:20",
    "time_out": "17:15:41"
  },
  {
    "zk_id": "1",
    "log_date": "2025-10-06",
    "time_in": "07:47:53",
    "time_out": "07:47:53"
  },
  {
    "zk_id": "1",
    "log_date": "2025-10-07",
    "time_in": "07:38:45",
    "time_out": "17:18:43"
  },
  {
    "zk_id": "1",
    "log_date": "2025-10-09",
    "time_in": "07:33:19",
    "time_out": "17:16:48"
  },
  {
    "zk_id": "1",
    "log_date": "2025-10-10",
    "time_in": "07:24:54",
    "time_out": "17:09:30"
  },
  {
    "zk_id": "1",
    "log_date": "2025-10-11",
    "time_in": "07:28:40",
    "time_out": "11:08:52"
  },
  {
    "zk_id": "1",
    "log_date": "2025-10-16",
    "time_in": "07:49:03",
    "time_out": "17:17:30"
  },
  {
    "zk_id": "1",
    "log_date": "2025-10-17",
    "time_in": "07:39:01",
    "time_out": "17:16:52"
  },
  {
    "zk_id": "1",
    "log_date": "2025-10-20",
    "time_in": "07:47:27",
    "time_out": "17:16:07"
  },
  {
    "zk_id": "1",
    "log_date": "2025-10-21",
    "time_in": "07:42:57",
    "time_out": "17:15:20"
  },
  {
    "zk_id": "1",
    "log_date": "2025-10-22",
    "time_in": "07:32:47",
    "time_out": "17:17:08"
  },
  {
    "zk_id": "1",
    "log_date": "2025-10-23",
    "time_in": "07:48:31",
    "time_out": "17:15:00"
  },
  {
    "zk_id": "1",
    "log_date": "2025-10-24",
    "time_in": "07:49:31",
    "time_out": "17:15:03"
  },
  {
    "zk_id": "1",
    "log_date": "2025-10-25",
    "time_in": "08:01:45",
    "time_out": "08:01:45"
  },
  {
    "zk_id": "10",
    "log_date": "2025-10-01",
    "time_in": "07:38:03",
    "time_out": "20:14:18"
  },
  {
    "zk_id": "10",
    "log_date": "2025-10-02",
    "time_in": "19:19:08",
    "time_out": "19:19:08"
  },
  {
    "zk_id": "10",
    "log_date": "2025-10-03",
    "time_in": "08:23:14",
    "time_out": "19:22:24"
  },
  {
    "zk_id": "10",
    "log_date": "2025-10-04",
    "time_in": "10:16:03",
    "time_out": "10:16:03"
  },
  {
    "zk_id": "10",
    "log_date": "2025-10-05",
    "time_in": "19:30:28",
    "time_out": "19:30:28"
  },
  {
    "zk_id": "10",
    "log_date": "2025-10-06",
    "time_in": "08:18:53",
    "time_out": "08:18:53"
  },
  {
    "zk_id": "10",
    "log_date": "2025-10-07",
    "time_in": "07:31:25",
    "time_out": "20:17:23"
  },
  {
    "zk_id": "10",
    "log_date": "2025-10-08",
    "time_in": "07:41:35",
    "time_out": "20:15:18"
  },
  {
    "zk_id": "10",
    "log_date": "2025-10-09",
    "time_in": "07:28:57",
    "time_out": "20:13:24"
  },
  {
    "zk_id": "10",
    "log_date": "2025-10-11",
    "time_in": "18:40:10",
    "time_out": "18:40:10"
  },
  {
    "zk_id": "10",
    "log_date": "2025-10-12",
    "time_in": "08:15:08",
    "time_out": "08:15:08"
  },
  {
    "zk_id": "10",
    "log_date": "2025-10-15",
    "time_in": "07:26:16",
    "time_out": "07:26:16"
  },
  {
    "zk_id": "10",
    "log_date": "2025-10-16",
    "time_in": "07:23:00",
    "time_out": "20:15:01"
  },
  {
    "zk_id": "10",
    "log_date": "2025-10-17",
    "time_in": "07:23:25",
    "time_out": "20:15:36"
  },
  {
    "zk_id": "10",
    "log_date": "2025-10-18",
    "time_in": "19:02:41",
    "time_out": "19:02:41"
  },
  {
    "zk_id": "10",
    "log_date": "2025-10-19",
    "time_in": "08:16:03",
    "time_out": "18:51:08"
  },
  {
    "zk_id": "10",
    "log_date": "2025-10-20",
    "time_in": "08:16:21",
    "time_out": "08:16:21"
  },
  {
    "zk_id": "10",
    "log_date": "2025-10-23",
    "time_in": "07:46:54",
    "time_out": "17:15:17"
  },
  {
    "zk_id": "10",
    "log_date": "2025-10-24",
    "time_in": "07:45:07",
    "time_out": "20:18:38"
  },
  {
    "zk_id": "10",
    "log_date": "2025-10-25",
    "time_in": "07:38:41",
    "time_out": "07:38:41"
  },
  {
    "zk_id": "10",
    "log_date": "2025-10-31",
    "time_in": "07:33:21",
    "time_out": "17:15:58"
  },
  {
    "zk_id": "100",
    "log_date": "2025-10-01",
    "time_in": "07:22:02",
    "time_out": "16:38:23"
  },
  {
    "zk_id": "100",
    "log_date": "2025-10-02",
    "time_in": "07:27:50",
    "time_out": "16:30:29"
  },
  {
    "zk_id": "100",
    "log_date": "2025-10-03",
    "time_in": "07:31:26",
    "time_out": "19:51:51"
  },
  {
    "zk_id": "100",
    "log_date": "2025-10-04",
    "time_in": "06:20:59",
    "time_out": "06:23:35"
  },
  {
    "zk_id": "100",
    "log_date": "2025-10-05",
    "time_in": "06:01:25",
    "time_out": "06:10:46"
  },
  {
    "zk_id": "100",
    "log_date": "2025-10-06",
    "time_in": "06:07:21",
    "time_out": "16:33:02"
  },
  {
    "zk_id": "100",
    "log_date": "2025-10-07",
    "time_in": "07:17:10",
    "time_out": "07:17:10"
  },
  {
    "zk_id": "100",
    "log_date": "2025-10-08",
    "time_in": "06:01:56",
    "time_out": "16:38:07"
  },
  {
    "zk_id": "100",
    "log_date": "2025-10-09",
    "time_in": "07:31:43",
    "time_out": "20:30:05"
  },
  {
    "zk_id": "100",
    "log_date": "2025-10-10",
    "time_in": "07:17:10",
    "time_out": "16:34:09"
  },
  {
    "zk_id": "100",
    "log_date": "2025-10-11",
    "time_in": "07:16:08",
    "time_out": "07:16:08"
  },
  {
    "zk_id": "100",
    "log_date": "2025-10-13",
    "time_in": "07:33:57",
    "time_out": "23:31:28"
  },
  {
    "zk_id": "100",
    "log_date": "2025-10-14",
    "time_in": "07:14:08",
    "time_out": "16:32:00"
  },
  {
    "zk_id": "100",
    "log_date": "2025-10-15",
    "time_in": "07:09:59",
    "time_out": "23:30:10"
  },
  {
    "zk_id": "100",
    "log_date": "2025-10-16",
    "time_in": "07:31:01",
    "time_out": "16:34:01"
  },
  {
    "zk_id": "100",
    "log_date": "2025-10-17",
    "time_in": "07:27:00",
    "time_out": "16:30:48"
  },
  {
    "zk_id": "100",
    "log_date": "2025-10-18",
    "time_in": "07:12:56",
    "time_out": "20:31:25"
  },
  {
    "zk_id": "100",
    "log_date": "2025-10-20",
    "time_in": "07:24:43",
    "time_out": "20:32:06"
  },
  {
    "zk_id": "100",
    "log_date": "2025-10-21",
    "time_in": "07:12:56",
    "time_out": "22:30:15"
  },
  {
    "zk_id": "100",
    "log_date": "2025-10-22",
    "time_in": "07:27:08",
    "time_out": "07:27:08"
  },
  {
    "zk_id": "100",
    "log_date": "2025-10-23",
    "time_in": "06:00:09",
    "time_out": "06:06:58"
  },
  {
    "zk_id": "100",
    "log_date": "2025-10-24",
    "time_in": "06:05:13",
    "time_out": "06:11:19"
  },
  {
    "zk_id": "100",
    "log_date": "2025-10-25",
    "time_in": "06:05:41",
    "time_out": "06:13:13"
  },
  {
    "zk_id": "100",
    "log_date": "2025-10-29",
    "time_in": "16:32:05",
    "time_out": "16:32:05"
  },
  {
    "zk_id": "100",
    "log_date": "2025-10-30",
    "time_in": "06:50:42",
    "time_out": "20:04:08"
  },
  {
    "zk_id": "100",
    "log_date": "2025-10-31",
    "time_in": "07:17:33",
    "time_out": "07:17:33"
  },
  {
    "zk_id": "106",
    "log_date": "2025-10-03",
    "time_in": "08:15:31",
    "time_out": "17:16:20"
  },
  {
    "zk_id": "106",
    "log_date": "2025-10-04",
    "time_in": "07:41:19",
    "time_out": "20:17:06"
  },
  {
    "zk_id": "106",
    "log_date": "2025-10-05",
    "time_in": "07:36:08",
    "time_out": "20:18:14"
  },
  {
    "zk_id": "106",
    "log_date": "2025-10-06",
    "time_in": "19:39:12",
    "time_out": "19:39:12"
  },
  {
    "zk_id": "106",
    "log_date": "2025-10-07",
    "time_in": "08:08:45",
    "time_out": "19:42:18"
  },
  {
    "zk_id": "106",
    "log_date": "2025-10-08",
    "time_in": "08:18:50",
    "time_out": "08:18:50"
  },
  {
    "zk_id": "106",
    "log_date": "2025-10-11",
    "time_in": "08:07:52",
    "time_out": "17:17:15"
  },
  {
    "zk_id": "106",
    "log_date": "2025-10-12",
    "time_in": "07:54:39",
    "time_out": "20:17:29"
  },
  {
    "zk_id": "106",
    "log_date": "2025-10-13",
    "time_in": "07:50:30",
    "time_out": "20:15:58"
  },
  {
    "zk_id": "106",
    "log_date": "2025-10-14",
    "time_in": "19:33:34",
    "time_out": "19:33:34"
  },
  {
    "zk_id": "106",
    "log_date": "2025-10-15",
    "time_in": "08:17:38",
    "time_out": "19:32:51"
  },
  {
    "zk_id": "106",
    "log_date": "2025-10-16",
    "time_in": "08:19:08",
    "time_out": "08:19:08"
  },
  {
    "zk_id": "106",
    "log_date": "2025-10-20",
    "time_in": "08:05:53",
    "time_out": "20:23:47"
  },
  {
    "zk_id": "106",
    "log_date": "2025-10-21",
    "time_in": "07:41:51",
    "time_out": "20:17:51"
  },
  {
    "zk_id": "106",
    "log_date": "2025-10-22",
    "time_in": "19:50:51",
    "time_out": "19:50:51"
  },
  {
    "zk_id": "106",
    "log_date": "2025-10-23",
    "time_in": "08:32:04",
    "time_out": "20:08:05"
  },
  {
    "zk_id": "106",
    "log_date": "2025-10-24",
    "time_in": "08:30:57",
    "time_out": "08:30:57"
  },
  {
    "zk_id": "106",
    "log_date": "2025-10-30",
    "time_in": "19:45:03",
    "time_out": "19:45:03"
  },
  {
    "zk_id": "106",
    "log_date": "2025-10-31",
    "time_in": "08:09:38",
    "time_out": "19:41:12"
  },
  {
    "zk_id": "11",
    "log_date": "2025-10-01",
    "time_in": "08:26:57",
    "time_out": "19:38:53"
  },
  {
    "zk_id": "11",
    "log_date": "2025-10-02",
    "time_in": "08:16:20",
    "time_out": "08:16:20"
  },
  {
    "zk_id": "11",
    "log_date": "2025-10-05",
    "time_in": "07:47:04",
    "time_out": "17:15:02"
  },
  {
    "zk_id": "11",
    "log_date": "2025-10-06",
    "time_in": "07:41:02",
    "time_out": "20:15:54"
  },
  {
    "zk_id": "11",
    "log_date": "2025-10-07",
    "time_in": "07:48:42",
    "time_out": "07:48:42"
  },
  {
    "zk_id": "11",
    "log_date": "2025-10-08",
    "time_in": "08:18:18",
    "time_out": "19:59:02"
  },
  {
    "zk_id": "11",
    "log_date": "2025-10-09",
    "time_in": "08:18:03",
    "time_out": "19:54:31"
  },
  {
    "zk_id": "11",
    "log_date": "2025-10-10",
    "time_in": "08:17:11",
    "time_out": "08:17:11"
  },
  {
    "zk_id": "11",
    "log_date": "2025-10-13",
    "time_in": "07:50:40",
    "time_out": "17:16:16"
  },
  {
    "zk_id": "11",
    "log_date": "2025-10-14",
    "time_in": "07:43:24",
    "time_out": "20:10:28"
  },
  {
    "zk_id": "11",
    "log_date": "2025-10-15",
    "time_in": "07:38:12",
    "time_out": "20:25:09"
  },
  {
    "zk_id": "11",
    "log_date": "2025-10-16",
    "time_in": "07:43:56",
    "time_out": "07:43:56"
  },
  {
    "zk_id": "11",
    "log_date": "2025-10-17",
    "time_in": "08:17:43",
    "time_out": "19:39:37"
  },
  {
    "zk_id": "11",
    "log_date": "2025-10-18",
    "time_in": "08:17:23",
    "time_out": "08:17:23"
  },
  {
    "zk_id": "11",
    "log_date": "2025-10-20",
    "time_in": "07:49:19",
    "time_out": "17:15:57"
  },
  {
    "zk_id": "11",
    "log_date": "2025-10-21",
    "time_in": "07:49:25",
    "time_out": "17:16:45"
  },
  {
    "zk_id": "11",
    "log_date": "2025-10-22",
    "time_in": "07:43:32",
    "time_out": "20:14:41"
  },
  {
    "zk_id": "11",
    "log_date": "2025-10-23",
    "time_in": "07:35:57",
    "time_out": "20:15:42"
  },
  {
    "zk_id": "11",
    "log_date": "2025-10-24",
    "time_in": "19:52:03",
    "time_out": "19:52:03"
  },
  {
    "zk_id": "11",
    "log_date": "2025-10-25",
    "time_in": "08:05:48",
    "time_out": "08:05:48"
  },
  {
    "zk_id": "11",
    "log_date": "2025-10-30",
    "time_in": "07:50:09",
    "time_out": "20:17:12"
  },
  {
    "zk_id": "11",
    "log_date": "2025-10-31",
    "time_in": "07:50:14",
    "time_out": "20:17:09"
  },
  {
    "zk_id": "12",
    "log_date": "2025-10-01",
    "time_in": "08:10:48",
    "time_out": "19:17:07"
  },
  {
    "zk_id": "12",
    "log_date": "2025-10-02",
    "time_in": "08:16:03",
    "time_out": "08:16:03"
  },
  {
    "zk_id": "12",
    "log_date": "2025-10-05",
    "time_in": "07:14:01",
    "time_out": "17:14:22"
  },
  {
    "zk_id": "12",
    "log_date": "2025-10-06",
    "time_in": "07:11:35",
    "time_out": "20:10:14"
  },
  {
    "zk_id": "12",
    "log_date": "2025-10-07",
    "time_in": "07:10:45",
    "time_out": "20:10:26"
  },
  {
    "zk_id": "12",
    "log_date": "2025-10-08",
    "time_in": "18:49:53",
    "time_out": "18:49:53"
  },
  {
    "zk_id": "12",
    "log_date": "2025-10-09",
    "time_in": "08:08:47",
    "time_out": "19:00:17"
  },
  {
    "zk_id": "12",
    "log_date": "2025-10-10",
    "time_in": "08:16:51",
    "time_out": "08:16:51"
  },
  {
    "zk_id": "12",
    "log_date": "2025-10-13",
    "time_in": "07:01:18",
    "time_out": "17:15:24"
  },
  {
    "zk_id": "12",
    "log_date": "2025-10-14",
    "time_in": "06:58:35",
    "time_out": "20:10:18"
  },
  {
    "zk_id": "12",
    "log_date": "2025-10-15",
    "time_in": "06:55:26",
    "time_out": "20:25:06"
  },
  {
    "zk_id": "12",
    "log_date": "2025-10-16",
    "time_in": "18:58:18",
    "time_out": "18:58:18"
  },
  {
    "zk_id": "12",
    "log_date": "2025-10-17",
    "time_in": "08:15:13",
    "time_out": "18:53:41"
  },
  {
    "zk_id": "12",
    "log_date": "2025-10-18",
    "time_in": "08:09:55",
    "time_out": "08:09:55"
  },
  {
    "zk_id": "12",
    "log_date": "2025-10-20",
    "time_in": "07:06:35",
    "time_out": "17:15:53"
  },
  {
    "zk_id": "12",
    "log_date": "2025-10-21",
    "time_in": "07:16:54",
    "time_out": "17:15:37"
  },
  {
    "zk_id": "12",
    "log_date": "2025-10-22",
    "time_in": "07:02:54",
    "time_out": "20:07:39"
  },
  {
    "zk_id": "12",
    "log_date": "2025-10-23",
    "time_in": "07:17:48",
    "time_out": "20:14:45"
  },
  {
    "zk_id": "12",
    "log_date": "2025-10-24",
    "time_in": "19:15:16",
    "time_out": "19:15:16"
  },
  {
    "zk_id": "12",
    "log_date": "2025-10-25",
    "time_in": "08:15:43",
    "time_out": "08:15:43"
  },
  {
    "zk_id": "12",
    "log_date": "2025-10-29",
    "time_in": "07:14:27",
    "time_out": "17:11:13"
  },
  {
    "zk_id": "12",
    "log_date": "2025-10-30",
    "time_in": "07:05:30",
    "time_out": "20:15:24"
  },
  {
    "zk_id": "12",
    "log_date": "2025-10-31",
    "time_in": "07:17:45",
    "time_out": "20:13:00"
  },
  {
    "zk_id": "14",
    "log_date": "2025-10-01",
    "time_in": "07:40:56",
    "time_out": "17:17:06"
  },
  {
    "zk_id": "14",
    "log_date": "2025-10-02",
    "time_in": "07:38:42",
    "time_out": "17:15:26"
  },
  {
    "zk_id": "14",
    "log_date": "2025-10-03",
    "time_in": "07:34:24",
    "time_out": "17:16:46"
  },
  {
    "zk_id": "14",
    "log_date": "2025-10-04",
    "time_in": "07:46:37",
    "time_out": "17:16:20"
  },
  {
    "zk_id": "14",
    "log_date": "2025-10-06",
    "time_in": "07:30:15",
    "time_out": "17:16:52"
  },
  {
    "zk_id": "14",
    "log_date": "2025-10-07",
    "time_in": "07:41:21",
    "time_out": "17:22:22"
  },
  {
    "zk_id": "14",
    "log_date": "2025-10-08",
    "time_in": "07:36:51",
    "time_out": "17:17:11"
  },
  {
    "zk_id": "14",
    "log_date": "2025-10-09",
    "time_in": "07:42:43",
    "time_out": "17:17:28"
  },
  {
    "zk_id": "14",
    "log_date": "2025-10-10",
    "time_in": "08:01:59",
    "time_out": "17:09:20"
  },
  {
    "zk_id": "14",
    "log_date": "2025-10-11",
    "time_in": "07:39:52",
    "time_out": "17:18:40"
  },
  {
    "zk_id": "14",
    "log_date": "2025-10-13",
    "time_in": "07:19:48",
    "time_out": "17:18:27"
  },
  {
    "zk_id": "14",
    "log_date": "2025-10-14",
    "time_in": "07:37:07",
    "time_out": "17:16:11"
  },
  {
    "zk_id": "14",
    "log_date": "2025-10-15",
    "time_in": "07:25:32",
    "time_out": "17:17:34"
  },
  {
    "zk_id": "14",
    "log_date": "2025-10-16",
    "time_in": "07:28:48",
    "time_out": "17:19:05"
  },
  {
    "zk_id": "14",
    "log_date": "2025-10-17",
    "time_in": "07:30:49",
    "time_out": "17:19:02"
  },
  {
    "zk_id": "14",
    "log_date": "2025-10-18",
    "time_in": "07:29:44",
    "time_out": "17:15:53"
  },
  {
    "zk_id": "14",
    "log_date": "2025-10-20",
    "time_in": "07:40:01",
    "time_out": "17:18:55"
  },
  {
    "zk_id": "14",
    "log_date": "2025-10-21",
    "time_in": "07:36:43",
    "time_out": "17:18:26"
  },
  {
    "zk_id": "14",
    "log_date": "2025-10-22",
    "time_in": "07:38:54",
    "time_out": "17:18:25"
  },
  {
    "zk_id": "14",
    "log_date": "2025-10-23",
    "time_in": "07:36:07",
    "time_out": "17:16:45"
  },
  {
    "zk_id": "14",
    "log_date": "2025-10-24",
    "time_in": "07:29:22",
    "time_out": "17:20:46"
  },
  {
    "zk_id": "14",
    "log_date": "2025-10-25",
    "time_in": "07:35:15",
    "time_out": "07:35:15"
  },
  {
    "zk_id": "14",
    "log_date": "2025-10-28",
    "time_in": "17:18:06",
    "time_out": "17:18:06"
  },
  {
    "zk_id": "14",
    "log_date": "2025-10-29",
    "time_in": "07:42:01",
    "time_out": "17:18:48"
  },
  {
    "zk_id": "14",
    "log_date": "2025-10-30",
    "time_in": "07:23:53",
    "time_out": "17:17:31"
  },
  {
    "zk_id": "14",
    "log_date": "2025-10-31",
    "time_in": "07:23:54",
    "time_out": "17:17:53"
  },
  {
    "zk_id": "15",
    "log_date": "2025-10-01",
    "time_in": "08:06:36",
    "time_out": "17:15:47"
  },
  {
    "zk_id": "15",
    "log_date": "2025-10-03",
    "time_in": "07:40:54",
    "time_out": "20:11:10"
  },
  {
    "zk_id": "15",
    "log_date": "2025-10-04",
    "time_in": "19:25:24",
    "time_out": "19:25:24"
  },
  {
    "zk_id": "15",
    "log_date": "2025-10-05",
    "time_in": "08:08:52",
    "time_out": "19:36:10"
  },
  {
    "zk_id": "15",
    "log_date": "2025-10-06",
    "time_in": "08:15:40",
    "time_out": "08:15:40"
  },
  {
    "zk_id": "15",
    "log_date": "2025-10-10",
    "time_in": "07:49:07",
    "time_out": "20:17:10"
  },
  {
    "zk_id": "15",
    "log_date": "2025-10-11",
    "time_in": "07:50:49",
    "time_out": "17:15:55"
  },
  {
    "zk_id": "15",
    "log_date": "2025-10-12",
    "time_in": "19:19:51",
    "time_out": "19:19:51"
  },
  {
    "zk_id": "15",
    "log_date": "2025-10-13",
    "time_in": "08:16:08",
    "time_out": "19:33:00"
  },
  {
    "zk_id": "15",
    "log_date": "2025-10-14",
    "time_in": "08:15:37",
    "time_out": "08:15:37"
  },
  {
    "zk_id": "15",
    "log_date": "2025-10-18",
    "time_in": "07:43:56",
    "time_out": "20:16:08"
  },
  {
    "zk_id": "15",
    "log_date": "2025-10-19",
    "time_in": "07:31:44",
    "time_out": "20:15:47"
  },
  {
    "zk_id": "15",
    "log_date": "2025-10-20",
    "time_in": "18:50:29",
    "time_out": "18:50:29"
  },
  {
    "zk_id": "15",
    "log_date": "2025-10-21",
    "time_in": "08:16:34",
    "time_out": "19:29:39"
  },
  {
    "zk_id": "15",
    "log_date": "2025-10-22",
    "time_in": "09:15:39",
    "time_out": "09:15:39"
  },
  {
    "zk_id": "15",
    "log_date": "2025-10-28",
    "time_in": "19:23:31",
    "time_out": "19:23:31"
  },
  {
    "zk_id": "15",
    "log_date": "2025-10-29",
    "time_in": "08:19:00",
    "time_out": "19:27:06"
  },
  {
    "zk_id": "15",
    "log_date": "2025-10-30",
    "time_in": "08:17:44",
    "time_out": "08:17:44"
  },
  {
    "zk_id": "16",
    "log_date": "2025-10-04",
    "time_in": "07:53:26",
    "time_out": "20:15:45"
  },
  {
    "zk_id": "16",
    "log_date": "2025-10-05",
    "time_in": "07:54:27",
    "time_out": "20:16:40"
  },
  {
    "zk_id": "16",
    "log_date": "2025-10-06",
    "time_in": "19:58:17",
    "time_out": "19:58:17"
  },
  {
    "zk_id": "16",
    "log_date": "2025-10-07",
    "time_in": "08:15:40",
    "time_out": "19:56:38"
  },
  {
    "zk_id": "16",
    "log_date": "2025-10-08",
    "time_in": "08:19:13",
    "time_out": "08:19:13"
  },
  {
    "zk_id": "16",
    "log_date": "2025-10-11",
    "time_in": "08:03:01",
    "time_out": "17:16:19"
  },
  {
    "zk_id": "16",
    "log_date": "2025-10-12",
    "time_in": "07:56:37",
    "time_out": "20:15:50"
  },
  {
    "zk_id": "16",
    "log_date": "2025-10-13",
    "time_in": "07:49:07",
    "time_out": "20:15:54"
  },
  {
    "zk_id": "16",
    "log_date": "2025-10-14",
    "time_in": "19:57:17",
    "time_out": "19:57:17"
  },
  {
    "zk_id": "16",
    "log_date": "2025-10-15",
    "time_in": "08:16:16",
    "time_out": "19:58:11"
  },
  {
    "zk_id": "16",
    "log_date": "2025-10-16",
    "time_in": "08:19:05",
    "time_out": "08:19:05"
  },
  {
    "zk_id": "16",
    "log_date": "2025-10-17",
    "time_in": "07:48:59",
    "time_out": "18:52:33"
  },
  {
    "zk_id": "16",
    "log_date": "2025-10-20",
    "time_in": "07:56:52",
    "time_out": "20:16:53"
  },
  {
    "zk_id": "16",
    "log_date": "2025-10-21",
    "time_in": "07:57:39",
    "time_out": "20:16:23"
  },
  {
    "zk_id": "16",
    "log_date": "2025-10-22",
    "time_in": "19:59:38",
    "time_out": "19:59:38"
  },
  {
    "zk_id": "16",
    "log_date": "2025-10-23",
    "time_in": "08:34:09",
    "time_out": "08:34:09"
  },
  {
    "zk_id": "16",
    "log_date": "2025-10-30",
    "time_in": "19:40:54",
    "time_out": "19:40:54"
  },
  {
    "zk_id": "16",
    "log_date": "2025-10-31",
    "time_in": "08:16:18",
    "time_out": "19:46:27"
  },
  {
    "zk_id": "17",
    "log_date": "2025-10-03",
    "time_in": "07:18:58",
    "time_out": "17:16:07"
  },
  {
    "zk_id": "17",
    "log_date": "2025-10-04",
    "time_in": "07:21:13",
    "time_out": "20:15:26"
  },
  {
    "zk_id": "17",
    "log_date": "2025-10-05",
    "time_in": "07:30:47",
    "time_out": "20:15:39"
  },
  {
    "zk_id": "17",
    "log_date": "2025-10-06",
    "time_in": "19:08:57",
    "time_out": "19:08:57"
  },
  {
    "zk_id": "17",
    "log_date": "2025-10-07",
    "time_in": "08:15:23",
    "time_out": "19:16:53"
  },
  {
    "zk_id": "17",
    "log_date": "2025-10-08",
    "time_in": "08:15:47",
    "time_out": "08:15:47"
  },
  {
    "zk_id": "17",
    "log_date": "2025-10-12",
    "time_in": "07:14:44",
    "time_out": "20:16:16"
  },
  {
    "zk_id": "17",
    "log_date": "2025-10-13",
    "time_in": "07:27:25",
    "time_out": "20:15:52"
  },
  {
    "zk_id": "17",
    "log_date": "2025-10-14",
    "time_in": "19:25:35",
    "time_out": "19:25:35"
  },
  {
    "zk_id": "17",
    "log_date": "2025-10-15",
    "time_in": "08:16:31",
    "time_out": "19:24:40"
  },
  {
    "zk_id": "17",
    "log_date": "2025-10-16",
    "time_in": "08:16:56",
    "time_out": "08:16:56"
  },
  {
    "zk_id": "17",
    "log_date": "2025-10-20",
    "time_in": "07:20:29",
    "time_out": "20:15:59"
  },
  {
    "zk_id": "17",
    "log_date": "2025-10-21",
    "time_in": "07:24:52",
    "time_out": "20:16:21"
  },
  {
    "zk_id": "17",
    "log_date": "2025-10-22",
    "time_in": "19:23:46",
    "time_out": "19:23:46"
  },
  {
    "zk_id": "17",
    "log_date": "2025-10-23",
    "time_in": "08:33:27",
    "time_out": "19:17:40"
  },
  {
    "zk_id": "17",
    "log_date": "2025-10-24",
    "time_in": "08:22:59",
    "time_out": "08:22:59"
  },
  {
    "zk_id": "17",
    "log_date": "2025-10-30",
    "time_in": "19:07:04",
    "time_out": "19:07:04"
  },
  {
    "zk_id": "17",
    "log_date": "2025-10-31",
    "time_in": "08:16:16",
    "time_out": "19:23:10"
  },
  {
    "zk_id": "19",
    "log_date": "2025-10-01",
    "time_in": "07:39:33",
    "time_out": "17:16:53"
  },
  {
    "zk_id": "19",
    "log_date": "2025-10-02",
    "time_in": "07:34:42",
    "time_out": "20:18:25"
  },
  {
    "zk_id": "19",
    "log_date": "2025-10-03",
    "time_in": "07:44:15",
    "time_out": "20:11:52"
  },
  {
    "zk_id": "19",
    "log_date": "2025-10-04",
    "time_in": "19:14:30",
    "time_out": "19:14:30"
  },
  {
    "zk_id": "19",
    "log_date": "2025-10-05",
    "time_in": "08:19:35",
    "time_out": "19:16:19"
  },
  {
    "zk_id": "19",
    "log_date": "2025-10-06",
    "time_in": "08:23:55",
    "time_out": "08:23:55"
  },
  {
    "zk_id": "19",
    "log_date": "2025-10-09",
    "time_in": "07:41:43",
    "time_out": "17:17:22"
  },
  {
    "zk_id": "19",
    "log_date": "2025-10-10",
    "time_in": "07:09:18",
    "time_out": "20:17:15"
  },
  {
    "zk_id": "19",
    "log_date": "2025-10-11",
    "time_in": "07:42:38",
    "time_out": "20:19:07"
  },
  {
    "zk_id": "19",
    "log_date": "2025-10-12",
    "time_in": "19:36:28",
    "time_out": "19:36:28"
  },
  {
    "zk_id": "19",
    "log_date": "2025-10-13",
    "time_in": "08:17:59",
    "time_out": "19:30:02"
  },
  {
    "zk_id": "19",
    "log_date": "2025-10-14",
    "time_in": "08:20:39",
    "time_out": "08:20:39"
  },
  {
    "zk_id": "19",
    "log_date": "2025-10-17",
    "time_in": "07:40:21",
    "time_out": "17:18:03"
  },
  {
    "zk_id": "19",
    "log_date": "2025-10-18",
    "time_in": "07:32:31",
    "time_out": "20:16:29"
  },
  {
    "zk_id": "19",
    "log_date": "2025-10-19",
    "time_in": "07:36:31",
    "time_out": "20:16:28"
  },
  {
    "zk_id": "19",
    "log_date": "2025-10-20",
    "time_in": "19:42:34",
    "time_out": "19:42:34"
  },
  {
    "zk_id": "19",
    "log_date": "2025-10-21",
    "time_in": "08:16:40",
    "time_out": "19:30:04"
  },
  {
    "zk_id": "19",
    "log_date": "2025-10-22",
    "time_in": "09:16:35",
    "time_out": "09:16:35"
  },
  {
    "zk_id": "19",
    "log_date": "2025-10-29",
    "time_in": "08:18:58",
    "time_out": "19:34:49"
  },
  {
    "zk_id": "19",
    "log_date": "2025-10-30",
    "time_in": "08:10:46",
    "time_out": "08:10:46"
  },
  {
    "zk_id": "2",
    "log_date": "2025-10-01",
    "time_in": "08:26:51",
    "time_out": "19:47:24"
  },
  {
    "zk_id": "2",
    "log_date": "2025-10-02",
    "time_in": "08:19:33",
    "time_out": "08:19:33"
  },
  {
    "zk_id": "2",
    "log_date": "2025-10-05",
    "time_in": "08:04:16",
    "time_out": "17:13:35"
  },
  {
    "zk_id": "2",
    "log_date": "2025-10-06",
    "time_in": "07:55:50",
    "time_out": "20:16:15"
  },
  {
    "zk_id": "2",
    "log_date": "2025-10-07",
    "time_in": "20:10:24",
    "time_out": "20:10:24"
  },
  {
    "zk_id": "2",
    "log_date": "2025-10-08",
    "time_in": "19:38:50",
    "time_out": "19:38:50"
  },
  {
    "zk_id": "2",
    "log_date": "2025-10-09",
    "time_in": "08:16:24",
    "time_out": "19:45:13"
  },
  {
    "zk_id": "2",
    "log_date": "2025-10-10",
    "time_in": "08:16:59",
    "time_out": "08:16:59"
  },
  {
    "zk_id": "2",
    "log_date": "2025-10-14",
    "time_in": "07:45:50",
    "time_out": "20:15:23"
  },
  {
    "zk_id": "2",
    "log_date": "2025-10-15",
    "time_in": "07:53:02",
    "time_out": "07:53:02"
  },
  {
    "zk_id": "2",
    "log_date": "2025-10-16",
    "time_in": "19:22:56",
    "time_out": "19:22:56"
  },
  {
    "zk_id": "2",
    "log_date": "2025-10-17",
    "time_in": "08:17:50",
    "time_out": "08:17:50"
  },
  {
    "zk_id": "2",
    "log_date": "2025-10-31",
    "time_in": "07:44:54",
    "time_out": "20:20:38"
  },
  {
    "zk_id": "21",
    "log_date": "2025-10-03",
    "time_in": "13:03:05",
    "time_out": "17:17:48"
  },
  {
    "zk_id": "21",
    "log_date": "2025-10-04",
    "time_in": "07:27:00",
    "time_out": "20:17:00"
  },
  {
    "zk_id": "21",
    "log_date": "2025-10-05",
    "time_in": "07:33:44",
    "time_out": "20:18:01"
  },
  {
    "zk_id": "21",
    "log_date": "2025-10-06",
    "time_in": "19:46:43",
    "time_out": "19:46:43"
  },
  {
    "zk_id": "21",
    "log_date": "2025-10-07",
    "time_in": "08:17:30",
    "time_out": "19:32:58"
  },
  {
    "zk_id": "21",
    "log_date": "2025-10-08",
    "time_in": "08:17:36",
    "time_out": "08:17:36"
  },
  {
    "zk_id": "21",
    "log_date": "2025-10-11",
    "time_in": "07:27:40",
    "time_out": "17:17:11"
  },
  {
    "zk_id": "21",
    "log_date": "2025-10-12",
    "time_in": "07:47:55",
    "time_out": "20:17:24"
  },
  {
    "zk_id": "21",
    "log_date": "2025-10-13",
    "time_in": "07:42:52",
    "time_out": "20:16:31"
  },
  {
    "zk_id": "21",
    "log_date": "2025-10-14",
    "time_in": "19:20:08",
    "time_out": "19:20:08"
  },
  {
    "zk_id": "21",
    "log_date": "2025-10-15",
    "time_in": "08:17:31",
    "time_out": "19:17:07"
  },
  {
    "zk_id": "21",
    "log_date": "2025-10-16",
    "time_in": "08:18:42",
    "time_out": "08:18:42"
  },
  {
    "zk_id": "21",
    "log_date": "2025-10-20",
    "time_in": "07:33:29",
    "time_out": "20:20:04"
  },
  {
    "zk_id": "21",
    "log_date": "2025-10-21",
    "time_in": "07:20:34",
    "time_out": "20:17:41"
  },
  {
    "zk_id": "21",
    "log_date": "2025-10-22",
    "time_in": "19:23:29",
    "time_out": "19:23:29"
  },
  {
    "zk_id": "21",
    "log_date": "2025-10-23",
    "time_in": "08:35:14",
    "time_out": "20:10:24"
  },
  {
    "zk_id": "21",
    "log_date": "2025-10-24",
    "time_in": "08:25:22",
    "time_out": "08:25:22"
  },
  {
    "zk_id": "21",
    "log_date": "2025-10-30",
    "time_in": "19:49:35",
    "time_out": "19:49:35"
  },
  {
    "zk_id": "21",
    "log_date": "2025-10-31",
    "time_in": "08:17:56",
    "time_out": "19:37:26"
  },
  {
    "zk_id": "22",
    "log_date": "2025-10-03",
    "time_in": "07:31:18",
    "time_out": "17:17:40"
  },
  {
    "zk_id": "22",
    "log_date": "2025-10-04",
    "time_in": "07:26:51",
    "time_out": "20:16:56"
  },
  {
    "zk_id": "22",
    "log_date": "2025-10-05",
    "time_in": "07:22:41",
    "time_out": "20:18:11"
  },
  {
    "zk_id": "22",
    "log_date": "2025-10-06",
    "time_in": "19:24:16",
    "time_out": "19:24:16"
  },
  {
    "zk_id": "22",
    "log_date": "2025-10-07",
    "time_in": "08:17:35",
    "time_out": "19:30:21"
  },
  {
    "zk_id": "22",
    "log_date": "2025-10-08",
    "time_in": "08:16:31",
    "time_out": "08:16:31"
  },
  {
    "zk_id": "22",
    "log_date": "2025-10-11",
    "time_in": "07:26:58",
    "time_out": "17:17:06"
  },
  {
    "zk_id": "22",
    "log_date": "2025-10-12",
    "time_in": "07:28:34",
    "time_out": "20:17:16"
  },
  {
    "zk_id": "22",
    "log_date": "2025-10-13",
    "time_in": "07:42:37",
    "time_out": "20:16:42"
  },
  {
    "zk_id": "22",
    "log_date": "2025-10-14",
    "time_in": "19:28:07",
    "time_out": "19:28:07"
  },
  {
    "zk_id": "22",
    "log_date": "2025-10-15",
    "time_in": "08:17:56",
    "time_out": "19:17:04"
  },
  {
    "zk_id": "22",
    "log_date": "2025-10-16",
    "time_in": "08:18:40",
    "time_out": "08:18:40"
  },
  {
    "zk_id": "22",
    "log_date": "2025-10-20",
    "time_in": "07:23:36",
    "time_out": "20:20:10"
  },
  {
    "zk_id": "22",
    "log_date": "2025-10-21",
    "time_in": "07:20:28",
    "time_out": "20:17:37"
  },
  {
    "zk_id": "22",
    "log_date": "2025-10-22",
    "time_in": "19:16:59",
    "time_out": "19:16:59"
  },
  {
    "zk_id": "22",
    "log_date": "2025-10-23",
    "time_in": "08:35:18",
    "time_out": "19:39:18"
  },
  {
    "zk_id": "22",
    "log_date": "2025-10-24",
    "time_in": "08:25:13",
    "time_out": "08:25:13"
  },
  {
    "zk_id": "22",
    "log_date": "2025-10-30",
    "time_in": "19:19:37",
    "time_out": "19:19:37"
  },
  {
    "zk_id": "22",
    "log_date": "2025-10-31",
    "time_in": "08:19:35",
    "time_out": "19:18:34"
  },
  {
    "zk_id": "24",
    "log_date": "2025-10-01",
    "time_in": "07:27:23",
    "time_out": "20:14:22"
  },
  {
    "zk_id": "24",
    "log_date": "2025-10-02",
    "time_in": "18:28:51",
    "time_out": "18:28:51"
  },
  {
    "zk_id": "24",
    "log_date": "2025-10-03",
    "time_in": "08:27:33",
    "time_out": "17:49:49"
  },
  {
    "zk_id": "24",
    "log_date": "2025-10-04",
    "time_in": "08:16:00",
    "time_out": "08:16:00"
  },
  {
    "zk_id": "24",
    "log_date": "2025-10-07",
    "time_in": "07:44:30",
    "time_out": "17:18:53"
  },
  {
    "zk_id": "24",
    "log_date": "2025-10-08",
    "time_in": "07:37:55",
    "time_out": "20:14:59"
  },
  {
    "zk_id": "24",
    "log_date": "2025-10-09",
    "time_in": "07:59:59",
    "time_out": "20:14:11"
  },
  {
    "zk_id": "24",
    "log_date": "2025-10-10",
    "time_in": "18:04:41",
    "time_out": "18:04:41"
  },
  {
    "zk_id": "24",
    "log_date": "2025-10-11",
    "time_in": "08:16:01",
    "time_out": "18:09:42"
  },
  {
    "zk_id": "24",
    "log_date": "2025-10-12",
    "time_in": "08:15:58",
    "time_out": "08:15:58"
  },
  {
    "zk_id": "24",
    "log_date": "2025-10-15",
    "time_in": "07:23:28",
    "time_out": "17:15:08"
  },
  {
    "zk_id": "24",
    "log_date": "2025-10-16",
    "time_in": "07:38:23",
    "time_out": "20:14:59"
  },
  {
    "zk_id": "24",
    "log_date": "2025-10-17",
    "time_in": "07:24:12",
    "time_out": "20:15:07"
  },
  {
    "zk_id": "24",
    "log_date": "2025-10-18",
    "time_in": "18:24:54",
    "time_out": "18:24:54"
  },
  {
    "zk_id": "24",
    "log_date": "2025-10-19",
    "time_in": "08:17:47",
    "time_out": "18:14:48"
  },
  {
    "zk_id": "24",
    "log_date": "2025-10-20",
    "time_in": "08:16:35",
    "time_out": "08:16:35"
  },
  {
    "zk_id": "24",
    "log_date": "2025-10-23",
    "time_in": "07:49:50",
    "time_out": "17:14:33"
  },
  {
    "zk_id": "24",
    "log_date": "2025-10-24",
    "time_in": "08:03:22",
    "time_out": "20:11:54"
  },
  {
    "zk_id": "24",
    "log_date": "2025-10-25",
    "time_in": "07:38:53",
    "time_out": "07:38:53"
  },
  {
    "zk_id": "24",
    "log_date": "2025-10-31",
    "time_in": "07:18:56",
    "time_out": "17:15:48"
  },
  {
    "zk_id": "25",
    "log_date": "2025-10-01",
    "time_in": "07:24:11",
    "time_out": "17:18:14"
  },
  {
    "zk_id": "25",
    "log_date": "2025-10-02",
    "time_in": "07:17:19",
    "time_out": "17:15:41"
  },
  {
    "zk_id": "25",
    "log_date": "2025-10-04",
    "time_in": "06:45:08",
    "time_out": "17:16:25"
  },
  {
    "zk_id": "25",
    "log_date": "2025-10-06",
    "time_in": "06:48:47",
    "time_out": "15:15:26"
  },
  {
    "zk_id": "25",
    "log_date": "2025-10-07",
    "time_in": "06:57:37",
    "time_out": "17:31:13"
  },
  {
    "zk_id": "25",
    "log_date": "2025-10-08",
    "time_in": "06:58:29",
    "time_out": "17:17:01"
  },
  {
    "zk_id": "25",
    "log_date": "2025-10-09",
    "time_in": "06:55:26",
    "time_out": "17:16:08"
  },
  {
    "zk_id": "25",
    "log_date": "2025-10-10",
    "time_in": "07:04:35",
    "time_out": "17:09:13"
  },
  {
    "zk_id": "25",
    "log_date": "2025-10-11",
    "time_in": "06:59:33",
    "time_out": "11:09:15"
  },
  {
    "zk_id": "25",
    "log_date": "2025-10-13",
    "time_in": "06:54:55",
    "time_out": "17:16:12"
  },
  {
    "zk_id": "25",
    "log_date": "2025-10-14",
    "time_in": "06:44:41",
    "time_out": "17:16:30"
  },
  {
    "zk_id": "25",
    "log_date": "2025-10-15",
    "time_in": "06:56:19",
    "time_out": "17:16:35"
  },
  {
    "zk_id": "25",
    "log_date": "2025-10-16",
    "time_in": "06:52:13",
    "time_out": "17:17:38"
  },
  {
    "zk_id": "25",
    "log_date": "2025-10-17",
    "time_in": "06:58:26",
    "time_out": "11:32:05"
  },
  {
    "zk_id": "25",
    "log_date": "2025-10-18",
    "time_in": "06:54:38",
    "time_out": "17:16:12"
  },
  {
    "zk_id": "25",
    "log_date": "2025-10-20",
    "time_in": "06:50:10",
    "time_out": "16:17:15"
  },
  {
    "zk_id": "25",
    "log_date": "2025-10-21",
    "time_in": "06:56:26",
    "time_out": "17:19:12"
  },
  {
    "zk_id": "25",
    "log_date": "2025-10-22",
    "time_in": "06:51:37",
    "time_out": "17:17:13"
  },
  {
    "zk_id": "25",
    "log_date": "2025-10-23",
    "time_in": "06:57:36",
    "time_out": "17:10:00"
  },
  {
    "zk_id": "25",
    "log_date": "2025-10-24",
    "time_in": "07:07:15",
    "time_out": "17:15:10"
  },
  {
    "zk_id": "25",
    "log_date": "2025-10-25",
    "time_in": "07:25:53",
    "time_out": "07:25:53"
  },
  {
    "zk_id": "25",
    "log_date": "2025-10-29",
    "time_in": "06:59:02",
    "time_out": "17:24:46"
  },
  {
    "zk_id": "25",
    "log_date": "2025-10-30",
    "time_in": "07:13:51",
    "time_out": "17:17:02"
  },
  {
    "zk_id": "25",
    "log_date": "2025-10-31",
    "time_in": "06:58:25",
    "time_out": "17:16:16"
  },
  {
    "zk_id": "26",
    "log_date": "2025-10-01",
    "time_in": "07:43:05",
    "time_out": "20:16:05"
  },
  {
    "zk_id": "26",
    "log_date": "2025-10-02",
    "time_in": "19:36:37",
    "time_out": "19:36:37"
  },
  {
    "zk_id": "26",
    "log_date": "2025-10-03",
    "time_in": "08:27:20",
    "time_out": "19:23:32"
  },
  {
    "zk_id": "26",
    "log_date": "2025-10-04",
    "time_in": "08:13:56",
    "time_out": "08:13:56"
  },
  {
    "zk_id": "26",
    "log_date": "2025-10-08",
    "time_in": "07:19:44",
    "time_out": "20:14:54"
  },
  {
    "zk_id": "26",
    "log_date": "2025-10-09",
    "time_in": "07:30:51",
    "time_out": "20:13:22"
  },
  {
    "zk_id": "26",
    "log_date": "2025-10-10",
    "time_in": "19:32:06",
    "time_out": "19:32:06"
  },
  {
    "zk_id": "26",
    "log_date": "2025-10-11",
    "time_in": "08:15:31",
    "time_out": "19:54:40"
  },
  {
    "zk_id": "26",
    "log_date": "2025-10-12",
    "time_in": "08:14:56",
    "time_out": "08:14:56"
  },
  {
    "zk_id": "26",
    "log_date": "2025-10-15",
    "time_in": "07:24:05",
    "time_out": "07:24:05"
  },
  {
    "zk_id": "26",
    "log_date": "2025-10-16",
    "time_in": "07:29:39",
    "time_out": "20:15:03"
  },
  {
    "zk_id": "26",
    "log_date": "2025-10-17",
    "time_in": "07:40:13",
    "time_out": "20:14:59"
  },
  {
    "zk_id": "26",
    "log_date": "2025-10-18",
    "time_in": "19:00:43",
    "time_out": "19:00:43"
  },
  {
    "zk_id": "26",
    "log_date": "2025-10-19",
    "time_in": "08:15:44",
    "time_out": "08:15:44"
  },
  {
    "zk_id": "26",
    "log_date": "2025-10-24",
    "time_in": "07:22:01",
    "time_out": "20:18:20"
  },
  {
    "zk_id": "26",
    "log_date": "2025-10-25",
    "time_in": "07:35:27",
    "time_out": "07:35:27"
  },
  {
    "zk_id": "26",
    "log_date": "2025-10-31",
    "time_in": "07:49:34",
    "time_out": "17:15:38"
  },
  {
    "zk_id": "27",
    "log_date": "2025-10-01",
    "time_in": "07:04:13",
    "time_out": "16:08:14"
  },
  {
    "zk_id": "27",
    "log_date": "2025-10-02",
    "time_in": "06:49:10",
    "time_out": "16:00:37"
  },
  {
    "zk_id": "27",
    "log_date": "2025-10-03",
    "time_in": "06:48:13",
    "time_out": "16:05:47"
  },
  {
    "zk_id": "27",
    "log_date": "2025-10-04",
    "time_in": "06:55:08",
    "time_out": "16:02:58"
  },
  {
    "zk_id": "27",
    "log_date": "2025-10-06",
    "time_in": "06:57:21",
    "time_out": "16:14:45"
  },
  {
    "zk_id": "27",
    "log_date": "2025-10-07",
    "time_in": "06:55:25",
    "time_out": "16:03:52"
  },
  {
    "zk_id": "27",
    "log_date": "2025-10-08",
    "time_in": "06:50:28",
    "time_out": "16:04:25"
  },
  {
    "zk_id": "27",
    "log_date": "2025-10-09",
    "time_in": "06:57:22",
    "time_out": "16:06:52"
  },
  {
    "zk_id": "27",
    "log_date": "2025-10-10",
    "time_in": "07:00:35",
    "time_out": "16:09:10"
  },
  {
    "zk_id": "27",
    "log_date": "2025-10-11",
    "time_in": "06:59:01",
    "time_out": "16:04:06"
  },
  {
    "zk_id": "27",
    "log_date": "2025-10-13",
    "time_in": "06:52:03",
    "time_out": "16:04:12"
  },
  {
    "zk_id": "27",
    "log_date": "2025-10-14",
    "time_in": "06:51:32",
    "time_out": "16:04:52"
  },
  {
    "zk_id": "27",
    "log_date": "2025-10-15",
    "time_in": "06:54:23",
    "time_out": "16:01:51"
  },
  {
    "zk_id": "27",
    "log_date": "2025-10-16",
    "time_in": "06:48:51",
    "time_out": "16:08:48"
  },
  {
    "zk_id": "27",
    "log_date": "2025-10-17",
    "time_in": "06:55:41",
    "time_out": "16:02:06"
  },
  {
    "zk_id": "27",
    "log_date": "2025-10-18",
    "time_in": "06:46:20",
    "time_out": "16:11:31"
  },
  {
    "zk_id": "27",
    "log_date": "2025-10-20",
    "time_in": "06:45:02",
    "time_out": "16:06:39"
  },
  {
    "zk_id": "27",
    "log_date": "2025-10-21",
    "time_in": "07:01:42",
    "time_out": "17:07:22"
  },
  {
    "zk_id": "27",
    "log_date": "2025-10-22",
    "time_in": "06:52:19",
    "time_out": "18:02:19"
  },
  {
    "zk_id": "27",
    "log_date": "2025-10-23",
    "time_in": "06:35:19",
    "time_out": "19:29:46"
  },
  {
    "zk_id": "27",
    "log_date": "2025-10-24",
    "time_in": "06:51:41",
    "time_out": "16:01:34"
  },
  {
    "zk_id": "27",
    "log_date": "2025-10-25",
    "time_in": "07:03:46",
    "time_out": "16:03:21"
  },
  {
    "zk_id": "27",
    "log_date": "2025-10-28",
    "time_in": "18:01:21",
    "time_out": "18:01:21"
  },
  {
    "zk_id": "27",
    "log_date": "2025-10-29",
    "time_in": "06:51:22",
    "time_out": "22:12:13"
  },
  {
    "zk_id": "27",
    "log_date": "2025-10-30",
    "time_in": "06:50:19",
    "time_out": "16:04:36"
  },
  {
    "zk_id": "27",
    "log_date": "2025-10-31",
    "time_in": "06:58:53",
    "time_out": "22:10:16"
  },
  {
    "zk_id": "28",
    "log_date": "2025-10-03",
    "time_in": "17:17:42",
    "time_out": "17:17:42"
  },
  {
    "zk_id": "28",
    "log_date": "2025-10-05",
    "time_in": "07:54:36",
    "time_out": "20:18:09"
  },
  {
    "zk_id": "28",
    "log_date": "2025-10-06",
    "time_in": "19:50:27",
    "time_out": "19:50:27"
  },
  {
    "zk_id": "28",
    "log_date": "2025-10-07",
    "time_in": "08:17:37",
    "time_out": "19:43:02"
  },
  {
    "zk_id": "28",
    "log_date": "2025-10-08",
    "time_in": "08:17:32",
    "time_out": "08:17:32"
  },
  {
    "zk_id": "28",
    "log_date": "2025-10-11",
    "time_in": "08:02:38",
    "time_out": "17:17:01"
  },
  {
    "zk_id": "28",
    "log_date": "2025-10-12",
    "time_in": "07:54:03",
    "time_out": "20:17:18"
  },
  {
    "zk_id": "28",
    "log_date": "2025-10-13",
    "time_in": "07:50:56",
    "time_out": "20:16:40"
  },
  {
    "zk_id": "28",
    "log_date": "2025-10-14",
    "time_in": "19:48:29",
    "time_out": "19:48:29"
  },
  {
    "zk_id": "28",
    "log_date": "2025-10-15",
    "time_in": "08:17:59",
    "time_out": "19:38:20"
  },
  {
    "zk_id": "28",
    "log_date": "2025-10-16",
    "time_in": "08:18:49",
    "time_out": "08:18:49"
  },
  {
    "zk_id": "28",
    "log_date": "2025-10-20",
    "time_in": "20:20:06",
    "time_out": "20:20:06"
  },
  {
    "zk_id": "28",
    "log_date": "2025-10-21",
    "time_in": "08:03:19",
    "time_out": "20:17:45"
  },
  {
    "zk_id": "28",
    "log_date": "2025-10-22",
    "time_in": "19:51:29",
    "time_out": "19:51:29"
  },
  {
    "zk_id": "28",
    "log_date": "2025-10-23",
    "time_in": "08:35:22",
    "time_out": "19:57:51"
  },
  {
    "zk_id": "28",
    "log_date": "2025-10-24",
    "time_in": "08:25:18",
    "time_out": "08:25:18"
  },
  {
    "zk_id": "28",
    "log_date": "2025-10-30",
    "time_in": "19:49:27",
    "time_out": "19:49:27"
  },
  {
    "zk_id": "28",
    "log_date": "2025-10-31",
    "time_in": "08:19:38",
    "time_out": "19:48:50"
  },
  {
    "zk_id": "29",
    "log_date": "2025-10-01",
    "time_in": "08:17:52",
    "time_out": "19:46:02"
  },
  {
    "zk_id": "29",
    "log_date": "2025-10-02",
    "time_in": "08:16:16",
    "time_out": "08:16:16"
  },
  {
    "zk_id": "29",
    "log_date": "2025-10-05",
    "time_in": "13:00:08",
    "time_out": "17:14:11"
  },
  {
    "zk_id": "29",
    "log_date": "2025-10-06",
    "time_in": "07:35:45",
    "time_out": "20:10:17"
  },
  {
    "zk_id": "29",
    "log_date": "2025-10-07",
    "time_in": "07:25:52",
    "time_out": "20:10:37"
  },
  {
    "zk_id": "29",
    "log_date": "2025-10-08",
    "time_in": "19:36:06",
    "time_out": "19:36:06"
  },
  {
    "zk_id": "29",
    "log_date": "2025-10-09",
    "time_in": "08:17:44",
    "time_out": "08:17:44"
  },
  {
    "zk_id": "29",
    "log_date": "2025-10-13",
    "time_in": "07:43:01",
    "time_out": "17:15:20"
  },
  {
    "zk_id": "29",
    "log_date": "2025-10-14",
    "time_in": "07:51:40",
    "time_out": "20:13:09"
  },
  {
    "zk_id": "29",
    "log_date": "2025-10-15",
    "time_in": "07:24:08",
    "time_out": "20:23:57"
  },
  {
    "zk_id": "29",
    "log_date": "2025-10-16",
    "time_in": "19:21:14",
    "time_out": "19:21:14"
  },
  {
    "zk_id": "29",
    "log_date": "2025-10-17",
    "time_in": "08:17:32",
    "time_out": "19:46:21"
  },
  {
    "zk_id": "29",
    "log_date": "2025-10-18",
    "time_in": "08:17:14",
    "time_out": "08:17:14"
  },
  {
    "zk_id": "29",
    "log_date": "2025-10-20",
    "time_in": "07:57:00",
    "time_out": "17:15:55"
  },
  {
    "zk_id": "29",
    "log_date": "2025-10-29",
    "time_in": "17:16:38",
    "time_out": "17:16:38"
  },
  {
    "zk_id": "29",
    "log_date": "2025-10-30",
    "time_in": "07:43:10",
    "time_out": "20:17:06"
  },
  {
    "zk_id": "29",
    "log_date": "2025-10-31",
    "time_in": "07:44:59",
    "time_out": "20:20:32"
  },
  {
    "zk_id": "3",
    "log_date": "2025-10-03",
    "time_in": "07:27:54",
    "time_out": "17:16:09"
  },
  {
    "zk_id": "3",
    "log_date": "2025-10-04",
    "time_in": "07:28:22",
    "time_out": "20:17:12"
  },
  {
    "zk_id": "3",
    "log_date": "2025-10-06",
    "time_in": "19:39:46",
    "time_out": "19:39:46"
  },
  {
    "zk_id": "3",
    "log_date": "2025-10-07",
    "time_in": "08:15:11",
    "time_out": "19:17:11"
  },
  {
    "zk_id": "3",
    "log_date": "2025-10-08",
    "time_in": "08:18:22",
    "time_out": "08:18:22"
  },
  {
    "zk_id": "3",
    "log_date": "2025-10-11",
    "time_in": "07:42:43",
    "time_out": "17:17:29"
  },
  {
    "zk_id": "3",
    "log_date": "2025-10-12",
    "time_in": "07:31:32",
    "time_out": "20:16:19"
  },
  {
    "zk_id": "3",
    "log_date": "2025-10-13",
    "time_in": "07:40:16",
    "time_out": "20:16:50"
  },
  {
    "zk_id": "3",
    "log_date": "2025-10-14",
    "time_in": "19:25:38",
    "time_out": "19:25:38"
  },
  {
    "zk_id": "3",
    "log_date": "2025-10-15",
    "time_in": "08:16:38",
    "time_out": "19:04:30"
  },
  {
    "zk_id": "3",
    "log_date": "2025-10-16",
    "time_in": "08:19:01",
    "time_out": "08:19:01"
  },
  {
    "zk_id": "3",
    "log_date": "2025-10-20",
    "time_in": "07:42:12",
    "time_out": "20:14:16"
  },
  {
    "zk_id": "3",
    "log_date": "2025-10-21",
    "time_in": "07:41:54",
    "time_out": "19:14:57"
  },
  {
    "zk_id": "3",
    "log_date": "2025-10-22",
    "time_in": "19:22:01",
    "time_out": "19:22:01"
  },
  {
    "zk_id": "3",
    "log_date": "2025-10-23",
    "time_in": "08:33:29",
    "time_out": "19:57:13"
  },
  {
    "zk_id": "3",
    "log_date": "2025-10-24",
    "time_in": "08:22:56",
    "time_out": "08:22:56"
  },
  {
    "zk_id": "3",
    "log_date": "2025-10-30",
    "time_in": "19:35:25",
    "time_out": "19:35:25"
  },
  {
    "zk_id": "3",
    "log_date": "2025-10-31",
    "time_in": "08:16:59",
    "time_out": "19:10:53"
  },
  {
    "zk_id": "30",
    "log_date": "2025-10-01",
    "time_in": "08:34:39",
    "time_out": "19:22:17"
  },
  {
    "zk_id": "30",
    "log_date": "2025-10-02",
    "time_in": "08:16:09",
    "time_out": "08:16:09"
  },
  {
    "zk_id": "30",
    "log_date": "2025-10-05",
    "time_in": "07:11:42",
    "time_out": "17:15:08"
  },
  {
    "zk_id": "30",
    "log_date": "2025-10-06",
    "time_in": "07:26:20",
    "time_out": "20:16:04"
  },
  {
    "zk_id": "30",
    "log_date": "2025-10-07",
    "time_in": "07:05:26",
    "time_out": "07:05:26"
  },
  {
    "zk_id": "30",
    "log_date": "2025-10-08",
    "time_in": "08:17:45",
    "time_out": "19:23:38"
  },
  {
    "zk_id": "30",
    "log_date": "2025-10-09",
    "time_in": "08:08:40",
    "time_out": "19:20:23"
  },
  {
    "zk_id": "30",
    "log_date": "2025-10-10",
    "time_in": "08:16:49",
    "time_out": "08:16:49"
  },
  {
    "zk_id": "30",
    "log_date": "2025-10-13",
    "time_in": "07:17:27",
    "time_out": "17:15:33"
  },
  {
    "zk_id": "30",
    "log_date": "2025-10-14",
    "time_in": "07:08:17",
    "time_out": "20:10:32"
  },
  {
    "zk_id": "30",
    "log_date": "2025-10-15",
    "time_in": "07:14:24",
    "time_out": "20:31:11"
  },
  {
    "zk_id": "30",
    "log_date": "2025-10-16",
    "time_in": "07:34:39",
    "time_out": "07:34:39"
  },
  {
    "zk_id": "30",
    "log_date": "2025-10-17",
    "time_in": "08:17:40",
    "time_out": "19:16:42"
  },
  {
    "zk_id": "30",
    "log_date": "2025-10-18",
    "time_in": "08:17:09",
    "time_out": "08:17:09"
  },
  {
    "zk_id": "30",
    "log_date": "2025-10-20",
    "time_in": "07:21:46",
    "time_out": "17:15:59"
  },
  {
    "zk_id": "30",
    "log_date": "2025-10-21",
    "time_in": "07:06:30",
    "time_out": "17:17:07"
  },
  {
    "zk_id": "30",
    "log_date": "2025-10-22",
    "time_in": "20:07:41",
    "time_out": "20:07:41"
  },
  {
    "zk_id": "30",
    "log_date": "2025-10-23",
    "time_in": "07:13:05",
    "time_out": "20:15:16"
  },
  {
    "zk_id": "30",
    "log_date": "2025-10-29",
    "time_in": "07:14:23",
    "time_out": "17:16:32"
  },
  {
    "zk_id": "30",
    "log_date": "2025-10-30",
    "time_in": "07:12:51",
    "time_out": "20:16:40"
  },
  {
    "zk_id": "30",
    "log_date": "2025-10-31",
    "time_in": "07:17:49",
    "time_out": "20:20:29"
  },
  {
    "zk_id": "31",
    "log_date": "2025-10-01",
    "time_in": "07:44:22",
    "time_out": "07:44:22"
  },
  {
    "zk_id": "31",
    "log_date": "2025-10-02",
    "time_in": "07:30:39",
    "time_out": "20:14:59"
  },
  {
    "zk_id": "31",
    "log_date": "2025-10-03",
    "time_in": "07:27:45",
    "time_out": "20:15:04"
  },
  {
    "zk_id": "31",
    "log_date": "2025-10-09",
    "time_in": "07:24:38",
    "time_out": "17:14:39"
  },
  {
    "zk_id": "31",
    "log_date": "2025-10-10",
    "time_in": "07:20:11",
    "time_out": "20:14:44"
  },
  {
    "zk_id": "31",
    "log_date": "2025-10-11",
    "time_in": "07:41:27",
    "time_out": "20:14:37"
  },
  {
    "zk_id": "31",
    "log_date": "2025-10-12",
    "time_in": "19:31:37",
    "time_out": "19:31:37"
  },
  {
    "zk_id": "31",
    "log_date": "2025-10-13",
    "time_in": "08:16:32",
    "time_out": "19:09:05"
  },
  {
    "zk_id": "31",
    "log_date": "2025-10-14",
    "time_in": "08:16:08",
    "time_out": "08:16:08"
  },
  {
    "zk_id": "31",
    "log_date": "2025-10-18",
    "time_in": "07:27:33",
    "time_out": "20:14:27"
  },
  {
    "zk_id": "31",
    "log_date": "2025-10-19",
    "time_in": "07:37:39",
    "time_out": "20:15:10"
  },
  {
    "zk_id": "31",
    "log_date": "2025-10-20",
    "time_in": "19:31:42",
    "time_out": "19:31:42"
  },
  {
    "zk_id": "31",
    "log_date": "2025-10-21",
    "time_in": "08:21:38",
    "time_out": "19:25:23"
  },
  {
    "zk_id": "31",
    "log_date": "2025-10-22",
    "time_in": "08:39:34",
    "time_out": "08:39:34"
  },
  {
    "zk_id": "31",
    "log_date": "2025-10-29",
    "time_in": "19:34:56",
    "time_out": "19:34:56"
  },
  {
    "zk_id": "31",
    "log_date": "2025-10-30",
    "time_in": "08:18:13",
    "time_out": "08:18:13"
  },
  {
    "zk_id": "33",
    "log_date": "2025-10-01",
    "time_in": "07:37:48",
    "time_out": "17:16:50"
  },
  {
    "zk_id": "33",
    "log_date": "2025-10-02",
    "time_in": "07:34:46",
    "time_out": "20:18:33"
  },
  {
    "zk_id": "33",
    "log_date": "2025-10-03",
    "time_in": "07:31:16",
    "time_out": "20:11:41"
  },
  {
    "zk_id": "33",
    "log_date": "2025-10-04",
    "time_in": "19:29:46",
    "time_out": "19:29:46"
  },
  {
    "zk_id": "33",
    "log_date": "2025-10-05",
    "time_in": "08:19:06",
    "time_out": "19:22:03"
  },
  {
    "zk_id": "33",
    "log_date": "2025-10-06",
    "time_in": "08:20:07",
    "time_out": "08:20:07"
  },
  {
    "zk_id": "33",
    "log_date": "2025-10-09",
    "time_in": "07:41:40",
    "time_out": "17:16:43"
  },
  {
    "zk_id": "33",
    "log_date": "2025-10-10",
    "time_in": "07:36:48",
    "time_out": "20:12:06"
  },
  {
    "zk_id": "33",
    "log_date": "2025-10-11",
    "time_in": "07:42:33",
    "time_out": "20:19:10"
  },
  {
    "zk_id": "33",
    "log_date": "2025-10-12",
    "time_in": "19:34:42",
    "time_out": "19:34:42"
  },
  {
    "zk_id": "33",
    "log_date": "2025-10-13",
    "time_in": "08:17:51",
    "time_out": "19:29:53"
  },
  {
    "zk_id": "33",
    "log_date": "2025-10-14",
    "time_in": "08:09:35",
    "time_out": "08:09:35"
  },
  {
    "zk_id": "33",
    "log_date": "2025-10-17",
    "time_in": "07:40:25",
    "time_out": "17:17:48"
  },
  {
    "zk_id": "33",
    "log_date": "2025-10-18",
    "time_in": "07:32:34",
    "time_out": "20:11:48"
  },
  {
    "zk_id": "33",
    "log_date": "2025-10-19",
    "time_in": "07:36:20",
    "time_out": "20:18:04"
  },
  {
    "zk_id": "33",
    "log_date": "2025-10-21",
    "time_in": "19:25:37",
    "time_out": "19:25:37"
  },
  {
    "zk_id": "33",
    "log_date": "2025-10-22",
    "time_in": "09:16:40",
    "time_out": "09:16:40"
  },
  {
    "zk_id": "33",
    "log_date": "2025-10-29",
    "time_in": "08:19:26",
    "time_out": "19:34:53"
  },
  {
    "zk_id": "33",
    "log_date": "2025-10-30",
    "time_in": "08:10:39",
    "time_out": "08:10:39"
  },
  {
    "zk_id": "34",
    "log_date": "2025-10-01",
    "time_in": "08:12:06",
    "time_out": "17:14:15"
  },
  {
    "zk_id": "34",
    "log_date": "2025-10-02",
    "time_in": "07:58:13",
    "time_out": "20:14:20"
  },
  {
    "zk_id": "34",
    "log_date": "2025-10-03",
    "time_in": "07:47:30",
    "time_out": "20:15:01"
  },
  {
    "zk_id": "34",
    "log_date": "2025-10-04",
    "time_in": "07:42:38",
    "time_out": "19:58:19"
  },
  {
    "zk_id": "34",
    "log_date": "2025-10-05",
    "time_in": "08:15:16",
    "time_out": "19:38:09"
  },
  {
    "zk_id": "34",
    "log_date": "2025-10-06",
    "time_in": "08:16:23",
    "time_out": "08:16:23"
  },
  {
    "zk_id": "34",
    "log_date": "2025-10-09",
    "time_in": "07:42:33",
    "time_out": "17:13:49"
  },
  {
    "zk_id": "34",
    "log_date": "2025-10-10",
    "time_in": "08:01:38",
    "time_out": "20:14:37"
  },
  {
    "zk_id": "34",
    "log_date": "2025-10-11",
    "time_in": "07:58:22",
    "time_out": "20:14:23"
  },
  {
    "zk_id": "34",
    "log_date": "2025-10-12",
    "time_in": "19:31:39",
    "time_out": "19:31:39"
  },
  {
    "zk_id": "34",
    "log_date": "2025-10-13",
    "time_in": "08:16:01",
    "time_out": "19:47:49"
  },
  {
    "zk_id": "34",
    "log_date": "2025-10-14",
    "time_in": "08:17:48",
    "time_out": "08:17:48"
  },
  {
    "zk_id": "34",
    "log_date": "2025-10-17",
    "time_in": "07:56:44",
    "time_out": "17:15:27"
  },
  {
    "zk_id": "34",
    "log_date": "2025-10-18",
    "time_in": "07:56:13",
    "time_out": "20:13:59"
  },
  {
    "zk_id": "34",
    "log_date": "2025-10-19",
    "time_in": "08:10:10",
    "time_out": "20:15:13"
  },
  {
    "zk_id": "34",
    "log_date": "2025-10-20",
    "time_in": "19:53:21",
    "time_out": "19:53:21"
  },
  {
    "zk_id": "34",
    "log_date": "2025-10-21",
    "time_in": "08:19:53",
    "time_out": "19:56:31"
  },
  {
    "zk_id": "34",
    "log_date": "2025-10-22",
    "time_in": "08:17:39",
    "time_out": "08:17:39"
  },
  {
    "zk_id": "35",
    "log_date": "2025-10-03",
    "time_in": "07:32:11",
    "time_out": "17:16:13"
  },
  {
    "zk_id": "35",
    "log_date": "2025-10-04",
    "time_in": "20:15:31",
    "time_out": "20:15:31"
  },
  {
    "zk_id": "35",
    "log_date": "2025-10-05",
    "time_in": "20:15:42",
    "time_out": "20:15:42"
  },
  {
    "zk_id": "35",
    "log_date": "2025-10-07",
    "time_in": "08:15:13",
    "time_out": "19:30:35"
  },
  {
    "zk_id": "35",
    "log_date": "2025-10-11",
    "time_in": "17:15:50",
    "time_out": "17:15:50"
  },
  {
    "zk_id": "35",
    "log_date": "2025-10-12",
    "time_in": "07:14:47",
    "time_out": "07:14:47"
  },
  {
    "zk_id": "35",
    "log_date": "2025-10-13",
    "time_in": "07:48:21",
    "time_out": "07:48:21"
  },
  {
    "zk_id": "35",
    "log_date": "2025-10-14",
    "time_in": "19:34:16",
    "time_out": "19:34:16"
  },
  {
    "zk_id": "35",
    "log_date": "2025-10-15",
    "time_in": "08:16:33",
    "time_out": "19:44:05"
  },
  {
    "zk_id": "35",
    "log_date": "2025-10-20",
    "time_in": "07:50:02",
    "time_out": "20:14:18"
  },
  {
    "zk_id": "35",
    "log_date": "2025-10-21",
    "time_in": "17:36:01",
    "time_out": "17:36:01"
  },
  {
    "zk_id": "35",
    "log_date": "2025-10-23",
    "time_in": "19:53:06",
    "time_out": "19:53:06"
  },
  {
    "zk_id": "35",
    "log_date": "2025-10-31",
    "time_in": "19:27:51",
    "time_out": "19:27:51"
  },
  {
    "zk_id": "36",
    "log_date": "2025-10-01",
    "time_in": "07:43:08",
    "time_out": "20:15:58"
  },
  {
    "zk_id": "36",
    "log_date": "2025-10-02",
    "time_in": "19:27:28",
    "time_out": "19:27:28"
  },
  {
    "zk_id": "36",
    "log_date": "2025-10-03",
    "time_in": "08:28:08",
    "time_out": "19:18:11"
  },
  {
    "zk_id": "36",
    "log_date": "2025-10-04",
    "time_in": "08:16:49",
    "time_out": "08:16:49"
  },
  {
    "zk_id": "36",
    "log_date": "2025-10-07",
    "time_in": "07:33:22",
    "time_out": "17:19:22"
  },
  {
    "zk_id": "36",
    "log_date": "2025-10-08",
    "time_in": "07:20:28",
    "time_out": "20:14:52"
  },
  {
    "zk_id": "36",
    "log_date": "2025-10-09",
    "time_in": "07:42:03",
    "time_out": "20:13:41"
  },
  {
    "zk_id": "36",
    "log_date": "2025-10-10",
    "time_in": "19:23:05",
    "time_out": "19:23:05"
  },
  {
    "zk_id": "36",
    "log_date": "2025-10-11",
    "time_in": "08:15:35",
    "time_out": "19:24:27"
  },
  {
    "zk_id": "36",
    "log_date": "2025-10-15",
    "time_in": "07:30:57",
    "time_out": "17:14:54"
  },
  {
    "zk_id": "36",
    "log_date": "2025-10-16",
    "time_in": "07:33:25",
    "time_out": "20:15:09"
  },
  {
    "zk_id": "36",
    "log_date": "2025-10-17",
    "time_in": "07:32:23",
    "time_out": "20:14:56"
  },
  {
    "zk_id": "36",
    "log_date": "2025-10-18",
    "time_in": "19:31:08",
    "time_out": "19:31:08"
  },
  {
    "zk_id": "36",
    "log_date": "2025-10-19",
    "time_in": "08:15:23",
    "time_out": "19:08:27"
  },
  {
    "zk_id": "36",
    "log_date": "2025-10-20",
    "time_in": "08:16:17",
    "time_out": "08:16:17"
  },
  {
    "zk_id": "36",
    "log_date": "2025-10-23",
    "time_in": "07:27:28",
    "time_out": "17:17:08"
  },
  {
    "zk_id": "36",
    "log_date": "2025-10-24",
    "time_in": "07:35:27",
    "time_out": "20:11:47"
  },
  {
    "zk_id": "36",
    "log_date": "2025-10-25",
    "time_in": "07:38:46",
    "time_out": "07:38:46"
  },
  {
    "zk_id": "36",
    "log_date": "2025-10-31",
    "time_in": "07:34:32",
    "time_out": "17:15:32"
  },
  {
    "zk_id": "37",
    "log_date": "2025-10-01",
    "time_in": "08:34:57",
    "time_out": "18:59:29"
  },
  {
    "zk_id": "37",
    "log_date": "2025-10-02",
    "time_in": "08:16:28",
    "time_out": "08:16:28"
  },
  {
    "zk_id": "37",
    "log_date": "2025-10-05",
    "time_in": "07:36:36",
    "time_out": "17:15:16"
  },
  {
    "zk_id": "37",
    "log_date": "2025-10-06",
    "time_in": "08:09:03",
    "time_out": "20:16:02"
  },
  {
    "zk_id": "37",
    "log_date": "2025-10-07",
    "time_in": "07:38:50",
    "time_out": "20:06:40"
  },
  {
    "zk_id": "37",
    "log_date": "2025-10-08",
    "time_in": "08:17:58",
    "time_out": "19:27:39"
  },
  {
    "zk_id": "37",
    "log_date": "2025-10-09",
    "time_in": "08:18:27",
    "time_out": "19:20:33"
  },
  {
    "zk_id": "37",
    "log_date": "2025-10-10",
    "time_in": "08:17:49",
    "time_out": "08:17:49"
  },
  {
    "zk_id": "37",
    "log_date": "2025-10-13",
    "time_in": "07:51:58",
    "time_out": "17:16:30"
  },
  {
    "zk_id": "37",
    "log_date": "2025-10-14",
    "time_in": "07:51:58",
    "time_out": "20:13:17"
  },
  {
    "zk_id": "37",
    "log_date": "2025-10-15",
    "time_in": "07:34:55",
    "time_out": "20:03:23"
  },
  {
    "zk_id": "37",
    "log_date": "2025-10-16",
    "time_in": "08:05:58",
    "time_out": "08:05:58"
  },
  {
    "zk_id": "37",
    "log_date": "2025-10-17",
    "time_in": "08:17:45",
    "time_out": "19:35:36"
  },
  {
    "zk_id": "37",
    "log_date": "2025-10-18",
    "time_in": "08:17:27",
    "time_out": "08:17:27"
  },
  {
    "zk_id": "37",
    "log_date": "2025-10-20",
    "time_in": "08:04:26",
    "time_out": "17:16:05"
  },
  {
    "zk_id": "37",
    "log_date": "2025-10-21",
    "time_in": "07:41:57",
    "time_out": "17:16:51"
  },
  {
    "zk_id": "37",
    "log_date": "2025-10-22",
    "time_in": "07:53:06",
    "time_out": "20:14:50"
  },
  {
    "zk_id": "37",
    "log_date": "2025-10-23",
    "time_in": "07:48:34",
    "time_out": "20:15:47"
  },
  {
    "zk_id": "37",
    "log_date": "2025-10-24",
    "time_in": "19:58:04",
    "time_out": "19:58:04"
  },
  {
    "zk_id": "37",
    "log_date": "2025-10-25",
    "time_in": "10:35:07",
    "time_out": "10:35:07"
  },
  {
    "zk_id": "37",
    "log_date": "2025-10-29",
    "time_in": "17:16:46",
    "time_out": "17:16:46"
  },
  {
    "zk_id": "37",
    "log_date": "2025-10-30",
    "time_in": "07:23:45",
    "time_out": "20:17:21"
  },
  {
    "zk_id": "37",
    "log_date": "2025-10-31",
    "time_in": "07:06:14",
    "time_out": "20:18:32"
  },
  {
    "zk_id": "39",
    "log_date": "2025-10-03",
    "time_in": "07:57:15",
    "time_out": "12:05:06"
  },
  {
    "zk_id": "39",
    "log_date": "2025-10-04",
    "time_in": "07:35:26",
    "time_out": "20:17:03"
  },
  {
    "zk_id": "39",
    "log_date": "2025-10-05",
    "time_in": "07:22:55",
    "time_out": "20:18:04"
  },
  {
    "zk_id": "39",
    "log_date": "2025-10-06",
    "time_in": "19:32:53",
    "time_out": "19:32:53"
  },
  {
    "zk_id": "39",
    "log_date": "2025-10-07",
    "time_in": "08:08:36",
    "time_out": "19:49:21"
  },
  {
    "zk_id": "39",
    "log_date": "2025-10-12",
    "time_in": "07:58:54",
    "time_out": "20:32:04"
  },
  {
    "zk_id": "39",
    "log_date": "2025-10-13",
    "time_in": "07:42:44",
    "time_out": "20:16:35"
  },
  {
    "zk_id": "39",
    "log_date": "2025-10-14",
    "time_in": "19:28:03",
    "time_out": "19:28:03"
  },
  {
    "zk_id": "39",
    "log_date": "2025-10-15",
    "time_in": "08:17:28",
    "time_out": "18:58:34"
  },
  {
    "zk_id": "39",
    "log_date": "2025-10-16",
    "time_in": "08:18:46",
    "time_out": "08:18:46"
  },
  {
    "zk_id": "39",
    "log_date": "2025-10-20",
    "time_in": "07:58:44",
    "time_out": "20:20:53"
  },
  {
    "zk_id": "39",
    "log_date": "2025-10-21",
    "time_in": "07:51:30",
    "time_out": "12:07:36"
  },
  {
    "zk_id": "39",
    "log_date": "2025-10-22",
    "time_in": "19:17:06",
    "time_out": "19:17:06"
  },
  {
    "zk_id": "39",
    "log_date": "2025-10-23",
    "time_in": "08:34:48",
    "time_out": "19:39:25"
  },
  {
    "zk_id": "39",
    "log_date": "2025-10-24",
    "time_in": "08:25:10",
    "time_out": "08:25:10"
  },
  {
    "zk_id": "39",
    "log_date": "2025-10-29",
    "time_in": "07:39:35",
    "time_out": "07:39:35"
  },
  {
    "zk_id": "4",
    "log_date": "2025-10-01",
    "time_in": "07:21:33",
    "time_out": "20:20:28"
  },
  {
    "zk_id": "4",
    "log_date": "2025-10-02",
    "time_in": "18:37:20",
    "time_out": "18:37:20"
  },
  {
    "zk_id": "4",
    "log_date": "2025-10-03",
    "time_in": "08:27:42",
    "time_out": "18:42:24"
  },
  {
    "zk_id": "4",
    "log_date": "2025-10-04",
    "time_in": "08:16:13",
    "time_out": "08:16:13"
  },
  {
    "zk_id": "4",
    "log_date": "2025-10-07",
    "time_in": "07:03:27",
    "time_out": "17:16:35"
  },
  {
    "zk_id": "4",
    "log_date": "2025-10-08",
    "time_in": "06:56:24",
    "time_out": "20:15:10"
  },
  {
    "zk_id": "4",
    "log_date": "2025-10-09",
    "time_in": "07:06:23",
    "time_out": "20:14:20"
  },
  {
    "zk_id": "4",
    "log_date": "2025-10-10",
    "time_in": "18:19:39",
    "time_out": "18:19:39"
  },
  {
    "zk_id": "4",
    "log_date": "2025-10-11",
    "time_in": "08:16:04",
    "time_out": "18:48:06"
  },
  {
    "zk_id": "4",
    "log_date": "2025-10-12",
    "time_in": "08:15:20",
    "time_out": "08:15:20"
  },
  {
    "zk_id": "4",
    "log_date": "2025-10-16",
    "time_in": "07:14:54",
    "time_out": "20:15:24"
  },
  {
    "zk_id": "4",
    "log_date": "2025-10-17",
    "time_in": "07:04:23",
    "time_out": "20:19:14"
  },
  {
    "zk_id": "4",
    "log_date": "2025-10-18",
    "time_in": "06:38:23",
    "time_out": "17:32:03"
  },
  {
    "zk_id": "4",
    "log_date": "2025-10-19",
    "time_in": "08:15:56",
    "time_out": "18:21:17"
  },
  {
    "zk_id": "4",
    "log_date": "2025-10-20",
    "time_in": "08:15:57",
    "time_out": "08:15:57"
  },
  {
    "zk_id": "4",
    "log_date": "2025-10-23",
    "time_in": "07:09:11",
    "time_out": "17:15:05"
  },
  {
    "zk_id": "4",
    "log_date": "2025-10-24",
    "time_in": "07:11:05",
    "time_out": "20:16:39"
  },
  {
    "zk_id": "4",
    "log_date": "2025-10-25",
    "time_in": "07:16:45",
    "time_out": "07:16:45"
  },
  {
    "zk_id": "4",
    "log_date": "2025-10-31",
    "time_in": "17:16:02",
    "time_out": "17:16:02"
  },
  {
    "zk_id": "40",
    "log_date": "2025-10-01",
    "time_in": "07:37:53",
    "time_out": "17:17:01"
  },
  {
    "zk_id": "40",
    "log_date": "2025-10-02",
    "time_in": "07:36:40",
    "time_out": "20:18:40"
  },
  {
    "zk_id": "40",
    "log_date": "2025-10-04",
    "time_in": "19:29:49",
    "time_out": "19:29:49"
  },
  {
    "zk_id": "40",
    "log_date": "2025-10-05",
    "time_in": "08:19:23",
    "time_out": "19:49:56"
  },
  {
    "zk_id": "40",
    "log_date": "2025-10-06",
    "time_in": "08:19:02",
    "time_out": "08:19:02"
  },
  {
    "zk_id": "40",
    "log_date": "2025-10-09",
    "time_in": "07:41:54",
    "time_out": "17:16:34"
  },
  {
    "zk_id": "40",
    "log_date": "2025-10-10",
    "time_in": "07:37:11",
    "time_out": "20:17:25"
  },
  {
    "zk_id": "40",
    "log_date": "2025-10-11",
    "time_in": "07:43:15",
    "time_out": "20:19:01"
  },
  {
    "zk_id": "40",
    "log_date": "2025-10-12",
    "time_in": "19:34:56",
    "time_out": "19:34:56"
  },
  {
    "zk_id": "40",
    "log_date": "2025-10-13",
    "time_in": "08:17:43",
    "time_out": "19:30:09"
  },
  {
    "zk_id": "40",
    "log_date": "2025-10-14",
    "time_in": "08:16:12",
    "time_out": "08:16:12"
  },
  {
    "zk_id": "40",
    "log_date": "2025-10-17",
    "time_in": "07:40:30",
    "time_out": "12:18:53"
  },
  {
    "zk_id": "40",
    "log_date": "2025-10-18",
    "time_in": "07:35:13",
    "time_out": "20:17:46"
  },
  {
    "zk_id": "40",
    "log_date": "2025-10-19",
    "time_in": "07:29:10",
    "time_out": "20:18:14"
  },
  {
    "zk_id": "40",
    "log_date": "2025-10-20",
    "time_in": "19:45:30",
    "time_out": "19:45:30"
  },
  {
    "zk_id": "40",
    "log_date": "2025-10-21",
    "time_in": "08:20:49",
    "time_out": "19:32:35"
  },
  {
    "zk_id": "40",
    "log_date": "2025-10-22",
    "time_in": "09:16:11",
    "time_out": "09:16:11"
  },
  {
    "zk_id": "40",
    "log_date": "2025-10-29",
    "time_in": "08:19:21",
    "time_out": "19:49:40"
  },
  {
    "zk_id": "40",
    "log_date": "2025-10-30",
    "time_in": "08:19:05",
    "time_out": "08:19:05"
  },
  {
    "zk_id": "41",
    "log_date": "2025-10-01",
    "time_in": "08:35:01",
    "time_out": "19:45:55"
  },
  {
    "zk_id": "41",
    "log_date": "2025-10-02",
    "time_in": "08:16:12",
    "time_out": "08:16:12"
  },
  {
    "zk_id": "41",
    "log_date": "2025-10-05",
    "time_in": "07:36:40",
    "time_out": "17:15:05"
  },
  {
    "zk_id": "41",
    "log_date": "2025-10-06",
    "time_in": "07:47:17",
    "time_out": "20:15:47"
  },
  {
    "zk_id": "41",
    "log_date": "2025-10-07",
    "time_in": "07:38:43",
    "time_out": "20:10:34"
  },
  {
    "zk_id": "41",
    "log_date": "2025-10-08",
    "time_in": "18:16:26",
    "time_out": "18:16:26"
  },
  {
    "zk_id": "41",
    "log_date": "2025-10-09",
    "time_in": "08:18:14",
    "time_out": "18:27:33"
  },
  {
    "zk_id": "41",
    "log_date": "2025-10-10",
    "time_in": "08:16:57",
    "time_out": "08:16:57"
  },
  {
    "zk_id": "41",
    "log_date": "2025-10-13",
    "time_in": "07:18:09",
    "time_out": "17:15:35"
  },
  {
    "zk_id": "41",
    "log_date": "2025-10-14",
    "time_in": "07:38:30",
    "time_out": "20:15:21"
  },
  {
    "zk_id": "41",
    "log_date": "2025-10-15",
    "time_in": "07:21:32",
    "time_out": "20:24:01"
  },
  {
    "zk_id": "41",
    "log_date": "2025-10-16",
    "time_in": "07:21:07",
    "time_out": "07:21:07"
  },
  {
    "zk_id": "41",
    "log_date": "2025-10-17",
    "time_in": "08:17:48",
    "time_out": "18:56:51"
  },
  {
    "zk_id": "41",
    "log_date": "2025-10-18",
    "time_in": "08:17:11",
    "time_out": "08:17:11"
  },
  {
    "zk_id": "41",
    "log_date": "2025-10-21",
    "time_in": "07:50:14",
    "time_out": "17:16:58"
  },
  {
    "zk_id": "41",
    "log_date": "2025-10-22",
    "time_in": "07:48:00",
    "time_out": "20:14:47"
  },
  {
    "zk_id": "41",
    "log_date": "2025-10-23",
    "time_in": "07:43:22",
    "time_out": "20:15:13"
  },
  {
    "zk_id": "41",
    "log_date": "2025-10-24",
    "time_in": "18:23:41",
    "time_out": "18:23:41"
  },
  {
    "zk_id": "41",
    "log_date": "2025-10-25",
    "time_in": "10:35:12",
    "time_out": "10:35:12"
  },
  {
    "zk_id": "41",
    "log_date": "2025-10-29",
    "time_in": "08:03:00",
    "time_out": "17:16:30"
  },
  {
    "zk_id": "42",
    "log_date": "2025-10-01",
    "time_in": "07:53:54",
    "time_out": "17:18:07"
  },
  {
    "zk_id": "42",
    "log_date": "2025-10-02",
    "time_in": "07:44:42",
    "time_out": "20:15:04"
  },
  {
    "zk_id": "42",
    "log_date": "2025-10-03",
    "time_in": "07:47:27",
    "time_out": "20:21:02"
  },
  {
    "zk_id": "42",
    "log_date": "2025-10-04",
    "time_in": "19:46:22",
    "time_out": "19:46:22"
  },
  {
    "zk_id": "42",
    "log_date": "2025-10-05",
    "time_in": "08:19:41",
    "time_out": "19:53:06"
  },
  {
    "zk_id": "42",
    "log_date": "2025-10-06",
    "time_in": "20:16:28",
    "time_out": "20:16:28"
  },
  {
    "zk_id": "42",
    "log_date": "2025-10-07",
    "time_in": "07:50:23",
    "time_out": "20:20:36"
  },
  {
    "zk_id": "42",
    "log_date": "2025-10-09",
    "time_in": "07:52:02",
    "time_out": "17:17:13"
  },
  {
    "zk_id": "42",
    "log_date": "2025-10-10",
    "time_in": "07:44:34",
    "time_out": "20:17:21"
  },
  {
    "zk_id": "42",
    "log_date": "2025-10-11",
    "time_in": "07:55:55",
    "time_out": "20:19:18"
  },
  {
    "zk_id": "42",
    "log_date": "2025-10-12",
    "time_in": "19:49:21",
    "time_out": "19:49:21"
  },
  {
    "zk_id": "42",
    "log_date": "2025-10-13",
    "time_in": "08:17:37",
    "time_out": "19:59:53"
  },
  {
    "zk_id": "42",
    "log_date": "2025-10-14",
    "time_in": "20:17:23",
    "time_out": "20:17:23"
  },
  {
    "zk_id": "42",
    "log_date": "2025-10-15",
    "time_in": "07:48:56",
    "time_out": "20:36:10"
  },
  {
    "zk_id": "42",
    "log_date": "2025-10-17",
    "time_in": "07:54:41",
    "time_out": "17:28:19"
  },
  {
    "zk_id": "42",
    "log_date": "2025-10-18",
    "time_in": "07:55:05",
    "time_out": "20:20:45"
  },
  {
    "zk_id": "42",
    "log_date": "2025-10-19",
    "time_in": "07:49:55",
    "time_out": "20:18:09"
  },
  {
    "zk_id": "42",
    "log_date": "2025-10-20",
    "time_in": "19:58:01",
    "time_out": "19:58:01"
  },
  {
    "zk_id": "42",
    "log_date": "2025-10-21",
    "time_in": "08:20:45",
    "time_out": "19:56:47"
  },
  {
    "zk_id": "42",
    "log_date": "2025-10-22",
    "time_in": "20:13:46",
    "time_out": "20:13:46"
  },
  {
    "zk_id": "42",
    "log_date": "2025-10-23",
    "time_in": "08:03:37",
    "time_out": "20:15:27"
  },
  {
    "zk_id": "42",
    "log_date": "2025-10-30",
    "time_in": "08:19:11",
    "time_out": "08:19:11"
  },
  {
    "zk_id": "44",
    "log_date": "2025-10-02",
    "time_in": "18:35:37",
    "time_out": "18:35:37"
  },
  {
    "zk_id": "44",
    "log_date": "2025-10-03",
    "time_in": "08:23:10",
    "time_out": "18:45:01"
  },
  {
    "zk_id": "44",
    "log_date": "2025-10-04",
    "time_in": "08:17:23",
    "time_out": "08:17:23"
  },
  {
    "zk_id": "44",
    "log_date": "2025-10-07",
    "time_in": "07:13:59",
    "time_out": "17:30:24"
  },
  {
    "zk_id": "44",
    "log_date": "2025-10-08",
    "time_in": "06:30:21",
    "time_out": "20:15:15"
  },
  {
    "zk_id": "44",
    "log_date": "2025-10-09",
    "time_in": "06:41:26",
    "time_out": "18:14:02"
  },
  {
    "zk_id": "44",
    "log_date": "2025-10-10",
    "time_in": "18:35:12",
    "time_out": "18:35:12"
  },
  {
    "zk_id": "44",
    "log_date": "2025-10-11",
    "time_in": "08:16:36",
    "time_out": "08:16:36"
  },
  {
    "zk_id": "44",
    "log_date": "2025-10-15",
    "time_in": "07:15:34",
    "time_out": "17:15:04"
  },
  {
    "zk_id": "44",
    "log_date": "2025-10-16",
    "time_in": "06:58:02",
    "time_out": "19:15:08"
  },
  {
    "zk_id": "44",
    "log_date": "2025-10-17",
    "time_in": "07:03:00",
    "time_out": "20:15:03"
  },
  {
    "zk_id": "44",
    "log_date": "2025-10-18",
    "time_in": "18:14:10",
    "time_out": "18:14:10"
  },
  {
    "zk_id": "44",
    "log_date": "2025-10-19",
    "time_in": "08:20:32",
    "time_out": "18:44:44"
  },
  {
    "zk_id": "44",
    "log_date": "2025-10-20",
    "time_in": "08:23:01",
    "time_out": "08:23:01"
  },
  {
    "zk_id": "44",
    "log_date": "2025-10-25",
    "time_in": "07:24:27",
    "time_out": "07:24:27"
  },
  {
    "zk_id": "44",
    "log_date": "2025-10-31",
    "time_in": "07:12:48",
    "time_out": "17:16:10"
  },
  {
    "zk_id": "45",
    "log_date": "2025-10-01",
    "time_in": "07:38:06",
    "time_out": "20:16:11"
  },
  {
    "zk_id": "45",
    "log_date": "2025-10-02",
    "time_in": "19:36:34",
    "time_out": "19:36:34"
  },
  {
    "zk_id": "45",
    "log_date": "2025-10-03",
    "time_in": "08:27:16",
    "time_out": "19:22:28"
  },
  {
    "zk_id": "45",
    "log_date": "2025-10-04",
    "time_in": "10:16:01",
    "time_out": "10:16:01"
  },
  {
    "zk_id": "45",
    "log_date": "2025-10-10",
    "time_in": "19:30:54",
    "time_out": "19:30:54"
  },
  {
    "zk_id": "45",
    "log_date": "2025-10-11",
    "time_in": "08:15:39",
    "time_out": "19:37:29"
  },
  {
    "zk_id": "45",
    "log_date": "2025-10-12",
    "time_in": "08:15:05",
    "time_out": "08:15:05"
  },
  {
    "zk_id": "45",
    "log_date": "2025-10-15",
    "time_in": "07:24:40",
    "time_out": "17:17:13"
  },
  {
    "zk_id": "45",
    "log_date": "2025-10-16",
    "time_in": "07:26:51",
    "time_out": "20:15:15"
  },
  {
    "zk_id": "45",
    "log_date": "2025-10-17",
    "time_in": "07:31:29",
    "time_out": "20:14:54"
  },
  {
    "zk_id": "45",
    "log_date": "2025-10-18",
    "time_in": "19:33:00",
    "time_out": "19:33:00"
  },
  {
    "zk_id": "45",
    "log_date": "2025-10-19",
    "time_in": "08:15:51",
    "time_out": "19:39:43"
  },
  {
    "zk_id": "45",
    "log_date": "2025-10-20",
    "time_in": "08:16:53",
    "time_out": "08:16:53"
  },
  {
    "zk_id": "45",
    "log_date": "2025-10-24",
    "time_in": "07:31:26",
    "time_out": "20:18:30"
  },
  {
    "zk_id": "45",
    "log_date": "2025-10-25",
    "time_in": "07:35:22",
    "time_out": "07:35:22"
  },
  {
    "zk_id": "46",
    "log_date": "2025-10-01",
    "time_in": "07:43:02",
    "time_out": "19:38:49"
  },
  {
    "zk_id": "46",
    "log_date": "2025-10-02",
    "time_in": "20:15:07",
    "time_out": "20:15:07"
  },
  {
    "zk_id": "46",
    "log_date": "2025-10-03",
    "time_in": "07:23:28",
    "time_out": "20:15:08"
  },
  {
    "zk_id": "46",
    "log_date": "2025-10-05",
    "time_in": "07:05:18",
    "time_out": "07:05:18"
  },
  {
    "zk_id": "46",
    "log_date": "2025-10-06",
    "time_in": "08:17:18",
    "time_out": "08:17:18"
  },
  {
    "zk_id": "46",
    "log_date": "2025-10-09",
    "time_in": "07:24:41",
    "time_out": "17:14:43"
  },
  {
    "zk_id": "46",
    "log_date": "2025-10-10",
    "time_in": "07:34:08",
    "time_out": "20:14:46"
  },
  {
    "zk_id": "46",
    "log_date": "2025-10-11",
    "time_in": "07:43:22",
    "time_out": "20:14:40"
  },
  {
    "zk_id": "46",
    "log_date": "2025-10-12",
    "time_in": "19:41:52",
    "time_out": "19:41:52"
  },
  {
    "zk_id": "46",
    "log_date": "2025-10-13",
    "time_in": "08:16:29",
    "time_out": "19:13:33"
  },
  {
    "zk_id": "46",
    "log_date": "2025-10-14",
    "time_in": "08:16:04",
    "time_out": "08:16:04"
  },
  {
    "zk_id": "46",
    "log_date": "2025-10-17",
    "time_in": "07:48:54",
    "time_out": "19:10:19"
  },
  {
    "zk_id": "46",
    "log_date": "2025-10-18",
    "time_in": "07:10:20",
    "time_out": "20:14:30"
  },
  {
    "zk_id": "46",
    "log_date": "2025-10-19",
    "time_in": "07:37:37",
    "time_out": "20:18:52"
  },
  {
    "zk_id": "46",
    "log_date": "2025-10-20",
    "time_in": "19:31:45",
    "time_out": "19:31:45"
  },
  {
    "zk_id": "46",
    "log_date": "2025-10-21",
    "time_in": "08:17:27",
    "time_out": "19:30:25"
  },
  {
    "zk_id": "46",
    "log_date": "2025-10-22",
    "time_in": "09:15:33",
    "time_out": "09:15:33"
  },
  {
    "zk_id": "46",
    "log_date": "2025-10-30",
    "time_in": "08:17:37",
    "time_out": "08:17:37"
  },
  {
    "zk_id": "47",
    "log_date": "2025-10-01",
    "time_in": "07:38:00",
    "time_out": "17:17:23"
  },
  {
    "zk_id": "47",
    "log_date": "2025-10-02",
    "time_in": "11:27:00",
    "time_out": "20:18:30"
  },
  {
    "zk_id": "47",
    "log_date": "2025-10-03",
    "time_in": "08:10:46",
    "time_out": "20:21:11"
  },
  {
    "zk_id": "47",
    "log_date": "2025-10-04",
    "time_in": "19:29:40",
    "time_out": "19:29:40"
  },
  {
    "zk_id": "47",
    "log_date": "2025-10-05",
    "time_in": "08:19:47",
    "time_out": "19:21:58"
  },
  {
    "zk_id": "47",
    "log_date": "2025-10-06",
    "time_in": "08:20:10",
    "time_out": "08:20:10"
  },
  {
    "zk_id": "47",
    "log_date": "2025-10-09",
    "time_in": "07:59:49",
    "time_out": "17:16:53"
  },
  {
    "zk_id": "47",
    "log_date": "2025-10-10",
    "time_in": "07:36:30",
    "time_out": "20:17:43"
  },
  {
    "zk_id": "47",
    "log_date": "2025-10-11",
    "time_in": "07:54:13",
    "time_out": "20:17:01"
  },
  {
    "zk_id": "47",
    "log_date": "2025-10-12",
    "time_in": "19:34:46",
    "time_out": "19:34:46"
  },
  {
    "zk_id": "47",
    "log_date": "2025-10-13",
    "time_in": "05:44:54",
    "time_out": "05:44:54"
  },
  {
    "zk_id": "47",
    "log_date": "2025-10-18",
    "time_in": "07:44:06",
    "time_out": "20:18:00"
  },
  {
    "zk_id": "47",
    "log_date": "2025-10-19",
    "time_in": "07:53:51",
    "time_out": "20:18:23"
  },
  {
    "zk_id": "47",
    "log_date": "2025-10-20",
    "time_in": "19:25:24",
    "time_out": "19:25:24"
  },
  {
    "zk_id": "47",
    "log_date": "2025-10-21",
    "time_in": "08:20:40",
    "time_out": "19:40:04"
  },
  {
    "zk_id": "47",
    "log_date": "2025-10-22",
    "time_in": "09:16:25",
    "time_out": "09:16:25"
  },
  {
    "zk_id": "47",
    "log_date": "2025-10-29",
    "time_in": "08:19:15",
    "time_out": "19:35:00"
  },
  {
    "zk_id": "47",
    "log_date": "2025-10-30",
    "time_in": "08:19:26",
    "time_out": "08:19:26"
  },
  {
    "zk_id": "48",
    "log_date": "2025-10-03",
    "time_in": "07:53:55",
    "time_out": "17:17:37"
  },
  {
    "zk_id": "48",
    "log_date": "2025-10-04",
    "time_in": "07:48:26",
    "time_out": "20:17:09"
  },
  {
    "zk_id": "48",
    "log_date": "2025-10-05",
    "time_in": "07:43:43",
    "time_out": "20:18:22"
  },
  {
    "zk_id": "48",
    "log_date": "2025-10-06",
    "time_in": "19:24:11",
    "time_out": "19:24:11"
  },
  {
    "zk_id": "48",
    "log_date": "2025-10-07",
    "time_in": "08:17:24",
    "time_out": "19:03:36"
  },
  {
    "zk_id": "48",
    "log_date": "2025-10-08",
    "time_in": "08:16:39",
    "time_out": "08:16:39"
  },
  {
    "zk_id": "48",
    "log_date": "2025-10-11",
    "time_in": "07:37:40",
    "time_out": "17:17:09"
  },
  {
    "zk_id": "48",
    "log_date": "2025-10-12",
    "time_in": "07:48:00",
    "time_out": "20:17:26"
  },
  {
    "zk_id": "48",
    "log_date": "2025-10-13",
    "time_in": "07:42:41",
    "time_out": "18:11:17"
  },
  {
    "zk_id": "48",
    "log_date": "2025-10-14",
    "time_in": "19:00:51",
    "time_out": "19:00:51"
  },
  {
    "zk_id": "48",
    "log_date": "2025-10-15",
    "time_in": "08:18:07",
    "time_out": "19:23:43"
  },
  {
    "zk_id": "48",
    "log_date": "2025-10-16",
    "time_in": "08:18:51",
    "time_out": "08:18:51"
  },
  {
    "zk_id": "48",
    "log_date": "2025-10-20",
    "time_in": "07:39:28",
    "time_out": "20:19:59"
  },
  {
    "zk_id": "48",
    "log_date": "2025-10-21",
    "time_in": "07:48:06",
    "time_out": "20:17:35"
  },
  {
    "zk_id": "48",
    "log_date": "2025-10-22",
    "time_in": "19:37:52",
    "time_out": "19:37:52"
  },
  {
    "zk_id": "48",
    "log_date": "2025-10-23",
    "time_in": "08:33:25",
    "time_out": "20:00:09"
  },
  {
    "zk_id": "48",
    "log_date": "2025-10-24",
    "time_in": "08:25:25",
    "time_out": "08:25:25"
  },
  {
    "zk_id": "48",
    "log_date": "2025-10-30",
    "time_in": "19:19:41",
    "time_out": "19:19:41"
  },
  {
    "zk_id": "48",
    "log_date": "2025-10-31",
    "time_in": "08:19:43",
    "time_out": "19:41:10"
  },
  {
    "zk_id": "49",
    "log_date": "2025-10-03",
    "time_in": "07:25:29",
    "time_out": "17:16:23"
  },
  {
    "zk_id": "49",
    "log_date": "2025-10-04",
    "time_in": "07:39:26",
    "time_out": "20:17:15"
  },
  {
    "zk_id": "49",
    "log_date": "2025-10-05",
    "time_in": "07:55:50",
    "time_out": "20:16:33"
  },
  {
    "zk_id": "49",
    "log_date": "2025-10-06",
    "time_in": "19:56:09",
    "time_out": "19:56:09"
  },
  {
    "zk_id": "49",
    "log_date": "2025-10-07",
    "time_in": "08:15:43",
    "time_out": "19:09:32"
  },
  {
    "zk_id": "49",
    "log_date": "2025-10-08",
    "time_in": "08:17:38",
    "time_out": "08:17:38"
  },
  {
    "zk_id": "49",
    "log_date": "2025-10-11",
    "time_in": "07:54:57",
    "time_out": "17:17:17"
  },
  {
    "zk_id": "49",
    "log_date": "2025-10-12",
    "time_in": "07:45:53",
    "time_out": "20:16:28"
  },
  {
    "zk_id": "49",
    "log_date": "2025-10-13",
    "time_in": "07:42:55",
    "time_out": "20:16:48"
  },
  {
    "zk_id": "49",
    "log_date": "2025-10-14",
    "time_in": "19:28:11",
    "time_out": "19:28:11"
  },
  {
    "zk_id": "49",
    "log_date": "2025-10-15",
    "time_in": "08:16:36",
    "time_out": "18:56:35"
  },
  {
    "zk_id": "49",
    "log_date": "2025-10-16",
    "time_in": "08:18:56",
    "time_out": "08:18:56"
  },
  {
    "zk_id": "49",
    "log_date": "2025-10-20",
    "time_in": "07:39:31",
    "time_out": "20:16:02"
  },
  {
    "zk_id": "49",
    "log_date": "2025-10-21",
    "time_in": "07:33:27",
    "time_out": "20:17:47"
  },
  {
    "zk_id": "49",
    "log_date": "2025-10-22",
    "time_in": "19:38:24",
    "time_out": "19:38:24"
  },
  {
    "zk_id": "49",
    "log_date": "2025-10-23",
    "time_in": "08:33:19",
    "time_out": "19:29:15"
  },
  {
    "zk_id": "49",
    "log_date": "2025-10-24",
    "time_in": "08:21:09",
    "time_out": "08:21:09"
  },
  {
    "zk_id": "49",
    "log_date": "2025-10-30",
    "time_in": "19:07:01",
    "time_out": "19:07:01"
  },
  {
    "zk_id": "49",
    "log_date": "2025-10-31",
    "time_in": "08:16:57",
    "time_out": "19:46:38"
  },
  {
    "zk_id": "5",
    "log_date": "2025-10-01",
    "time_in": "07:46:28",
    "time_out": "17:14:26"
  },
  {
    "zk_id": "5",
    "log_date": "2025-10-02",
    "time_in": "07:51:55",
    "time_out": "20:14:27"
  },
  {
    "zk_id": "5",
    "log_date": "2025-10-03",
    "time_in": "08:26:50",
    "time_out": "20:15:11"
  },
  {
    "zk_id": "5",
    "log_date": "2025-10-04",
    "time_in": "19:50:12",
    "time_out": "19:50:12"
  },
  {
    "zk_id": "5",
    "log_date": "2025-10-05",
    "time_in": "08:15:27",
    "time_out": "20:02:20"
  },
  {
    "zk_id": "5",
    "log_date": "2025-10-06",
    "time_in": "08:16:36",
    "time_out": "08:16:36"
  },
  {
    "zk_id": "5",
    "log_date": "2025-10-09",
    "time_in": "08:00:05",
    "time_out": "17:13:58"
  },
  {
    "zk_id": "5",
    "log_date": "2025-10-10",
    "time_in": "07:55:40",
    "time_out": "20:14:55"
  },
  {
    "zk_id": "5",
    "log_date": "2025-10-11",
    "time_in": "08:24:37",
    "time_out": "20:15:33"
  },
  {
    "zk_id": "5",
    "log_date": "2025-10-12",
    "time_in": "19:37:26",
    "time_out": "19:37:26"
  },
  {
    "zk_id": "5",
    "log_date": "2025-10-13",
    "time_in": "08:16:25",
    "time_out": "19:43:29"
  },
  {
    "zk_id": "5",
    "log_date": "2025-10-14",
    "time_in": "08:17:56",
    "time_out": "08:17:56"
  },
  {
    "zk_id": "5",
    "log_date": "2025-10-17",
    "time_in": "08:01:36",
    "time_out": "17:14:03"
  },
  {
    "zk_id": "5",
    "log_date": "2025-10-18",
    "time_in": "08:10:57",
    "time_out": "20:14:34"
  },
  {
    "zk_id": "5",
    "log_date": "2025-10-19",
    "time_in": "08:02:32",
    "time_out": "20:15:17"
  },
  {
    "zk_id": "5",
    "log_date": "2025-10-20",
    "time_in": "19:41:41",
    "time_out": "19:41:41"
  },
  {
    "zk_id": "5",
    "log_date": "2025-10-21",
    "time_in": "08:19:56",
    "time_out": "19:46:00"
  },
  {
    "zk_id": "5",
    "log_date": "2025-10-22",
    "time_in": "08:39:38",
    "time_out": "08:39:38"
  },
  {
    "zk_id": "50",
    "log_date": "2025-10-01",
    "time_in": "07:53:38",
    "time_out": "20:20:25"
  },
  {
    "zk_id": "50",
    "log_date": "2025-10-02",
    "time_in": "20:00:04",
    "time_out": "20:00:04"
  },
  {
    "zk_id": "50",
    "log_date": "2025-10-03",
    "time_in": "08:30:32",
    "time_out": "20:03:57"
  },
  {
    "zk_id": "50",
    "log_date": "2025-10-04",
    "time_in": "20:18:32",
    "time_out": "20:18:32"
  },
  {
    "zk_id": "50",
    "log_date": "2025-10-05",
    "time_in": "19:34:30",
    "time_out": "19:34:30"
  },
  {
    "zk_id": "50",
    "log_date": "2025-10-06",
    "time_in": "08:20:12",
    "time_out": "19:28:37"
  },
  {
    "zk_id": "50",
    "log_date": "2025-10-07",
    "time_in": "20:17:36",
    "time_out": "20:17:36"
  },
  {
    "zk_id": "50",
    "log_date": "2025-10-08",
    "time_in": "08:02:51",
    "time_out": "20:18:56"
  },
  {
    "zk_id": "50",
    "log_date": "2025-10-09",
    "time_in": "07:52:49",
    "time_out": "20:14:08"
  },
  {
    "zk_id": "50",
    "log_date": "2025-10-10",
    "time_in": "19:43:03",
    "time_out": "19:43:03"
  },
  {
    "zk_id": "50",
    "log_date": "2025-10-11",
    "time_in": "08:16:24",
    "time_out": "19:39:41"
  },
  {
    "zk_id": "50",
    "log_date": "2025-10-12",
    "time_in": "08:13:29",
    "time_out": "08:13:29"
  },
  {
    "zk_id": "50",
    "log_date": "2025-10-15",
    "time_in": "07:58:00",
    "time_out": "07:58:00"
  },
  {
    "zk_id": "50",
    "log_date": "2025-10-16",
    "time_in": "07:50:43",
    "time_out": "20:16:33"
  },
  {
    "zk_id": "50",
    "log_date": "2025-10-17",
    "time_in": "07:52:55",
    "time_out": "20:15:39"
  },
  {
    "zk_id": "50",
    "log_date": "2025-10-18",
    "time_in": "19:25:51",
    "time_out": "19:25:51"
  },
  {
    "zk_id": "50",
    "log_date": "2025-10-19",
    "time_in": "08:17:12",
    "time_out": "19:43:17"
  },
  {
    "zk_id": "50",
    "log_date": "2025-10-20",
    "time_in": "08:17:04",
    "time_out": "08:17:04"
  },
  {
    "zk_id": "50",
    "log_date": "2025-10-23",
    "time_in": "07:56:04",
    "time_out": "17:15:20"
  },
  {
    "zk_id": "50",
    "log_date": "2025-10-24",
    "time_in": "07:55:49",
    "time_out": "20:18:35"
  },
  {
    "zk_id": "50",
    "log_date": "2025-10-25",
    "time_in": "07:55:33",
    "time_out": "07:55:33"
  },
  {
    "zk_id": "50",
    "log_date": "2025-10-31",
    "time_in": "07:58:59",
    "time_out": "17:18:41"
  },
  {
    "zk_id": "51",
    "log_date": "2025-10-01",
    "time_in": "08:26:43",
    "time_out": "19:45:49"
  },
  {
    "zk_id": "51",
    "log_date": "2025-10-02",
    "time_in": "08:19:36",
    "time_out": "08:19:36"
  },
  {
    "zk_id": "51",
    "log_date": "2025-10-06",
    "time_in": "07:55:16",
    "time_out": "20:16:11"
  },
  {
    "zk_id": "51",
    "log_date": "2025-10-07",
    "time_in": "07:56:39",
    "time_out": "20:10:16"
  },
  {
    "zk_id": "51",
    "log_date": "2025-10-08",
    "time_in": "19:57:36",
    "time_out": "19:57:36"
  },
  {
    "zk_id": "51",
    "log_date": "2025-10-09",
    "time_in": "08:17:59",
    "time_out": "20:00:10"
  },
  {
    "zk_id": "51",
    "log_date": "2025-10-10",
    "time_in": "08:17:04",
    "time_out": "08:17:04"
  },
  {
    "zk_id": "51",
    "log_date": "2025-10-13",
    "time_in": "08:02:32",
    "time_out": "17:16:21"
  },
  {
    "zk_id": "51",
    "log_date": "2025-10-14",
    "time_in": "08:02:03",
    "time_out": "20:15:13"
  },
  {
    "zk_id": "51",
    "log_date": "2025-10-15",
    "time_in": "07:56:04",
    "time_out": "20:25:02"
  },
  {
    "zk_id": "51",
    "log_date": "2025-10-16",
    "time_in": "19:51:35",
    "time_out": "19:51:35"
  },
  {
    "zk_id": "51",
    "log_date": "2025-10-17",
    "time_in": "08:17:52",
    "time_out": "19:55:57"
  },
  {
    "zk_id": "51",
    "log_date": "2025-10-18",
    "time_in": "08:17:05",
    "time_out": "08:17:05"
  },
  {
    "zk_id": "51",
    "log_date": "2025-10-20",
    "time_in": "07:49:34",
    "time_out": "17:16:01"
  },
  {
    "zk_id": "51",
    "log_date": "2025-10-21",
    "time_in": "07:56:21",
    "time_out": "17:16:24"
  },
  {
    "zk_id": "51",
    "log_date": "2025-10-22",
    "time_in": "07:55:57",
    "time_out": "20:11:41"
  },
  {
    "zk_id": "51",
    "log_date": "2025-10-23",
    "time_in": "07:55:44",
    "time_out": "20:00:56"
  },
  {
    "zk_id": "51",
    "log_date": "2025-10-24",
    "time_in": "20:02:48",
    "time_out": "20:02:48"
  },
  {
    "zk_id": "51",
    "log_date": "2025-10-25",
    "time_in": "08:15:49",
    "time_out": "08:15:49"
  },
  {
    "zk_id": "51",
    "log_date": "2025-10-30",
    "time_in": "07:52:22",
    "time_out": "11:12:35"
  },
  {
    "zk_id": "52",
    "log_date": "2025-10-01",
    "time_in": "07:45:35",
    "time_out": "20:16:02"
  },
  {
    "zk_id": "52",
    "log_date": "2025-10-02",
    "time_in": "19:19:50",
    "time_out": "19:19:50"
  },
  {
    "zk_id": "52",
    "log_date": "2025-10-03",
    "time_in": "08:27:47",
    "time_out": "19:37:48"
  },
  {
    "zk_id": "52",
    "log_date": "2025-10-04",
    "time_in": "08:17:20",
    "time_out": "08:17:20"
  },
  {
    "zk_id": "52",
    "log_date": "2025-10-07",
    "time_in": "07:44:26",
    "time_out": "17:30:26"
  },
  {
    "zk_id": "52",
    "log_date": "2025-10-08",
    "time_in": "07:50:24",
    "time_out": "20:15:04"
  },
  {
    "zk_id": "52",
    "log_date": "2025-10-09",
    "time_in": "07:46:29",
    "time_out": "20:13:55"
  },
  {
    "zk_id": "52",
    "log_date": "2025-10-10",
    "time_in": "18:58:42",
    "time_out": "18:58:42"
  },
  {
    "zk_id": "52",
    "log_date": "2025-10-11",
    "time_in": "08:16:32",
    "time_out": "19:16:09"
  },
  {
    "zk_id": "52",
    "log_date": "2025-10-12",
    "time_in": "08:08:48",
    "time_out": "08:08:48"
  },
  {
    "zk_id": "52",
    "log_date": "2025-10-15",
    "time_in": "07:46:20",
    "time_out": "07:46:20"
  },
  {
    "zk_id": "52",
    "log_date": "2025-10-16",
    "time_in": "07:46:21",
    "time_out": "20:16:43"
  },
  {
    "zk_id": "52",
    "log_date": "2025-10-17",
    "time_in": "07:45:08",
    "time_out": "07:45:08"
  },
  {
    "zk_id": "52",
    "log_date": "2025-10-18",
    "time_in": "07:43:49",
    "time_out": "19:06:37"
  },
  {
    "zk_id": "52",
    "log_date": "2025-10-19",
    "time_in": "08:16:45",
    "time_out": "19:28:30"
  },
  {
    "zk_id": "52",
    "log_date": "2025-10-20",
    "time_in": "08:23:05",
    "time_out": "08:23:05"
  },
  {
    "zk_id": "52",
    "log_date": "2025-10-23",
    "time_in": "07:48:28",
    "time_out": "17:16:50"
  },
  {
    "zk_id": "52",
    "log_date": "2025-10-24",
    "time_in": "07:44:05",
    "time_out": "20:31:20"
  },
  {
    "zk_id": "52",
    "log_date": "2025-10-25",
    "time_in": "07:50:09",
    "time_out": "07:50:09"
  },
  {
    "zk_id": "52",
    "log_date": "2025-10-31",
    "time_in": "07:31:34",
    "time_out": "17:16:13"
  },
  {
    "zk_id": "53",
    "log_date": "2025-10-03",
    "time_in": "07:47:00",
    "time_out": "17:17:33"
  },
  {
    "zk_id": "53",
    "log_date": "2025-10-04",
    "time_in": "07:43:32",
    "time_out": "20:17:27"
  },
  {
    "zk_id": "53",
    "log_date": "2025-10-05",
    "time_in": "07:41:48",
    "time_out": "20:16:03"
  },
  {
    "zk_id": "53",
    "log_date": "2025-10-06",
    "time_in": "19:24:26",
    "time_out": "19:24:26"
  },
  {
    "zk_id": "53",
    "log_date": "2025-10-07",
    "time_in": "08:16:43",
    "time_out": "19:52:32"
  },
  {
    "zk_id": "53",
    "log_date": "2025-10-08",
    "time_in": "08:17:43",
    "time_out": "08:17:43"
  },
  {
    "zk_id": "53",
    "log_date": "2025-10-11",
    "time_in": "07:46:19",
    "time_out": "16:15:35"
  },
  {
    "zk_id": "53",
    "log_date": "2025-10-12",
    "time_in": "07:48:04",
    "time_out": "20:17:35"
  },
  {
    "zk_id": "53",
    "log_date": "2025-10-13",
    "time_in": "07:50:50",
    "time_out": "20:17:52"
  },
  {
    "zk_id": "53",
    "log_date": "2025-10-14",
    "time_in": "19:00:46",
    "time_out": "19:00:46"
  },
  {
    "zk_id": "53",
    "log_date": "2025-10-15",
    "time_in": "08:18:03",
    "time_out": "19:23:39"
  },
  {
    "zk_id": "53",
    "log_date": "2025-10-16",
    "time_in": "08:19:12",
    "time_out": "08:19:12"
  },
  {
    "zk_id": "53",
    "log_date": "2025-10-20",
    "time_in": "07:34:52",
    "time_out": "20:20:58"
  },
  {
    "zk_id": "53",
    "log_date": "2025-10-21",
    "time_in": "08:02:09",
    "time_out": "20:17:53"
  },
  {
    "zk_id": "53",
    "log_date": "2025-10-22",
    "time_in": "19:17:04",
    "time_out": "19:17:04"
  },
  {
    "zk_id": "53",
    "log_date": "2025-10-23",
    "time_in": "08:34:56",
    "time_out": "19:54:04"
  },
  {
    "zk_id": "53",
    "log_date": "2025-10-24",
    "time_in": "08:25:29",
    "time_out": "08:25:29"
  },
  {
    "zk_id": "53",
    "log_date": "2025-10-29",
    "time_in": "07:40:02",
    "time_out": "20:19:07"
  },
  {
    "zk_id": "53",
    "log_date": "2025-10-30",
    "time_in": "19:23:42",
    "time_out": "19:23:42"
  },
  {
    "zk_id": "53",
    "log_date": "2025-10-31",
    "time_in": "08:18:07",
    "time_out": "19:27:02"
  },
  {
    "zk_id": "54",
    "log_date": "2025-10-01",
    "time_in": "08:29:57",
    "time_out": "19:43:36"
  },
  {
    "zk_id": "54",
    "log_date": "2025-10-02",
    "time_in": "08:16:24",
    "time_out": "08:16:24"
  },
  {
    "zk_id": "54",
    "log_date": "2025-10-05",
    "time_in": "07:55:51",
    "time_out": "17:15:21"
  },
  {
    "zk_id": "54",
    "log_date": "2025-10-06",
    "time_in": "08:02:09",
    "time_out": "20:15:49"
  },
  {
    "zk_id": "54",
    "log_date": "2025-10-07",
    "time_in": "08:11:20",
    "time_out": "20:10:39"
  },
  {
    "zk_id": "54",
    "log_date": "2025-10-08",
    "time_in": "19:54:26",
    "time_out": "19:54:26"
  },
  {
    "zk_id": "54",
    "log_date": "2025-10-09",
    "time_in": "08:28:43",
    "time_out": "19:47:19"
  },
  {
    "zk_id": "54",
    "log_date": "2025-10-10",
    "time_in": "08:24:00",
    "time_out": "08:24:00"
  },
  {
    "zk_id": "54",
    "log_date": "2025-10-13",
    "time_in": "08:14:06",
    "time_out": "17:16:09"
  },
  {
    "zk_id": "54",
    "log_date": "2025-10-14",
    "time_in": "07:56:04",
    "time_out": "20:15:17"
  },
  {
    "zk_id": "54",
    "log_date": "2025-10-15",
    "time_in": "07:48:31",
    "time_out": "20:31:05"
  },
  {
    "zk_id": "54",
    "log_date": "2025-10-20",
    "time_in": "08:25:24",
    "time_out": "17:21:38"
  },
  {
    "zk_id": "54",
    "log_date": "2025-10-21",
    "time_in": "07:57:02",
    "time_out": "17:16:55"
  },
  {
    "zk_id": "54",
    "log_date": "2025-10-22",
    "time_in": "08:08:14",
    "time_out": "20:10:26"
  },
  {
    "zk_id": "54",
    "log_date": "2025-10-23",
    "time_in": "08:02:04",
    "time_out": "20:09:08"
  },
  {
    "zk_id": "54",
    "log_date": "2025-10-24",
    "time_in": "19:51:19",
    "time_out": "19:51:19"
  },
  {
    "zk_id": "54",
    "log_date": "2025-10-25",
    "time_in": "08:18:40",
    "time_out": "08:18:40"
  },
  {
    "zk_id": "54",
    "log_date": "2025-10-29",
    "time_in": "17:16:49",
    "time_out": "17:16:49"
  },
  {
    "zk_id": "54",
    "log_date": "2025-10-30",
    "time_in": "08:02:06",
    "time_out": "20:17:18"
  },
  {
    "zk_id": "54",
    "log_date": "2025-10-31",
    "time_in": "07:59:58",
    "time_out": "20:18:16"
  },
  {
    "zk_id": "55",
    "log_date": "2025-10-01",
    "time_in": "07:54:54",
    "time_out": "20:16:07"
  },
  {
    "zk_id": "55",
    "log_date": "2025-10-02",
    "time_in": "19:47:17",
    "time_out": "19:47:17"
  },
  {
    "zk_id": "55",
    "log_date": "2025-10-03",
    "time_in": "08:27:53",
    "time_out": "19:43:01"
  },
  {
    "zk_id": "55",
    "log_date": "2025-10-04",
    "time_in": "08:16:04",
    "time_out": "19:50:15"
  },
  {
    "zk_id": "55",
    "log_date": "2025-10-05",
    "time_in": "08:15:29",
    "time_out": "19:48:11"
  },
  {
    "zk_id": "55",
    "log_date": "2025-10-06",
    "time_in": "08:16:27",
    "time_out": "08:16:27"
  },
  {
    "zk_id": "55",
    "log_date": "2025-10-07",
    "time_in": "08:15:47",
    "time_out": "17:18:57"
  },
  {
    "zk_id": "55",
    "log_date": "2025-10-08",
    "time_in": "07:37:48",
    "time_out": "20:15:21"
  },
  {
    "zk_id": "55",
    "log_date": "2025-10-09",
    "time_in": "07:47:34",
    "time_out": "20:14:07"
  },
  {
    "zk_id": "55",
    "log_date": "2025-10-10",
    "time_in": "19:45:47",
    "time_out": "19:45:47"
  },
  {
    "zk_id": "55",
    "log_date": "2025-10-11",
    "time_in": "08:15:44",
    "time_out": "19:49:48"
  },
  {
    "zk_id": "55",
    "log_date": "2025-10-12",
    "time_in": "08:13:38",
    "time_out": "08:13:38"
  },
  {
    "zk_id": "55",
    "log_date": "2025-10-15",
    "time_in": "07:48:34",
    "time_out": "17:16:08"
  },
  {
    "zk_id": "55",
    "log_date": "2025-10-16",
    "time_in": "07:47:44",
    "time_out": "07:47:44"
  },
  {
    "zk_id": "55",
    "log_date": "2025-10-17",
    "time_in": "08:16:18",
    "time_out": "08:16:18"
  },
  {
    "zk_id": "55",
    "log_date": "2025-10-19",
    "time_in": "19:46:54",
    "time_out": "19:46:54"
  },
  {
    "zk_id": "55",
    "log_date": "2025-10-20",
    "time_in": "08:16:32",
    "time_out": "08:16:32"
  },
  {
    "zk_id": "55",
    "log_date": "2025-10-23",
    "time_in": "07:53:57",
    "time_out": "17:17:16"
  },
  {
    "zk_id": "55",
    "log_date": "2025-10-24",
    "time_in": "07:48:16",
    "time_out": "20:12:05"
  },
  {
    "zk_id": "55",
    "log_date": "2025-10-25",
    "time_in": "07:55:54",
    "time_out": "07:55:54"
  },
  {
    "zk_id": "55",
    "log_date": "2025-10-30",
    "time_in": "07:48:58",
    "time_out": "20:17:24"
  },
  {
    "zk_id": "55",
    "log_date": "2025-10-31",
    "time_in": "07:51:48",
    "time_out": "17:15:41"
  },
  {
    "zk_id": "56",
    "log_date": "2025-10-03",
    "time_in": "07:57:18",
    "time_out": "17:17:44"
  },
  {
    "zk_id": "56",
    "log_date": "2025-10-04",
    "time_in": "07:56:15",
    "time_out": "20:16:52"
  },
  {
    "zk_id": "56",
    "log_date": "2025-10-05",
    "time_in": "07:54:51",
    "time_out": "20:17:34"
  },
  {
    "zk_id": "56",
    "log_date": "2025-10-06",
    "time_in": "19:52:14",
    "time_out": "19:52:14"
  },
  {
    "zk_id": "56",
    "log_date": "2025-10-07",
    "time_in": "08:12:15",
    "time_out": "08:12:15"
  },
  {
    "zk_id": "56",
    "log_date": "2025-10-11",
    "time_in": "07:59:38",
    "time_out": "17:17:25"
  },
  {
    "zk_id": "56",
    "log_date": "2025-10-12",
    "time_in": "07:54:13",
    "time_out": "20:17:32"
  },
  {
    "zk_id": "56",
    "log_date": "2025-10-13",
    "time_in": "07:53:54",
    "time_out": "20:17:44"
  },
  {
    "zk_id": "56",
    "log_date": "2025-10-14",
    "time_in": "19:50:45",
    "time_out": "19:50:45"
  },
  {
    "zk_id": "56",
    "log_date": "2025-10-15",
    "time_in": "08:17:34",
    "time_out": "19:44:01"
  },
  {
    "zk_id": "56",
    "log_date": "2025-10-16",
    "time_in": "08:18:34",
    "time_out": "08:18:34"
  },
  {
    "zk_id": "56",
    "log_date": "2025-10-20",
    "time_in": "07:57:50",
    "time_out": "20:16:47"
  },
  {
    "zk_id": "56",
    "log_date": "2025-10-30",
    "time_in": "19:49:30",
    "time_out": "19:49:30"
  },
  {
    "zk_id": "56",
    "log_date": "2025-10-31",
    "time_in": "08:17:52",
    "time_out": "08:17:52"
  },
  {
    "zk_id": "57",
    "log_date": "2025-10-01",
    "time_in": "07:43:46",
    "time_out": "20:15:54"
  },
  {
    "zk_id": "57",
    "log_date": "2025-10-02",
    "time_in": "19:19:05",
    "time_out": "19:19:05"
  },
  {
    "zk_id": "57",
    "log_date": "2025-10-03",
    "time_in": "08:27:22",
    "time_out": "19:25:17"
  },
  {
    "zk_id": "57",
    "log_date": "2025-10-04",
    "time_in": "10:15:57",
    "time_out": "10:15:57"
  },
  {
    "zk_id": "57",
    "log_date": "2025-10-07",
    "time_in": "07:43:55",
    "time_out": "17:18:23"
  },
  {
    "zk_id": "57",
    "log_date": "2025-10-08",
    "time_in": "07:50:22",
    "time_out": "20:14:57"
  },
  {
    "zk_id": "57",
    "log_date": "2025-10-09",
    "time_in": "07:41:58",
    "time_out": "17:13:56"
  },
  {
    "zk_id": "57",
    "log_date": "2025-10-15",
    "time_in": "07:34:52",
    "time_out": "15:16:40"
  },
  {
    "zk_id": "57",
    "log_date": "2025-10-16",
    "time_in": "07:33:27",
    "time_out": "20:15:11"
  },
  {
    "zk_id": "57",
    "log_date": "2025-10-17",
    "time_in": "07:32:26",
    "time_out": "20:15:16"
  },
  {
    "zk_id": "57",
    "log_date": "2025-10-18",
    "time_in": "08:17:16",
    "time_out": "19:08:55"
  },
  {
    "zk_id": "57",
    "log_date": "2025-10-19",
    "time_in": "08:15:46",
    "time_out": "19:35:02"
  },
  {
    "zk_id": "57",
    "log_date": "2025-10-20",
    "time_in": "08:16:18",
    "time_out": "08:16:18"
  },
  {
    "zk_id": "57",
    "log_date": "2025-10-23",
    "time_in": "07:46:56",
    "time_out": "17:17:04"
  },
  {
    "zk_id": "57",
    "log_date": "2025-10-24",
    "time_in": "07:30:03",
    "time_out": "20:12:02"
  },
  {
    "zk_id": "57",
    "log_date": "2025-10-25",
    "time_in": "07:32:22",
    "time_out": "07:32:22"
  },
  {
    "zk_id": "57",
    "log_date": "2025-10-31",
    "time_in": "07:38:20",
    "time_out": "17:15:45"
  },
  {
    "zk_id": "58",
    "log_date": "2025-10-01",
    "time_in": "08:34:36",
    "time_out": "19:46:05"
  },
  {
    "zk_id": "58",
    "log_date": "2025-10-02",
    "time_in": "08:15:58",
    "time_out": "08:15:58"
  },
  {
    "zk_id": "58",
    "log_date": "2025-10-24",
    "time_in": "19:30:49",
    "time_out": "19:30:49"
  },
  {
    "zk_id": "58",
    "log_date": "2025-10-25",
    "time_in": "10:35:02",
    "time_out": "10:35:02"
  },
  {
    "zk_id": "58",
    "log_date": "2025-10-29",
    "time_in": "17:16:26",
    "time_out": "17:16:26"
  },
  {
    "zk_id": "58",
    "log_date": "2025-10-30",
    "time_in": "07:43:03",
    "time_out": "20:16:37"
  },
  {
    "zk_id": "58",
    "log_date": "2025-10-31",
    "time_in": "07:49:40",
    "time_out": "20:01:08"
  },
  {
    "zk_id": "59",
    "log_date": "2025-10-03",
    "time_in": "08:15:28",
    "time_out": "17:16:15"
  },
  {
    "zk_id": "59",
    "log_date": "2025-10-04",
    "time_in": "07:41:15",
    "time_out": "07:41:15"
  },
  {
    "zk_id": "59",
    "log_date": "2025-10-05",
    "time_in": "08:15:20",
    "time_out": "08:15:20"
  },
  {
    "zk_id": "59",
    "log_date": "2025-10-06",
    "time_in": "19:39:40",
    "time_out": "19:39:40"
  },
  {
    "zk_id": "59",
    "log_date": "2025-10-07",
    "time_in": "08:08:39",
    "time_out": "19:42:15"
  },
  {
    "zk_id": "59",
    "log_date": "2025-10-08",
    "time_in": "08:17:40",
    "time_out": "08:17:40"
  },
  {
    "zk_id": "59",
    "log_date": "2025-10-11",
    "time_in": "08:07:50",
    "time_out": "17:16:02"
  },
  {
    "zk_id": "59",
    "log_date": "2025-10-12",
    "time_in": "07:59:22",
    "time_out": "20:16:27"
  },
  {
    "zk_id": "59",
    "log_date": "2025-10-13",
    "time_in": "07:50:36",
    "time_out": "20:16:33"
  },
  {
    "zk_id": "59",
    "log_date": "2025-10-14",
    "time_in": "19:34:13",
    "time_out": "19:34:13"
  },
  {
    "zk_id": "59",
    "log_date": "2025-10-15",
    "time_in": "08:16:40",
    "time_out": "19:32:49"
  },
  {
    "zk_id": "59",
    "log_date": "2025-10-16",
    "time_in": "08:17:51",
    "time_out": "08:17:51"
  },
  {
    "zk_id": "59",
    "log_date": "2025-10-20",
    "time_in": "08:05:16",
    "time_out": "20:16:49"
  },
  {
    "zk_id": "59",
    "log_date": "2025-10-21",
    "time_in": "07:41:47",
    "time_out": "20:17:49"
  },
  {
    "zk_id": "59",
    "log_date": "2025-10-22",
    "time_in": "19:50:48",
    "time_out": "19:50:48"
  },
  {
    "zk_id": "59",
    "log_date": "2025-10-23",
    "time_in": "08:34:20",
    "time_out": "20:07:07"
  },
  {
    "zk_id": "59",
    "log_date": "2025-10-24",
    "time_in": "08:23:24",
    "time_out": "08:23:24"
  },
  {
    "zk_id": "59",
    "log_date": "2025-10-30",
    "time_in": "19:45:27",
    "time_out": "19:45:27"
  },
  {
    "zk_id": "59",
    "log_date": "2025-10-31",
    "time_in": "08:09:41",
    "time_out": "19:42:55"
  },
  {
    "zk_id": "6",
    "log_date": "2025-10-01",
    "time_in": "07:43:16",
    "time_out": "17:14:24"
  },
  {
    "zk_id": "6",
    "log_date": "2025-10-02",
    "time_in": "07:30:45",
    "time_out": "20:14:25"
  },
  {
    "zk_id": "6",
    "log_date": "2025-10-03",
    "time_in": "07:41:00",
    "time_out": "20:15:14"
  },
  {
    "zk_id": "6",
    "log_date": "2025-10-04",
    "time_in": "07:39:29",
    "time_out": "19:09:59"
  },
  {
    "zk_id": "6",
    "log_date": "2025-10-05",
    "time_in": "08:15:24",
    "time_out": "18:02:04"
  },
  {
    "zk_id": "6",
    "log_date": "2025-10-06",
    "time_in": "08:16:29",
    "time_out": "08:16:29"
  },
  {
    "zk_id": "6",
    "log_date": "2025-10-09",
    "time_in": "07:25:32",
    "time_out": "17:13:51"
  },
  {
    "zk_id": "6",
    "log_date": "2025-10-10",
    "time_in": "07:36:37",
    "time_out": "20:14:57"
  },
  {
    "zk_id": "6",
    "log_date": "2025-10-11",
    "time_in": "07:47:51",
    "time_out": "20:15:28"
  },
  {
    "zk_id": "6",
    "log_date": "2025-10-12",
    "time_in": "18:35:53",
    "time_out": "18:35:53"
  },
  {
    "zk_id": "6",
    "log_date": "2025-10-13",
    "time_in": "08:16:41",
    "time_out": "19:14:45"
  },
  {
    "zk_id": "6",
    "log_date": "2025-10-14",
    "time_in": "08:17:53",
    "time_out": "08:17:53"
  },
  {
    "zk_id": "6",
    "log_date": "2025-10-31",
    "time_in": "07:30:52",
    "time_out": "20:12:36"
  },
  {
    "zk_id": "60",
    "log_date": "2025-10-01",
    "time_in": "07:48:00",
    "time_out": "20:14:25"
  },
  {
    "zk_id": "60",
    "log_date": "2025-10-02",
    "time_in": "19:35:53",
    "time_out": "19:35:53"
  },
  {
    "zk_id": "60",
    "log_date": "2025-10-03",
    "time_in": "08:28:46",
    "time_out": "19:45:56"
  },
  {
    "zk_id": "60",
    "log_date": "2025-10-04",
    "time_in": "08:12:44",
    "time_out": "08:12:44"
  },
  {
    "zk_id": "60",
    "log_date": "2025-10-07",
    "time_in": "07:54:57",
    "time_out": "20:17:26"
  },
  {
    "zk_id": "60",
    "log_date": "2025-10-08",
    "time_in": "07:43:17",
    "time_out": "20:15:24"
  },
  {
    "zk_id": "60",
    "log_date": "2025-10-09",
    "time_in": "07:46:55",
    "time_out": "20:14:32"
  },
  {
    "zk_id": "60",
    "log_date": "2025-10-10",
    "time_in": "19:48:29",
    "time_out": "19:48:29"
  },
  {
    "zk_id": "60",
    "log_date": "2025-10-11",
    "time_in": "08:16:28",
    "time_out": "19:39:17"
  },
  {
    "zk_id": "60",
    "log_date": "2025-10-12",
    "time_in": "08:13:25",
    "time_out": "08:13:25"
  },
  {
    "zk_id": "60",
    "log_date": "2025-10-13",
    "time_in": "19:38:51",
    "time_out": "19:38:51"
  },
  {
    "zk_id": "60",
    "log_date": "2025-10-14",
    "time_in": "08:13:50",
    "time_out": "08:13:50"
  },
  {
    "zk_id": "60",
    "log_date": "2025-10-15",
    "time_in": "07:37:51",
    "time_out": "07:37:51"
  },
  {
    "zk_id": "60",
    "log_date": "2025-10-16",
    "time_in": "07:50:39",
    "time_out": "20:16:36"
  },
  {
    "zk_id": "60",
    "log_date": "2025-10-17",
    "time_in": "07:47:11",
    "time_out": "20:15:41"
  },
  {
    "zk_id": "60",
    "log_date": "2025-10-18",
    "time_in": "19:22:55",
    "time_out": "19:22:55"
  },
  {
    "zk_id": "60",
    "log_date": "2025-10-19",
    "time_in": "08:17:08",
    "time_out": "19:34:41"
  },
  {
    "zk_id": "60",
    "log_date": "2025-10-20",
    "time_in": "08:16:24",
    "time_out": "08:16:24"
  },
  {
    "zk_id": "60",
    "log_date": "2025-10-23",
    "time_in": "07:42:05",
    "time_out": "17:09:54"
  },
  {
    "zk_id": "60",
    "log_date": "2025-10-24",
    "time_in": "07:46:19",
    "time_out": "20:16:55"
  },
  {
    "zk_id": "60",
    "log_date": "2025-10-25",
    "time_in": "08:09:08",
    "time_out": "08:09:08"
  },
  {
    "zk_id": "60",
    "log_date": "2025-10-30",
    "time_in": "19:49:23",
    "time_out": "19:49:23"
  },
  {
    "zk_id": "60",
    "log_date": "2025-10-31",
    "time_in": "19:43:44",
    "time_out": "19:43:44"
  },
  {
    "zk_id": "62",
    "log_date": "2025-10-01",
    "time_in": "07:51:30",
    "time_out": "20:14:29"
  },
  {
    "zk_id": "62",
    "log_date": "2025-10-02",
    "time_in": "19:20:26",
    "time_out": "19:20:26"
  },
  {
    "zk_id": "62",
    "log_date": "2025-10-03",
    "time_in": "08:28:56",
    "time_out": "18:50:31"
  },
  {
    "zk_id": "62",
    "log_date": "2025-10-04",
    "time_in": "08:12:58",
    "time_out": "08:12:58"
  },
  {
    "zk_id": "62",
    "log_date": "2025-10-07",
    "time_in": "07:41:41",
    "time_out": "20:17:34"
  },
  {
    "zk_id": "62",
    "log_date": "2025-10-08",
    "time_in": "07:23:17",
    "time_out": "20:14:46"
  },
  {
    "zk_id": "62",
    "log_date": "2025-10-09",
    "time_in": "07:40:02",
    "time_out": "20:13:15"
  },
  {
    "zk_id": "62",
    "log_date": "2025-10-10",
    "time_in": "19:30:51",
    "time_out": "19:30:51"
  },
  {
    "zk_id": "62",
    "log_date": "2025-10-11",
    "time_in": "08:15:41",
    "time_out": "19:29:44"
  },
  {
    "zk_id": "62",
    "log_date": "2025-10-12",
    "time_in": "08:13:33",
    "time_out": "08:13:33"
  },
  {
    "zk_id": "62",
    "log_date": "2025-10-15",
    "time_in": "07:35:51",
    "time_out": "17:17:18"
  },
  {
    "zk_id": "62",
    "log_date": "2025-10-16",
    "time_in": "07:39:09",
    "time_out": "20:14:57"
  },
  {
    "zk_id": "62",
    "log_date": "2025-10-17",
    "time_in": "07:34:07",
    "time_out": "20:14:51"
  },
  {
    "zk_id": "62",
    "log_date": "2025-10-18",
    "time_in": "19:08:30",
    "time_out": "19:08:30"
  },
  {
    "zk_id": "62",
    "log_date": "2025-10-19",
    "time_in": "08:16:08",
    "time_out": "19:32:15"
  },
  {
    "zk_id": "62",
    "log_date": "2025-10-20",
    "time_in": "08:16:28",
    "time_out": "08:16:28"
  },
  {
    "zk_id": "62",
    "log_date": "2025-10-23",
    "time_in": "07:41:36",
    "time_out": "17:15:13"
  },
  {
    "zk_id": "62",
    "log_date": "2025-10-24",
    "time_in": "07:46:33",
    "time_out": "20:18:49"
  },
  {
    "zk_id": "62",
    "log_date": "2025-10-25",
    "time_in": "07:47:43",
    "time_out": "07:47:43"
  },
  {
    "zk_id": "62",
    "log_date": "2025-10-31",
    "time_in": "07:48:39",
    "time_out": "17:17:49"
  },
  {
    "zk_id": "63",
    "log_date": "2025-10-01",
    "time_in": "20:16:14",
    "time_out": "20:16:14"
  },
  {
    "zk_id": "63",
    "log_date": "2025-10-02",
    "time_in": "19:35:41",
    "time_out": "19:35:41"
  },
  {
    "zk_id": "63",
    "log_date": "2025-10-03",
    "time_in": "08:27:45",
    "time_out": "19:32:58"
  },
  {
    "zk_id": "63",
    "log_date": "2025-10-04",
    "time_in": "08:16:09",
    "time_out": "08:16:09"
  },
  {
    "zk_id": "63",
    "log_date": "2025-10-07",
    "time_in": "07:11:10",
    "time_out": "17:30:33"
  },
  {
    "zk_id": "63",
    "log_date": "2025-10-08",
    "time_in": "07:18:43",
    "time_out": "20:15:28"
  },
  {
    "zk_id": "63",
    "log_date": "2025-10-09",
    "time_in": "07:30:39",
    "time_out": "20:15:13"
  },
  {
    "zk_id": "63",
    "log_date": "2025-10-10",
    "time_in": "19:29:56",
    "time_out": "19:29:56"
  },
  {
    "zk_id": "63",
    "log_date": "2025-10-11",
    "time_in": "08:16:07",
    "time_out": "19:01:51"
  },
  {
    "zk_id": "63",
    "log_date": "2025-10-12",
    "time_in": "08:15:48",
    "time_out": "08:15:48"
  },
  {
    "zk_id": "63",
    "log_date": "2025-10-15",
    "time_in": "07:25:43",
    "time_out": "17:16:11"
  },
  {
    "zk_id": "63",
    "log_date": "2025-10-16",
    "time_in": "07:36:08",
    "time_out": "20:16:39"
  },
  {
    "zk_id": "63",
    "log_date": "2025-10-17",
    "time_in": "07:44:15",
    "time_out": "20:15:19"
  },
  {
    "zk_id": "63",
    "log_date": "2025-10-18",
    "time_in": "19:36:09",
    "time_out": "19:36:09"
  },
  {
    "zk_id": "63",
    "log_date": "2025-10-19",
    "time_in": "08:15:59",
    "time_out": "19:29:32"
  },
  {
    "zk_id": "63",
    "log_date": "2025-10-20",
    "time_in": "08:17:28",
    "time_out": "08:17:28"
  },
  {
    "zk_id": "63",
    "log_date": "2025-10-23",
    "time_in": "07:32:30",
    "time_out": "17:16:53"
  },
  {
    "zk_id": "63",
    "log_date": "2025-10-24",
    "time_in": "07:41:21",
    "time_out": "20:16:31"
  },
  {
    "zk_id": "63",
    "log_date": "2025-10-25",
    "time_in": "07:44:02",
    "time_out": "07:44:02"
  },
  {
    "zk_id": "63",
    "log_date": "2025-10-31",
    "time_in": "07:35:57",
    "time_out": "17:16:05"
  },
  {
    "zk_id": "64",
    "log_date": "2025-10-01",
    "time_in": "08:26:55",
    "time_out": "19:45:57"
  },
  {
    "zk_id": "64",
    "log_date": "2025-10-02",
    "time_in": "08:19:38",
    "time_out": "08:19:38"
  },
  {
    "zk_id": "64",
    "log_date": "2025-10-05",
    "time_in": "07:36:02",
    "time_out": "17:15:24"
  },
  {
    "zk_id": "64",
    "log_date": "2025-10-06",
    "time_in": "07:55:14",
    "time_out": "20:16:12"
  },
  {
    "zk_id": "64",
    "log_date": "2025-10-07",
    "time_in": "07:51:52",
    "time_out": "20:10:19"
  },
  {
    "zk_id": "64",
    "log_date": "2025-10-08",
    "time_in": "19:57:19",
    "time_out": "19:57:19"
  },
  {
    "zk_id": "64",
    "log_date": "2025-10-09",
    "time_in": "08:17:55",
    "time_out": "20:00:04"
  },
  {
    "zk_id": "64",
    "log_date": "2025-10-10",
    "time_in": "08:17:01",
    "time_out": "08:17:01"
  },
  {
    "zk_id": "64",
    "log_date": "2025-10-14",
    "time_in": "08:02:09",
    "time_out": "20:15:09"
  },
  {
    "zk_id": "64",
    "log_date": "2025-10-16",
    "time_in": "19:51:37",
    "time_out": "19:51:37"
  },
  {
    "zk_id": "64",
    "log_date": "2025-10-17",
    "time_in": "08:18:01",
    "time_out": "19:56:00"
  },
  {
    "zk_id": "64",
    "log_date": "2025-10-18",
    "time_in": "08:16:58",
    "time_out": "08:16:58"
  },
  {
    "zk_id": "64",
    "log_date": "2025-10-21",
    "time_in": "07:56:22",
    "time_out": "17:16:28"
  },
  {
    "zk_id": "64",
    "log_date": "2025-10-22",
    "time_in": "07:55:59",
    "time_out": "20:11:38"
  },
  {
    "zk_id": "64",
    "log_date": "2025-10-23",
    "time_in": "07:55:46",
    "time_out": "20:00:52"
  },
  {
    "zk_id": "64",
    "log_date": "2025-10-24",
    "time_in": "20:02:53",
    "time_out": "20:02:53"
  },
  {
    "zk_id": "64",
    "log_date": "2025-10-25",
    "time_in": "08:15:54",
    "time_out": "08:15:54"
  },
  {
    "zk_id": "64",
    "log_date": "2025-10-30",
    "time_in": "07:52:25",
    "time_out": "18:17:17"
  },
  {
    "zk_id": "64",
    "log_date": "2025-10-31",
    "time_in": "07:44:51",
    "time_out": "20:20:40"
  },
  {
    "zk_id": "65",
    "log_date": "2025-10-01",
    "time_in": "07:37:56",
    "time_out": "17:17:26"
  },
  {
    "zk_id": "65",
    "log_date": "2025-10-02",
    "time_in": "07:39:15",
    "time_out": "20:18:44"
  },
  {
    "zk_id": "65",
    "log_date": "2025-10-03",
    "time_in": "07:44:21",
    "time_out": "20:21:09"
  },
  {
    "zk_id": "65",
    "log_date": "2025-10-04",
    "time_in": "19:14:26",
    "time_out": "19:14:26"
  },
  {
    "zk_id": "65",
    "log_date": "2025-10-05",
    "time_in": "08:19:17",
    "time_out": "19:01:28"
  },
  {
    "zk_id": "65",
    "log_date": "2025-10-06",
    "time_in": "08:20:03",
    "time_out": "08:20:03"
  },
  {
    "zk_id": "65",
    "log_date": "2025-10-09",
    "time_in": "07:43:30",
    "time_out": "17:16:49"
  },
  {
    "zk_id": "65",
    "log_date": "2025-10-10",
    "time_in": "07:36:27",
    "time_out": "20:17:28"
  },
  {
    "zk_id": "65",
    "log_date": "2025-10-11",
    "time_in": "07:54:16",
    "time_out": "20:17:04"
  },
  {
    "zk_id": "65",
    "log_date": "2025-10-12",
    "time_in": "19:34:35",
    "time_out": "19:34:35"
  },
  {
    "zk_id": "65",
    "log_date": "2025-10-13",
    "time_in": "08:18:07",
    "time_out": "19:21:48"
  },
  {
    "zk_id": "65",
    "log_date": "2025-10-14",
    "time_in": "08:13:47",
    "time_out": "08:13:47"
  },
  {
    "zk_id": "65",
    "log_date": "2025-10-17",
    "time_in": "07:20:15",
    "time_out": "17:28:21"
  },
  {
    "zk_id": "65",
    "log_date": "2025-10-18",
    "time_in": "07:10:24",
    "time_out": "20:17:33"
  },
  {
    "zk_id": "65",
    "log_date": "2025-10-19",
    "time_in": "07:36:22",
    "time_out": "20:18:25"
  },
  {
    "zk_id": "65",
    "log_date": "2025-10-20",
    "time_in": "19:45:22",
    "time_out": "19:45:22"
  },
  {
    "zk_id": "65",
    "log_date": "2025-10-21",
    "time_in": "08:17:41",
    "time_out": "19:25:31"
  },
  {
    "zk_id": "65",
    "log_date": "2025-10-22",
    "time_in": "09:16:14",
    "time_out": "09:16:14"
  },
  {
    "zk_id": "65",
    "log_date": "2025-10-29",
    "time_in": "08:19:04",
    "time_out": "18:56:12"
  },
  {
    "zk_id": "65",
    "log_date": "2025-10-30",
    "time_in": "08:19:24",
    "time_out": "08:19:24"
  },
  {
    "zk_id": "66",
    "log_date": "2025-10-01",
    "time_in": "08:05:31",
    "time_out": "17:05:16"
  },
  {
    "zk_id": "66",
    "log_date": "2025-10-02",
    "time_in": "07:39:06",
    "time_out": "17:05:07"
  },
  {
    "zk_id": "66",
    "log_date": "2025-10-03",
    "time_in": "07:28:39",
    "time_out": "17:03:12"
  },
  {
    "zk_id": "66",
    "log_date": "2025-10-04",
    "time_in": "07:21:29",
    "time_out": "17:30:16"
  },
  {
    "zk_id": "66",
    "log_date": "2025-10-06",
    "time_in": "07:23:42",
    "time_out": "17:12:04"
  },
  {
    "zk_id": "66",
    "log_date": "2025-10-07",
    "time_in": "07:42:25",
    "time_out": "17:09:35"
  },
  {
    "zk_id": "66",
    "log_date": "2025-10-08",
    "time_in": "07:20:55",
    "time_out": "17:02:33"
  },
  {
    "zk_id": "66",
    "log_date": "2025-10-09",
    "time_in": "07:32:26",
    "time_out": "17:05:42"
  },
  {
    "zk_id": "66",
    "log_date": "2025-10-10",
    "time_in": "07:21:28",
    "time_out": "17:07:17"
  },
  {
    "zk_id": "66",
    "log_date": "2025-10-11",
    "time_in": "07:14:08",
    "time_out": "07:14:08"
  },
  {
    "zk_id": "66",
    "log_date": "2025-10-13",
    "time_in": "07:50:43",
    "time_out": "17:43:35"
  },
  {
    "zk_id": "66",
    "log_date": "2025-10-14",
    "time_in": "07:37:42",
    "time_out": "17:02:03"
  },
  {
    "zk_id": "66",
    "log_date": "2025-10-15",
    "time_in": "07:29:25",
    "time_out": "16:52:59"
  },
  {
    "zk_id": "66",
    "log_date": "2025-10-16",
    "time_in": "07:05:01",
    "time_out": "17:01:50"
  },
  {
    "zk_id": "66",
    "log_date": "2025-10-17",
    "time_in": "07:25:09",
    "time_out": "17:28:38"
  },
  {
    "zk_id": "66",
    "log_date": "2025-10-18",
    "time_in": "07:41:03",
    "time_out": "07:41:03"
  },
  {
    "zk_id": "66",
    "log_date": "2025-10-20",
    "time_in": "07:55:14",
    "time_out": "17:02:09"
  },
  {
    "zk_id": "66",
    "log_date": "2025-10-21",
    "time_in": "07:28:59",
    "time_out": "17:07:54"
  },
  {
    "zk_id": "66",
    "log_date": "2025-10-22",
    "time_in": "07:43:13",
    "time_out": "17:01:53"
  },
  {
    "zk_id": "66",
    "log_date": "2025-10-23",
    "time_in": "07:17:44",
    "time_out": "17:03:04"
  },
  {
    "zk_id": "66",
    "log_date": "2025-10-28",
    "time_in": "17:01:54",
    "time_out": "17:01:54"
  },
  {
    "zk_id": "66",
    "log_date": "2025-10-29",
    "time_in": "08:21:07",
    "time_out": "17:13:50"
  },
  {
    "zk_id": "66",
    "log_date": "2025-10-30",
    "time_in": "07:04:09",
    "time_out": "17:01:36"
  },
  {
    "zk_id": "66",
    "log_date": "2025-10-31",
    "time_in": "07:56:25",
    "time_out": "17:07:15"
  },
  {
    "zk_id": "67",
    "log_date": "2025-10-03",
    "time_in": "05:48:50",
    "time_out": "19:02:04"
  },
  {
    "zk_id": "67",
    "log_date": "2025-10-04",
    "time_in": "06:02:06",
    "time_out": "19:01:38"
  },
  {
    "zk_id": "67",
    "log_date": "2025-10-05",
    "time_in": "05:57:33",
    "time_out": "19:01:47"
  },
  {
    "zk_id": "67",
    "log_date": "2025-10-06",
    "time_in": "05:50:33",
    "time_out": "19:02:51"
  },
  {
    "zk_id": "67",
    "log_date": "2025-10-10",
    "time_in": "05:48:55",
    "time_out": "19:00:37"
  },
  {
    "zk_id": "67",
    "log_date": "2025-10-11",
    "time_in": "06:50:07",
    "time_out": "19:01:25"
  },
  {
    "zk_id": "67",
    "log_date": "2025-10-12",
    "time_in": "05:58:58",
    "time_out": "19:02:15"
  },
  {
    "zk_id": "67",
    "log_date": "2025-10-13",
    "time_in": "05:52:13",
    "time_out": "19:00:32"
  },
  {
    "zk_id": "67",
    "log_date": "2025-10-17",
    "time_in": "05:53:52",
    "time_out": "19:00:46"
  },
  {
    "zk_id": "67",
    "log_date": "2025-10-18",
    "time_in": "05:34:40",
    "time_out": "19:00:14"
  },
  {
    "zk_id": "67",
    "log_date": "2025-10-21",
    "time_in": "06:03:34",
    "time_out": "19:00:15"
  },
  {
    "zk_id": "67",
    "log_date": "2025-10-24",
    "time_in": "05:53:27",
    "time_out": "19:08:05"
  },
  {
    "zk_id": "67",
    "log_date": "2025-10-25",
    "time_in": "05:31:13",
    "time_out": "05:31:13"
  },
  {
    "zk_id": "67",
    "log_date": "2025-10-31",
    "time_in": "05:27:50",
    "time_out": "19:00:07"
  },
  {
    "zk_id": "7",
    "log_date": "2025-10-05",
    "time_in": "07:43:45",
    "time_out": "17:15:12"
  },
  {
    "zk_id": "7",
    "log_date": "2025-10-06",
    "time_in": "07:55:43",
    "time_out": "20:10:20"
  },
  {
    "zk_id": "7",
    "log_date": "2025-10-07",
    "time_in": "07:46:39",
    "time_out": "20:10:43"
  },
  {
    "zk_id": "7",
    "log_date": "2025-10-08",
    "time_in": "19:27:43",
    "time_out": "19:27:43"
  },
  {
    "zk_id": "7",
    "log_date": "2025-10-09",
    "time_in": "08:20:01",
    "time_out": "19:31:14"
  },
  {
    "zk_id": "7",
    "log_date": "2025-10-10",
    "time_in": "08:17:16",
    "time_out": "08:17:16"
  },
  {
    "zk_id": "7",
    "log_date": "2025-10-13",
    "time_in": "07:25:04",
    "time_out": "17:17:26"
  },
  {
    "zk_id": "7",
    "log_date": "2025-10-14",
    "time_in": "07:34:16",
    "time_out": "20:10:39"
  },
  {
    "zk_id": "7",
    "log_date": "2025-10-15",
    "time_in": "07:34:21",
    "time_out": "20:31:18"
  },
  {
    "zk_id": "7",
    "log_date": "2025-10-16",
    "time_in": "19:22:21",
    "time_out": "19:22:21"
  },
  {
    "zk_id": "7",
    "log_date": "2025-10-17",
    "time_in": "08:18:34",
    "time_out": "08:18:34"
  },
  {
    "zk_id": "7",
    "log_date": "2025-10-20",
    "time_in": "07:35:27",
    "time_out": "17:16:18"
  },
  {
    "zk_id": "7",
    "log_date": "2025-10-21",
    "time_in": "07:42:09",
    "time_out": "17:19:15"
  },
  {
    "zk_id": "7",
    "log_date": "2025-10-22",
    "time_in": "07:30:54",
    "time_out": "20:07:45"
  },
  {
    "zk_id": "7",
    "log_date": "2025-10-23",
    "time_in": "07:36:00",
    "time_out": "20:49:20"
  },
  {
    "zk_id": "7",
    "log_date": "2025-10-24",
    "time_in": "19:52:09",
    "time_out": "19:52:09"
  },
  {
    "zk_id": "7",
    "log_date": "2025-10-25",
    "time_in": "08:15:46",
    "time_out": "08:15:46"
  },
  {
    "zk_id": "7",
    "log_date": "2025-10-29",
    "time_in": "17:16:35",
    "time_out": "17:16:35"
  },
  {
    "zk_id": "7",
    "log_date": "2025-10-30",
    "time_in": "07:43:06",
    "time_out": "20:20:53"
  },
  {
    "zk_id": "7",
    "log_date": "2025-10-31",
    "time_in": "07:49:36",
    "time_out": "20:17:13"
  },
  {
    "zk_id": "70",
    "log_date": "2025-10-01",
    "time_in": "06:06:28",
    "time_out": "22:03:10"
  },
  {
    "zk_id": "70",
    "log_date": "2025-10-02",
    "time_in": "06:01:01",
    "time_out": "22:04:39"
  },
  {
    "zk_id": "70",
    "log_date": "2025-10-03",
    "time_in": "06:01:18",
    "time_out": "06:01:18"
  },
  {
    "zk_id": "70",
    "log_date": "2025-10-04",
    "time_in": "00:00:09",
    "time_out": "06:09:48"
  },
  {
    "zk_id": "70",
    "log_date": "2025-10-05",
    "time_in": "00:00:30",
    "time_out": "22:00:21"
  },
  {
    "zk_id": "70",
    "log_date": "2025-10-06",
    "time_in": "06:04:35",
    "time_out": "06:04:35"
  },
  {
    "zk_id": "70",
    "log_date": "2025-10-07",
    "time_in": "00:03:38",
    "time_out": "06:03:38"
  },
  {
    "zk_id": "70",
    "log_date": "2025-10-08",
    "time_in": "06:02:38",
    "time_out": "15:08:47"
  },
  {
    "zk_id": "70",
    "log_date": "2025-10-09",
    "time_in": "06:07:48",
    "time_out": "15:04:28"
  },
  {
    "zk_id": "70",
    "log_date": "2025-10-10",
    "time_in": "06:00:42",
    "time_out": "15:01:44"
  },
  {
    "zk_id": "70",
    "log_date": "2025-10-11",
    "time_in": "06:05:45",
    "time_out": "20:03:34"
  },
  {
    "zk_id": "70",
    "log_date": "2025-10-12",
    "time_in": "06:01:09",
    "time_out": "22:00:44"
  },
  {
    "zk_id": "70",
    "log_date": "2025-10-13",
    "time_in": "06:00:37",
    "time_out": "22:01:04"
  },
  {
    "zk_id": "70",
    "log_date": "2025-10-14",
    "time_in": "05:55:39",
    "time_out": "22:01:31"
  },
  {
    "zk_id": "70",
    "log_date": "2025-10-15",
    "time_in": "05:59:38",
    "time_out": "22:01:18"
  },
  {
    "zk_id": "70",
    "log_date": "2025-10-16",
    "time_in": "22:00:02",
    "time_out": "22:00:02"
  },
  {
    "zk_id": "70",
    "log_date": "2025-10-17",
    "time_in": "05:59:37",
    "time_out": "05:59:37"
  },
  {
    "zk_id": "70",
    "log_date": "2025-10-19",
    "time_in": "06:03:44",
    "time_out": "06:03:44"
  },
  {
    "zk_id": "70",
    "log_date": "2025-10-20",
    "time_in": "05:59:31",
    "time_out": "22:01:02"
  },
  {
    "zk_id": "70",
    "log_date": "2025-10-21",
    "time_in": "06:04:26",
    "time_out": "22:00:08"
  },
  {
    "zk_id": "70",
    "log_date": "2025-10-22",
    "time_in": "05:03:49",
    "time_out": "22:01:25"
  },
  {
    "zk_id": "70",
    "log_date": "2025-10-23",
    "time_in": "05:58:55",
    "time_out": "22:01:25"
  },
  {
    "zk_id": "70",
    "log_date": "2025-10-24",
    "time_in": "06:07:58",
    "time_out": "15:02:11"
  },
  {
    "zk_id": "70",
    "log_date": "2025-10-29",
    "time_in": "06:00:08",
    "time_out": "22:01:08"
  },
  {
    "zk_id": "70",
    "log_date": "2025-10-30",
    "time_in": "05:59:55",
    "time_out": "22:01:46"
  },
  {
    "zk_id": "71",
    "log_date": "2025-10-01",
    "time_in": "06:35:21",
    "time_out": "16:03:26"
  },
  {
    "zk_id": "71",
    "log_date": "2025-10-02",
    "time_in": "06:56:22",
    "time_out": "16:01:27"
  },
  {
    "zk_id": "71",
    "log_date": "2025-10-03",
    "time_in": "06:57:54",
    "time_out": "16:03:16"
  },
  {
    "zk_id": "71",
    "log_date": "2025-10-04",
    "time_in": "06:54:02",
    "time_out": "17:03:56"
  },
  {
    "zk_id": "71",
    "log_date": "2025-10-05",
    "time_in": "06:56:59",
    "time_out": "17:01:03"
  },
  {
    "zk_id": "71",
    "log_date": "2025-10-06",
    "time_in": "06:59:31",
    "time_out": "22:01:08"
  },
  {
    "zk_id": "71",
    "log_date": "2025-10-07",
    "time_in": "04:59:27",
    "time_out": "22:01:37"
  },
  {
    "zk_id": "71",
    "log_date": "2025-10-08",
    "time_in": "04:59:47",
    "time_out": "22:04:58"
  },
  {
    "zk_id": "71",
    "log_date": "2025-10-10",
    "time_in": "06:51:26",
    "time_out": "16:01:10"
  },
  {
    "zk_id": "71",
    "log_date": "2025-10-11",
    "time_in": "07:14:30",
    "time_out": "16:00:46"
  },
  {
    "zk_id": "71",
    "log_date": "2025-10-13",
    "time_in": "06:56:55",
    "time_out": "16:03:13"
  },
  {
    "zk_id": "71",
    "log_date": "2025-10-14",
    "time_in": "06:58:56",
    "time_out": "16:01:56"
  },
  {
    "zk_id": "71",
    "log_date": "2025-10-15",
    "time_in": "07:46:02",
    "time_out": "16:00:27"
  },
  {
    "zk_id": "71",
    "log_date": "2025-10-16",
    "time_in": "07:07:14",
    "time_out": "17:00:17"
  },
  {
    "zk_id": "71",
    "log_date": "2025-10-17",
    "time_in": "07:10:17",
    "time_out": "16:06:33"
  },
  {
    "zk_id": "71",
    "log_date": "2025-10-18",
    "time_in": "07:05:16",
    "time_out": "16:01:02"
  },
  {
    "zk_id": "71",
    "log_date": "2025-10-20",
    "time_in": "06:57:17",
    "time_out": "16:03:13"
  },
  {
    "zk_id": "71",
    "log_date": "2025-10-21",
    "time_in": "06:56:13",
    "time_out": "18:01:04"
  },
  {
    "zk_id": "71",
    "log_date": "2025-10-22",
    "time_in": "07:23:45",
    "time_out": "18:00:54"
  },
  {
    "zk_id": "71",
    "log_date": "2025-10-23",
    "time_in": "04:54:09",
    "time_out": "18:03:32"
  },
  {
    "zk_id": "71",
    "log_date": "2025-10-24",
    "time_in": "07:18:44",
    "time_out": "16:00:24"
  },
  {
    "zk_id": "71",
    "log_date": "2025-10-25",
    "time_in": "06:59:39",
    "time_out": "16:06:17"
  },
  {
    "zk_id": "71",
    "log_date": "2025-10-28",
    "time_in": "16:02:50",
    "time_out": "16:02:50"
  },
  {
    "zk_id": "71",
    "log_date": "2025-10-29",
    "time_in": "07:39:00",
    "time_out": "17:00:22"
  },
  {
    "zk_id": "71",
    "log_date": "2025-10-30",
    "time_in": "06:50:58",
    "time_out": "16:01:04"
  },
  {
    "zk_id": "71",
    "log_date": "2025-10-31",
    "time_in": "06:53:46",
    "time_out": "16:06:34"
  },
  {
    "zk_id": "72",
    "log_date": "2025-10-01",
    "time_in": "05:54:45",
    "time_out": "22:00:10"
  },
  {
    "zk_id": "72",
    "log_date": "2025-10-02",
    "time_in": "05:43:16",
    "time_out": "22:01:06"
  },
  {
    "zk_id": "72",
    "log_date": "2025-10-03",
    "time_in": "05:56:52",
    "time_out": "22:03:06"
  },
  {
    "zk_id": "72",
    "log_date": "2025-10-04",
    "time_in": "05:53:46",
    "time_out": "22:00:12"
  },
  {
    "zk_id": "72",
    "log_date": "2025-10-06",
    "time_in": "05:50:36",
    "time_out": "05:50:36"
  },
  {
    "zk_id": "72",
    "log_date": "2025-10-07",
    "time_in": "00:03:32",
    "time_out": "20:03:00"
  },
  {
    "zk_id": "72",
    "log_date": "2025-10-08",
    "time_in": "05:52:06",
    "time_out": "22:07:22"
  },
  {
    "zk_id": "72",
    "log_date": "2025-10-09",
    "time_in": "06:02:51",
    "time_out": "18:02:38"
  },
  {
    "zk_id": "72",
    "log_date": "2025-10-10",
    "time_in": "06:49:49",
    "time_out": "06:49:49"
  },
  {
    "zk_id": "72",
    "log_date": "2025-10-11",
    "time_in": "02:02:13",
    "time_out": "06:02:54"
  },
  {
    "zk_id": "72",
    "log_date": "2025-10-12",
    "time_in": "06:00:55",
    "time_out": "22:03:35"
  },
  {
    "zk_id": "72",
    "log_date": "2025-10-13",
    "time_in": "05:58:52",
    "time_out": "22:01:58"
  },
  {
    "zk_id": "72",
    "log_date": "2025-10-14",
    "time_in": "05:51:05",
    "time_out": "22:00:28"
  },
  {
    "zk_id": "72",
    "log_date": "2025-10-15",
    "time_in": "05:57:45",
    "time_out": "22:00:16"
  },
  {
    "zk_id": "72",
    "log_date": "2025-10-16",
    "time_in": "05:50:58",
    "time_out": "15:08:24"
  },
  {
    "zk_id": "72",
    "log_date": "2025-10-17",
    "time_in": "06:35:30",
    "time_out": "15:04:42"
  },
  {
    "zk_id": "72",
    "log_date": "2025-10-18",
    "time_in": "05:57:02",
    "time_out": "15:03:17"
  },
  {
    "zk_id": "72",
    "log_date": "2025-10-20",
    "time_in": "05:53:41",
    "time_out": "15:06:04"
  },
  {
    "zk_id": "72",
    "log_date": "2025-10-21",
    "time_in": "05:58:34",
    "time_out": "15:03:27"
  },
  {
    "zk_id": "72",
    "log_date": "2025-10-22",
    "time_in": "04:56:54",
    "time_out": "14:05:03"
  },
  {
    "zk_id": "72",
    "log_date": "2025-10-23",
    "time_in": "05:55:44",
    "time_out": "15:01:31"
  },
  {
    "zk_id": "72",
    "log_date": "2025-10-24",
    "time_in": "05:56:06",
    "time_out": "15:01:53"
  },
  {
    "zk_id": "72",
    "log_date": "2025-10-25",
    "time_in": "06:05:01",
    "time_out": "15:02:20"
  },
  {
    "zk_id": "72",
    "log_date": "2025-10-28",
    "time_in": "23:03:08",
    "time_out": "23:03:08"
  },
  {
    "zk_id": "72",
    "log_date": "2025-10-29",
    "time_in": "15:21:28",
    "time_out": "15:21:28"
  },
  {
    "zk_id": "72",
    "log_date": "2025-10-30",
    "time_in": "05:46:51",
    "time_out": "15:02:52"
  },
  {
    "zk_id": "72",
    "log_date": "2025-10-31",
    "time_in": "06:30:42",
    "time_out": "15:06:55"
  },
  {
    "zk_id": "73",
    "log_date": "2025-10-01",
    "time_in": "05:55:37",
    "time_out": "22:03:19"
  },
  {
    "zk_id": "73",
    "log_date": "2025-10-02",
    "time_in": "06:01:03",
    "time_out": "22:00:48"
  },
  {
    "zk_id": "73",
    "log_date": "2025-10-04",
    "time_in": "05:44:43",
    "time_out": "05:44:43"
  },
  {
    "zk_id": "73",
    "log_date": "2025-10-05",
    "time_in": "05:02:40",
    "time_out": "15:16:19"
  },
  {
    "zk_id": "73",
    "log_date": "2025-10-06",
    "time_in": "05:32:52",
    "time_out": "05:32:52"
  },
  {
    "zk_id": "73",
    "log_date": "2025-10-07",
    "time_in": "00:03:54",
    "time_out": "20:00:29"
  },
  {
    "zk_id": "73",
    "log_date": "2025-10-08",
    "time_in": "05:57:03",
    "time_out": "22:05:55"
  },
  {
    "zk_id": "73",
    "log_date": "2025-10-09",
    "time_in": "15:38:33",
    "time_out": "15:38:33"
  },
  {
    "zk_id": "73",
    "log_date": "2025-10-10",
    "time_in": "06:44:34",
    "time_out": "22:06:05"
  },
  {
    "zk_id": "73",
    "log_date": "2025-10-11",
    "time_in": "06:53:59",
    "time_out": "22:03:26"
  },
  {
    "zk_id": "73",
    "log_date": "2025-10-12",
    "time_in": "06:43:57",
    "time_out": "22:00:39"
  },
  {
    "zk_id": "73",
    "log_date": "2025-10-13",
    "time_in": "06:03:12",
    "time_out": "22:01:33"
  },
  {
    "zk_id": "73",
    "log_date": "2025-10-14",
    "time_in": "22:01:53",
    "time_out": "22:01:53"
  },
  {
    "zk_id": "73",
    "log_date": "2025-10-15",
    "time_in": "06:09:16",
    "time_out": "22:01:12"
  },
  {
    "zk_id": "73",
    "log_date": "2025-10-16",
    "time_in": "11:52:23",
    "time_out": "11:52:23"
  },
  {
    "zk_id": "73",
    "log_date": "2025-10-17",
    "time_in": "06:35:36",
    "time_out": "16:03:49"
  },
  {
    "zk_id": "73",
    "log_date": "2025-10-18",
    "time_in": "07:16:15",
    "time_out": "17:00:21"
  },
  {
    "zk_id": "73",
    "log_date": "2025-10-19",
    "time_in": "16:01:09",
    "time_out": "16:01:09"
  },
  {
    "zk_id": "73",
    "log_date": "2025-10-20",
    "time_in": "05:47:50",
    "time_out": "15:16:50"
  },
  {
    "zk_id": "73",
    "log_date": "2025-10-21",
    "time_in": "05:48:15",
    "time_out": "15:08:16"
  },
  {
    "zk_id": "73",
    "log_date": "2025-10-22",
    "time_in": "05:53:44",
    "time_out": "16:01:38"
  },
  {
    "zk_id": "73",
    "log_date": "2025-10-23",
    "time_in": "05:49:46",
    "time_out": "20:01:41"
  },
  {
    "zk_id": "73",
    "log_date": "2025-10-24",
    "time_in": "05:54:49",
    "time_out": "17:01:42"
  },
  {
    "zk_id": "73",
    "log_date": "2025-10-25",
    "time_in": "05:59:24",
    "time_out": "05:59:24"
  },
  {
    "zk_id": "73",
    "log_date": "2025-10-28",
    "time_in": "23:00:25",
    "time_out": "23:00:25"
  },
  {
    "zk_id": "73",
    "log_date": "2025-10-29",
    "time_in": "07:26:00",
    "time_out": "17:00:28"
  },
  {
    "zk_id": "73",
    "log_date": "2025-10-30",
    "time_in": "06:15:04",
    "time_out": "16:00:43"
  },
  {
    "zk_id": "74",
    "log_date": "2025-10-01",
    "time_in": "06:06:23",
    "time_out": "19:04:31"
  },
  {
    "zk_id": "74",
    "log_date": "2025-10-02",
    "time_in": "06:11:23",
    "time_out": "19:04:35"
  },
  {
    "zk_id": "74",
    "log_date": "2025-10-06",
    "time_in": "06:12:36",
    "time_out": "23:08:54"
  },
  {
    "zk_id": "74",
    "log_date": "2025-10-07",
    "time_in": "06:08:59",
    "time_out": "21:07:00"
  },
  {
    "zk_id": "74",
    "log_date": "2025-10-08",
    "time_in": "21:23:38",
    "time_out": "21:23:38"
  },
  {
    "zk_id": "74",
    "log_date": "2025-10-09",
    "time_in": "19:06:08",
    "time_out": "19:06:08"
  },
  {
    "zk_id": "74",
    "log_date": "2025-10-13",
    "time_in": "06:17:20",
    "time_out": "19:02:39"
  },
  {
    "zk_id": "74",
    "log_date": "2025-10-14",
    "time_in": "06:03:55",
    "time_out": "19:05:31"
  },
  {
    "zk_id": "74",
    "log_date": "2025-10-15",
    "time_in": "05:57:50",
    "time_out": "19:02:50"
  },
  {
    "zk_id": "74",
    "log_date": "2025-10-16",
    "time_in": "06:00:31",
    "time_out": "19:01:27"
  },
  {
    "zk_id": "74",
    "log_date": "2025-10-19",
    "time_in": "07:58:33",
    "time_out": "19:02:41"
  },
  {
    "zk_id": "74",
    "log_date": "2025-10-20",
    "time_in": "06:05:48",
    "time_out": "19:02:59"
  },
  {
    "zk_id": "74",
    "log_date": "2025-10-22",
    "time_in": "05:56:31",
    "time_out": "19:03:18"
  },
  {
    "zk_id": "74",
    "log_date": "2025-10-23",
    "time_in": "06:05:58",
    "time_out": "19:22:22"
  },
  {
    "zk_id": "74",
    "log_date": "2025-10-30",
    "time_in": "06:01:59",
    "time_out": "19:05:16"
  },
  {
    "zk_id": "75",
    "log_date": "2025-10-01",
    "time_in": "05:47:15",
    "time_out": "19:02:24"
  },
  {
    "zk_id": "75",
    "log_date": "2025-10-02",
    "time_in": "05:45:04",
    "time_out": "19:04:29"
  },
  {
    "zk_id": "75",
    "log_date": "2025-10-06",
    "time_in": "05:49:31",
    "time_out": "23:09:06"
  },
  {
    "zk_id": "75",
    "log_date": "2025-10-07",
    "time_in": "05:50:12",
    "time_out": "19:04:44"
  },
  {
    "zk_id": "75",
    "log_date": "2025-10-08",
    "time_in": "05:40:00",
    "time_out": "19:04:16"
  },
  {
    "zk_id": "75",
    "log_date": "2025-10-09",
    "time_in": "04:52:20",
    "time_out": "19:04:50"
  },
  {
    "zk_id": "75",
    "log_date": "2025-10-13",
    "time_in": "05:48:26",
    "time_out": "19:04:20"
  },
  {
    "zk_id": "75",
    "log_date": "2025-10-14",
    "time_in": "05:49:17",
    "time_out": "19:04:48"
  },
  {
    "zk_id": "75",
    "log_date": "2025-10-15",
    "time_in": "05:42:50",
    "time_out": "19:03:53"
  },
  {
    "zk_id": "75",
    "log_date": "2025-10-16",
    "time_in": "05:47:13",
    "time_out": "19:04:45"
  },
  {
    "zk_id": "75",
    "log_date": "2025-10-20",
    "time_in": "19:02:19",
    "time_out": "19:02:19"
  },
  {
    "zk_id": "75",
    "log_date": "2025-10-21",
    "time_in": "05:47:20",
    "time_out": "19:04:40"
  },
  {
    "zk_id": "75",
    "log_date": "2025-10-22",
    "time_in": "05:45:16",
    "time_out": "19:04:45"
  },
  {
    "zk_id": "75",
    "log_date": "2025-10-23",
    "time_in": "05:44:29",
    "time_out": "19:07:47"
  },
  {
    "zk_id": "75",
    "log_date": "2025-10-28",
    "time_in": "19:06:04",
    "time_out": "19:06:04"
  },
  {
    "zk_id": "75",
    "log_date": "2025-10-29",
    "time_in": "05:42:10",
    "time_out": "19:03:19"
  },
  {
    "zk_id": "75",
    "log_date": "2025-10-30",
    "time_in": "05:43:20",
    "time_out": "19:03:57"
  },
  {
    "zk_id": "76",
    "log_date": "2025-10-01",
    "time_in": "05:52:39",
    "time_out": "15:06:24"
  },
  {
    "zk_id": "76",
    "log_date": "2025-10-02",
    "time_in": "06:01:16",
    "time_out": "10:01:48"
  },
  {
    "zk_id": "76",
    "log_date": "2025-10-03",
    "time_in": "05:54:17",
    "time_out": "15:11:21"
  },
  {
    "zk_id": "76",
    "log_date": "2025-10-05",
    "time_in": "15:04:02",
    "time_out": "15:04:02"
  },
  {
    "zk_id": "76",
    "log_date": "2025-10-06",
    "time_in": "05:46:16",
    "time_out": "15:06:07"
  },
  {
    "zk_id": "76",
    "log_date": "2025-10-07",
    "time_in": "05:59:22",
    "time_out": "15:11:04"
  },
  {
    "zk_id": "76",
    "log_date": "2025-10-08",
    "time_in": "06:12:25",
    "time_out": "15:04:14"
  },
  {
    "zk_id": "76",
    "log_date": "2025-10-09",
    "time_in": "06:02:41",
    "time_out": "15:02:57"
  },
  {
    "zk_id": "76",
    "log_date": "2025-10-12",
    "time_in": "05:58:42",
    "time_out": "15:00:29"
  },
  {
    "zk_id": "76",
    "log_date": "2025-10-13",
    "time_in": "05:56:33",
    "time_out": "14:09:47"
  },
  {
    "zk_id": "76",
    "log_date": "2025-10-14",
    "time_in": "05:58:37",
    "time_out": "15:09:09"
  },
  {
    "zk_id": "76",
    "log_date": "2025-10-15",
    "time_in": "06:04:05",
    "time_out": "15:07:50"
  },
  {
    "zk_id": "76",
    "log_date": "2025-10-16",
    "time_in": "05:44:50",
    "time_out": "15:11:51"
  },
  {
    "zk_id": "76",
    "log_date": "2025-10-18",
    "time_in": "06:07:53",
    "time_out": "15:07:14"
  },
  {
    "zk_id": "76",
    "log_date": "2025-10-19",
    "time_in": "06:00:27",
    "time_out": "15:09:26"
  },
  {
    "zk_id": "76",
    "log_date": "2025-10-20",
    "time_in": "05:52:33",
    "time_out": "15:12:25"
  },
  {
    "zk_id": "76",
    "log_date": "2025-10-21",
    "time_in": "05:52:06",
    "time_out": "15:14:31"
  },
  {
    "zk_id": "76",
    "log_date": "2025-10-22",
    "time_in": "04:54:56",
    "time_out": "15:15:01"
  },
  {
    "zk_id": "76",
    "log_date": "2025-10-23",
    "time_in": "06:07:18",
    "time_out": "15:22:35"
  },
  {
    "zk_id": "76",
    "log_date": "2025-10-24",
    "time_in": "06:34:37",
    "time_out": "14:09:33"
  },
  {
    "zk_id": "76",
    "log_date": "2025-10-28",
    "time_in": "15:09:21",
    "time_out": "15:09:21"
  },
  {
    "zk_id": "76",
    "log_date": "2025-10-29",
    "time_in": "05:02:19",
    "time_out": "15:21:52"
  },
  {
    "zk_id": "76",
    "log_date": "2025-10-30",
    "time_in": "06:13:43",
    "time_out": "15:07:24"
  },
  {
    "zk_id": "76",
    "log_date": "2025-10-31",
    "time_in": "05:43:10",
    "time_out": "15:20:14"
  },
  {
    "zk_id": "77",
    "log_date": "2025-10-01",
    "time_in": "06:04:52",
    "time_out": "22:00:18"
  },
  {
    "zk_id": "77",
    "log_date": "2025-10-02",
    "time_in": "06:03:02",
    "time_out": "22:00:25"
  },
  {
    "zk_id": "77",
    "log_date": "2025-10-03",
    "time_in": "06:05:24",
    "time_out": "22:02:06"
  },
  {
    "zk_id": "77",
    "log_date": "2025-10-04",
    "time_in": "22:00:42",
    "time_out": "22:00:42"
  },
  {
    "zk_id": "77",
    "log_date": "2025-10-05",
    "time_in": "06:03:30",
    "time_out": "06:03:30"
  },
  {
    "zk_id": "77",
    "log_date": "2025-10-06",
    "time_in": "06:04:26",
    "time_out": "06:04:26"
  },
  {
    "zk_id": "77",
    "log_date": "2025-10-07",
    "time_in": "00:02:43",
    "time_out": "22:01:49"
  },
  {
    "zk_id": "77",
    "log_date": "2025-10-08",
    "time_in": "06:07:27",
    "time_out": "22:07:35"
  },
  {
    "zk_id": "77",
    "log_date": "2025-10-09",
    "time_in": "06:01:17",
    "time_out": "18:00:14"
  },
  {
    "zk_id": "77",
    "log_date": "2025-10-10",
    "time_in": "06:03:34",
    "time_out": "06:03:34"
  },
  {
    "zk_id": "77",
    "log_date": "2025-10-11",
    "time_in": "02:00:33",
    "time_out": "22:19:30"
  },
  {
    "zk_id": "77",
    "log_date": "2025-10-12",
    "time_in": "06:05:19",
    "time_out": "22:00:19"
  },
  {
    "zk_id": "77",
    "log_date": "2025-10-13",
    "time_in": "06:06:18",
    "time_out": "22:01:11"
  },
  {
    "zk_id": "77",
    "log_date": "2025-10-14",
    "time_in": "06:03:11",
    "time_out": "22:00:12"
  },
  {
    "zk_id": "77",
    "log_date": "2025-10-15",
    "time_in": "06:00:48",
    "time_out": "22:00:15"
  },
  {
    "zk_id": "77",
    "log_date": "2025-10-16",
    "time_in": "06:00:11",
    "time_out": "18:00:53"
  },
  {
    "zk_id": "77",
    "log_date": "2025-10-17",
    "time_in": "06:01:05",
    "time_out": "15:06:37"
  },
  {
    "zk_id": "77",
    "log_date": "2025-10-18",
    "time_in": "06:02:09",
    "time_out": "06:02:09"
  },
  {
    "zk_id": "77",
    "log_date": "2025-10-20",
    "time_in": "06:03:47",
    "time_out": "22:00:11"
  },
  {
    "zk_id": "77",
    "log_date": "2025-10-21",
    "time_in": "06:03:54",
    "time_out": "23:02:41"
  },
  {
    "zk_id": "77",
    "log_date": "2025-10-22",
    "time_in": "04:47:26",
    "time_out": "22:00:13"
  },
  {
    "zk_id": "77",
    "log_date": "2025-10-23",
    "time_in": "06:05:13",
    "time_out": "20:01:07"
  },
  {
    "zk_id": "77",
    "log_date": "2025-10-24",
    "time_in": "06:02:29",
    "time_out": "22:01:13"
  },
  {
    "zk_id": "77",
    "log_date": "2025-10-25",
    "time_in": "06:01:43",
    "time_out": "06:01:43"
  },
  {
    "zk_id": "77",
    "log_date": "2025-10-28",
    "time_in": "22:52:14",
    "time_out": "23:00:38"
  },
  {
    "zk_id": "77",
    "log_date": "2025-10-29",
    "time_in": "05:03:57",
    "time_out": "18:00:17"
  },
  {
    "zk_id": "77",
    "log_date": "2025-10-30",
    "time_in": "22:00:06",
    "time_out": "22:00:06"
  },
  {
    "zk_id": "77",
    "log_date": "2025-10-31",
    "time_in": "06:02:35",
    "time_out": "22:11:51"
  },
  {
    "zk_id": "78",
    "log_date": "2025-10-01",
    "time_in": "05:57:00",
    "time_out": "22:03:41"
  },
  {
    "zk_id": "78",
    "log_date": "2025-10-02",
    "time_in": "05:43:11",
    "time_out": "22:01:18"
  },
  {
    "zk_id": "78",
    "log_date": "2025-10-03",
    "time_in": "05:46:36",
    "time_out": "22:04:03"
  },
  {
    "zk_id": "78",
    "log_date": "2025-10-04",
    "time_in": "05:45:20",
    "time_out": "05:45:20"
  },
  {
    "zk_id": "78",
    "log_date": "2025-10-05",
    "time_in": "00:02:44",
    "time_out": "05:57:01"
  },
  {
    "zk_id": "78",
    "log_date": "2025-10-06",
    "time_in": "05:56:30",
    "time_out": "05:56:30"
  },
  {
    "zk_id": "78",
    "log_date": "2025-10-07",
    "time_in": "00:04:46",
    "time_out": "05:55:12"
  },
  {
    "zk_id": "78",
    "log_date": "2025-10-08",
    "time_in": "06:01:05",
    "time_out": "22:05:43"
  },
  {
    "zk_id": "78",
    "log_date": "2025-10-09",
    "time_in": "05:51:02",
    "time_out": "15:04:31"
  },
  {
    "zk_id": "78",
    "log_date": "2025-10-10",
    "time_in": "05:59:14",
    "time_out": "18:03:36"
  },
  {
    "zk_id": "78",
    "log_date": "2025-10-11",
    "time_in": "06:02:01",
    "time_out": "20:04:07"
  },
  {
    "zk_id": "78",
    "log_date": "2025-10-12",
    "time_in": "05:44:05",
    "time_out": "22:02:11"
  },
  {
    "zk_id": "78",
    "log_date": "2025-10-13",
    "time_in": "05:44:07",
    "time_out": "22:01:38"
  },
  {
    "zk_id": "78",
    "log_date": "2025-10-14",
    "time_in": "05:46:26",
    "time_out": "22:01:10"
  },
  {
    "zk_id": "78",
    "log_date": "2025-10-15",
    "time_in": "05:55:15",
    "time_out": "22:01:46"
  },
  {
    "zk_id": "78",
    "log_date": "2025-10-16",
    "time_in": "05:45:04",
    "time_out": "22:01:28"
  },
  {
    "zk_id": "78",
    "log_date": "2025-10-17",
    "time_in": "05:56:09",
    "time_out": "15:33:42"
  },
  {
    "zk_id": "78",
    "log_date": "2025-10-18",
    "time_in": "05:56:52",
    "time_out": "15:01:37"
  },
  {
    "zk_id": "78",
    "log_date": "2025-10-20",
    "time_in": "05:54:02",
    "time_out": "19:01:20"
  },
  {
    "zk_id": "78",
    "log_date": "2025-10-21",
    "time_in": "05:53:42",
    "time_out": "19:03:58"
  },
  {
    "zk_id": "78",
    "log_date": "2025-10-22",
    "time_in": "04:58:26",
    "time_out": "18:02:50"
  },
  {
    "zk_id": "78",
    "log_date": "2025-10-23",
    "time_in": "06:00:22",
    "time_out": "19:07:00"
  },
  {
    "zk_id": "78",
    "log_date": "2025-10-24",
    "time_in": "05:57:46",
    "time_out": "15:05:25"
  },
  {
    "zk_id": "78",
    "log_date": "2025-10-25",
    "time_in": "05:58:21",
    "time_out": "15:04:36"
  },
  {
    "zk_id": "78",
    "log_date": "2025-10-28",
    "time_in": "23:00:28",
    "time_out": "23:00:28"
  },
  {
    "zk_id": "78",
    "log_date": "2025-10-29",
    "time_in": "04:56:46",
    "time_out": "17:00:34"
  },
  {
    "zk_id": "78",
    "log_date": "2025-10-30",
    "time_in": "05:54:19",
    "time_out": "15:10:16"
  },
  {
    "zk_id": "78",
    "log_date": "2025-10-31",
    "time_in": "05:55:17",
    "time_out": "15:04:50"
  },
  {
    "zk_id": "79",
    "log_date": "2025-10-01",
    "time_in": "05:52:44",
    "time_out": "22:03:22"
  },
  {
    "zk_id": "79",
    "log_date": "2025-10-02",
    "time_in": "05:42:56",
    "time_out": "22:00:56"
  },
  {
    "zk_id": "79",
    "log_date": "2025-10-03",
    "time_in": "05:46:04",
    "time_out": "22:00:52"
  },
  {
    "zk_id": "79",
    "log_date": "2025-10-05",
    "time_in": "05:37:15",
    "time_out": "05:37:15"
  },
  {
    "zk_id": "79",
    "log_date": "2025-10-06",
    "time_in": "05:40:24",
    "time_out": "05:40:24"
  },
  {
    "zk_id": "79",
    "log_date": "2025-10-07",
    "time_in": "00:04:13",
    "time_out": "05:40:06"
  },
  {
    "zk_id": "79",
    "log_date": "2025-10-08",
    "time_in": "05:53:32",
    "time_out": "22:07:38"
  },
  {
    "zk_id": "79",
    "log_date": "2025-10-09",
    "time_in": "05:57:07",
    "time_out": "15:05:46"
  },
  {
    "zk_id": "79",
    "log_date": "2025-10-10",
    "time_in": "05:38:44",
    "time_out": "18:04:03"
  },
  {
    "zk_id": "79",
    "log_date": "2025-10-11",
    "time_in": "05:50:20",
    "time_out": "20:03:39"
  },
  {
    "zk_id": "79",
    "log_date": "2025-10-13",
    "time_in": "05:53:50",
    "time_out": "22:01:43"
  },
  {
    "zk_id": "79",
    "log_date": "2025-10-14",
    "time_in": "05:44:20",
    "time_out": "22:02:00"
  },
  {
    "zk_id": "79",
    "log_date": "2025-10-15",
    "time_in": "05:35:30",
    "time_out": "22:01:38"
  },
  {
    "zk_id": "79",
    "log_date": "2025-10-16",
    "time_in": "05:39:37",
    "time_out": "22:00:37"
  },
  {
    "zk_id": "79",
    "log_date": "2025-10-17",
    "time_in": "05:49:57",
    "time_out": "15:02:02"
  },
  {
    "zk_id": "79",
    "log_date": "2025-10-19",
    "time_in": "05:41:33",
    "time_out": "15:07:29"
  },
  {
    "zk_id": "79",
    "log_date": "2025-10-20",
    "time_in": "05:51:27",
    "time_out": "19:00:11"
  },
  {
    "zk_id": "79",
    "log_date": "2025-10-21",
    "time_in": "05:39:09",
    "time_out": "19:03:29"
  },
  {
    "zk_id": "79",
    "log_date": "2025-10-22",
    "time_in": "04:47:37",
    "time_out": "18:02:15"
  },
  {
    "zk_id": "79",
    "log_date": "2025-10-23",
    "time_in": "05:40:13",
    "time_out": "19:07:31"
  },
  {
    "zk_id": "79",
    "log_date": "2025-10-24",
    "time_in": "05:38:05",
    "time_out": "15:04:45"
  },
  {
    "zk_id": "79",
    "log_date": "2025-10-25",
    "time_in": "05:45:36",
    "time_out": "15:04:00"
  },
  {
    "zk_id": "79",
    "log_date": "2025-10-29",
    "time_in": "04:52:23",
    "time_out": "17:00:36"
  },
  {
    "zk_id": "79",
    "log_date": "2025-10-30",
    "time_in": "05:46:45",
    "time_out": "15:10:11"
  },
  {
    "zk_id": "79",
    "log_date": "2025-10-31",
    "time_in": "05:46:39",
    "time_out": "15:05:02"
  },
  {
    "zk_id": "8",
    "log_date": "2025-10-01",
    "time_in": "19:44:27",
    "time_out": "19:44:27"
  },
  {
    "zk_id": "8",
    "log_date": "2025-10-02",
    "time_in": "08:16:06",
    "time_out": "08:16:06"
  },
  {
    "zk_id": "8",
    "log_date": "2025-10-08",
    "time_in": "19:46:11",
    "time_out": "19:46:11"
  },
  {
    "zk_id": "8",
    "log_date": "2025-10-09",
    "time_in": "08:17:47",
    "time_out": "19:43:03"
  },
  {
    "zk_id": "8",
    "log_date": "2025-10-10",
    "time_in": "08:16:20",
    "time_out": "19:51:12"
  },
  {
    "zk_id": "8",
    "log_date": "2025-10-11",
    "time_in": "08:15:58",
    "time_out": "08:15:58"
  },
  {
    "zk_id": "8",
    "log_date": "2025-10-13",
    "time_in": "07:47:48",
    "time_out": "17:15:39"
  },
  {
    "zk_id": "8",
    "log_date": "2025-10-14",
    "time_in": "07:46:37",
    "time_out": "20:15:19"
  },
  {
    "zk_id": "8",
    "log_date": "2025-10-15",
    "time_in": "07:49:24",
    "time_out": "20:25:12"
  },
  {
    "zk_id": "8",
    "log_date": "2025-10-16",
    "time_in": "19:48:43",
    "time_out": "19:48:43"
  },
  {
    "zk_id": "8",
    "log_date": "2025-10-17",
    "time_in": "08:15:44",
    "time_out": "19:41:54"
  },
  {
    "zk_id": "8",
    "log_date": "2025-10-18",
    "time_in": "08:16:55",
    "time_out": "08:16:55"
  },
  {
    "zk_id": "8",
    "log_date": "2025-10-20",
    "time_in": "08:00:17",
    "time_out": "17:15:32"
  },
  {
    "zk_id": "8",
    "log_date": "2025-10-21",
    "time_in": "07:48:47",
    "time_out": "17:15:39"
  },
  {
    "zk_id": "8",
    "log_date": "2025-10-22",
    "time_in": "07:46:54",
    "time_out": "20:14:44"
  },
  {
    "zk_id": "8",
    "log_date": "2025-10-23",
    "time_in": "07:53:15",
    "time_out": "20:14:20"
  },
  {
    "zk_id": "8",
    "log_date": "2025-10-24",
    "time_in": "20:14:57",
    "time_out": "20:14:57"
  },
  {
    "zk_id": "8",
    "log_date": "2025-10-25",
    "time_in": "07:54:44",
    "time_out": "07:54:44"
  },
  {
    "zk_id": "8",
    "log_date": "2025-10-30",
    "time_in": "07:39:10",
    "time_out": "20:15:27"
  },
  {
    "zk_id": "8",
    "log_date": "2025-10-31",
    "time_in": "07:43:41",
    "time_out": "20:13:02"
  },
  {
    "zk_id": "80",
    "log_date": "2025-10-02",
    "time_in": "05:58:58",
    "time_out": "22:00:35"
  },
  {
    "zk_id": "80",
    "log_date": "2025-10-03",
    "time_in": "07:27:59",
    "time_out": "22:00:08"
  },
  {
    "zk_id": "80",
    "log_date": "2025-10-04",
    "time_in": "05:56:47",
    "time_out": "05:56:47"
  },
  {
    "zk_id": "80",
    "log_date": "2025-10-05",
    "time_in": "00:00:17",
    "time_out": "18:06:26"
  },
  {
    "zk_id": "80",
    "log_date": "2025-10-07",
    "time_in": "00:04:09",
    "time_out": "06:21:04"
  },
  {
    "zk_id": "80",
    "log_date": "2025-10-08",
    "time_in": "06:07:58",
    "time_out": "22:05:39"
  },
  {
    "zk_id": "80",
    "log_date": "2025-10-10",
    "time_in": "18:01:37",
    "time_out": "18:01:37"
  },
  {
    "zk_id": "80",
    "log_date": "2025-10-11",
    "time_in": "06:56:06",
    "time_out": "20:04:27"
  },
  {
    "zk_id": "80",
    "log_date": "2025-10-12",
    "time_in": "05:50:24",
    "time_out": "22:00:52"
  },
  {
    "zk_id": "80",
    "log_date": "2025-10-13",
    "time_in": "06:03:36",
    "time_out": "22:01:01"
  },
  {
    "zk_id": "80",
    "log_date": "2025-10-14",
    "time_in": "05:53:39",
    "time_out": "22:01:19"
  },
  {
    "zk_id": "80",
    "log_date": "2025-10-15",
    "time_in": "05:58:45",
    "time_out": "22:00:50"
  },
  {
    "zk_id": "80",
    "log_date": "2025-10-16",
    "time_in": "05:55:26",
    "time_out": "22:02:28"
  },
  {
    "zk_id": "80",
    "log_date": "2025-10-18",
    "time_in": "05:56:28",
    "time_out": "15:00:55"
  },
  {
    "zk_id": "80",
    "log_date": "2025-10-20",
    "time_in": "06:00:40",
    "time_out": "19:00:03"
  },
  {
    "zk_id": "80",
    "log_date": "2025-10-21",
    "time_in": "05:53:23",
    "time_out": "19:04:11"
  },
  {
    "zk_id": "80",
    "log_date": "2025-10-22",
    "time_in": "06:01:33",
    "time_out": "18:02:53"
  },
  {
    "zk_id": "80",
    "log_date": "2025-10-23",
    "time_in": "05:49:37",
    "time_out": "19:08:15"
  },
  {
    "zk_id": "80",
    "log_date": "2025-10-24",
    "time_in": "05:51:00",
    "time_out": "15:04:50"
  },
  {
    "zk_id": "80",
    "log_date": "2025-10-25",
    "time_in": "06:16:58",
    "time_out": "15:04:12"
  },
  {
    "zk_id": "80",
    "log_date": "2025-10-28",
    "time_in": "23:00:12",
    "time_out": "23:00:12"
  },
  {
    "zk_id": "80",
    "log_date": "2025-10-29",
    "time_in": "04:53:58",
    "time_out": "17:00:11"
  },
  {
    "zk_id": "80",
    "log_date": "2025-10-30",
    "time_in": "05:52:29",
    "time_out": "15:03:36"
  },
  {
    "zk_id": "80",
    "log_date": "2025-10-31",
    "time_in": "05:48:21",
    "time_out": "15:04:39"
  },
  {
    "zk_id": "81",
    "log_date": "2025-10-01",
    "time_in": "05:48:24",
    "time_out": "18:08:23"
  },
  {
    "zk_id": "81",
    "log_date": "2025-10-02",
    "time_in": "05:53:40",
    "time_out": "15:02:59"
  },
  {
    "zk_id": "81",
    "log_date": "2025-10-06",
    "time_in": "05:50:06",
    "time_out": "18:03:35"
  },
  {
    "zk_id": "81",
    "log_date": "2025-10-07",
    "time_in": "05:57:10",
    "time_out": "16:03:47"
  },
  {
    "zk_id": "81",
    "log_date": "2025-10-08",
    "time_in": "06:07:34",
    "time_out": "15:05:10"
  },
  {
    "zk_id": "81",
    "log_date": "2025-10-09",
    "time_in": "05:49:04",
    "time_out": "18:00:34"
  },
  {
    "zk_id": "81",
    "log_date": "2025-10-10",
    "time_in": "05:57:30",
    "time_out": "05:57:30"
  },
  {
    "zk_id": "81",
    "log_date": "2025-10-12",
    "time_in": "05:59:14",
    "time_out": "15:02:03"
  },
  {
    "zk_id": "81",
    "log_date": "2025-10-13",
    "time_in": "05:51:20",
    "time_out": "18:03:24"
  },
  {
    "zk_id": "81",
    "log_date": "2025-10-14",
    "time_in": "05:58:34",
    "time_out": "18:00:41"
  },
  {
    "zk_id": "81",
    "log_date": "2025-10-15",
    "time_in": "06:01:21",
    "time_out": "18:00:28"
  },
  {
    "zk_id": "81",
    "log_date": "2025-10-16",
    "time_in": "06:00:07",
    "time_out": "18:13:09"
  },
  {
    "zk_id": "81",
    "log_date": "2025-10-17",
    "time_in": "05:55:14",
    "time_out": "15:02:23"
  },
  {
    "zk_id": "81",
    "log_date": "2025-10-20",
    "time_in": "05:50:23",
    "time_out": "05:50:23"
  },
  {
    "zk_id": "81",
    "log_date": "2025-10-21",
    "time_in": "05:57:35",
    "time_out": "05:57:35"
  },
  {
    "zk_id": "81",
    "log_date": "2025-10-22",
    "time_in": "05:43:33",
    "time_out": "18:02:43"
  },
  {
    "zk_id": "81",
    "log_date": "2025-10-23",
    "time_in": "05:48:25",
    "time_out": "18:16:43"
  },
  {
    "zk_id": "81",
    "log_date": "2025-10-24",
    "time_in": "06:31:35",
    "time_out": "10:35:30"
  },
  {
    "zk_id": "81",
    "log_date": "2025-10-29",
    "time_in": "17:00:19",
    "time_out": "17:00:19"
  },
  {
    "zk_id": "81",
    "log_date": "2025-10-30",
    "time_in": "05:57:27",
    "time_out": "15:09:54"
  },
  {
    "zk_id": "81",
    "log_date": "2025-10-31",
    "time_in": "06:06:16",
    "time_out": "15:03:21"
  },
  {
    "zk_id": "82",
    "log_date": "2025-10-01",
    "time_in": "06:05:59",
    "time_out": "22:03:13"
  },
  {
    "zk_id": "82",
    "log_date": "2025-10-02",
    "time_in": "06:10:02",
    "time_out": "22:00:59"
  },
  {
    "zk_id": "82",
    "log_date": "2025-10-03",
    "time_in": "06:05:50",
    "time_out": "22:02:26"
  },
  {
    "zk_id": "82",
    "log_date": "2025-10-04",
    "time_in": "06:55:03",
    "time_out": "22:00:37"
  },
  {
    "zk_id": "82",
    "log_date": "2025-10-05",
    "time_in": "06:09:44",
    "time_out": "06:09:44"
  },
  {
    "zk_id": "82",
    "log_date": "2025-10-06",
    "time_in": "07:07:53",
    "time_out": "07:07:53"
  },
  {
    "zk_id": "82",
    "log_date": "2025-10-07",
    "time_in": "00:03:20",
    "time_out": "20:05:14"
  },
  {
    "zk_id": "82",
    "log_date": "2025-10-08",
    "time_in": "06:04:44",
    "time_out": "22:02:11"
  },
  {
    "zk_id": "82",
    "log_date": "2025-10-09",
    "time_in": "06:04:55",
    "time_out": "15:37:33"
  },
  {
    "zk_id": "82",
    "log_date": "2025-10-10",
    "time_in": "06:04:46",
    "time_out": "06:04:46"
  },
  {
    "zk_id": "82",
    "log_date": "2025-10-11",
    "time_in": "02:01:20",
    "time_out": "12:01:32"
  },
  {
    "zk_id": "82",
    "log_date": "2025-10-12",
    "time_in": "06:18:46",
    "time_out": "15:09:52"
  },
  {
    "zk_id": "82",
    "log_date": "2025-10-13",
    "time_in": "06:04:35",
    "time_out": "22:01:22"
  },
  {
    "zk_id": "82",
    "log_date": "2025-10-14",
    "time_in": "06:06:41",
    "time_out": "22:01:24"
  },
  {
    "zk_id": "82",
    "log_date": "2025-10-15",
    "time_in": "06:06:44",
    "time_out": "22:01:20"
  },
  {
    "zk_id": "82",
    "log_date": "2025-10-16",
    "time_in": "06:02:46",
    "time_out": "18:27:28"
  },
  {
    "zk_id": "82",
    "log_date": "2025-10-17",
    "time_in": "06:01:47",
    "time_out": "15:01:31"
  },
  {
    "zk_id": "82",
    "log_date": "2025-10-19",
    "time_in": "12:11:16",
    "time_out": "16:18:39"
  },
  {
    "zk_id": "82",
    "log_date": "2025-10-20",
    "time_in": "06:08:10",
    "time_out": "18:01:50"
  },
  {
    "zk_id": "82",
    "log_date": "2025-10-21",
    "time_in": "06:04:06",
    "time_out": "15:06:30"
  },
  {
    "zk_id": "82",
    "log_date": "2025-10-22",
    "time_in": "06:15:14",
    "time_out": "18:02:07"
  },
  {
    "zk_id": "82",
    "log_date": "2025-10-23",
    "time_in": "06:08:06",
    "time_out": "15:16:14"
  },
  {
    "zk_id": "82",
    "log_date": "2025-10-24",
    "time_in": "06:03:27",
    "time_out": "15:51:07"
  },
  {
    "zk_id": "82",
    "log_date": "2025-10-30",
    "time_in": "06:10:36",
    "time_out": "22:00:57"
  },
  {
    "zk_id": "82",
    "log_date": "2025-10-31",
    "time_in": "07:03:22",
    "time_out": "22:01:01"
  },
  {
    "zk_id": "83",
    "log_date": "2025-10-01",
    "time_in": "05:57:56",
    "time_out": "22:03:36"
  },
  {
    "zk_id": "83",
    "log_date": "2025-10-02",
    "time_in": "05:56:41",
    "time_out": "22:03:35"
  },
  {
    "zk_id": "83",
    "log_date": "2025-10-03",
    "time_in": "06:02:09",
    "time_out": "22:03:43"
  },
  {
    "zk_id": "83",
    "log_date": "2025-10-04",
    "time_in": "05:59:13",
    "time_out": "22:00:35"
  },
  {
    "zk_id": "83",
    "log_date": "2025-10-05",
    "time_in": "06:49:26",
    "time_out": "06:49:26"
  },
  {
    "zk_id": "83",
    "log_date": "2025-10-06",
    "time_in": "06:04:18",
    "time_out": "06:04:18"
  },
  {
    "zk_id": "83",
    "log_date": "2025-10-07",
    "time_in": "00:02:48",
    "time_out": "20:05:25"
  },
  {
    "zk_id": "83",
    "log_date": "2025-10-08",
    "time_in": "06:20:10",
    "time_out": "22:05:34"
  },
  {
    "zk_id": "83",
    "log_date": "2025-10-09",
    "time_in": "06:16:40",
    "time_out": "15:14:18"
  },
  {
    "zk_id": "83",
    "log_date": "2025-10-10",
    "time_in": "06:02:02",
    "time_out": "06:02:02"
  },
  {
    "zk_id": "83",
    "log_date": "2025-10-11",
    "time_in": "02:04:04",
    "time_out": "22:19:40"
  },
  {
    "zk_id": "83",
    "log_date": "2025-10-13",
    "time_in": "06:09:18",
    "time_out": "22:04:15"
  },
  {
    "zk_id": "83",
    "log_date": "2025-10-14",
    "time_in": "05:49:59",
    "time_out": "22:01:44"
  },
  {
    "zk_id": "83",
    "log_date": "2025-10-15",
    "time_in": "06:02:11",
    "time_out": "22:00:29"
  },
  {
    "zk_id": "83",
    "log_date": "2025-10-16",
    "time_in": "06:13:42",
    "time_out": "18:01:30"
  },
  {
    "zk_id": "83",
    "log_date": "2025-10-17",
    "time_in": "06:07:13",
    "time_out": "15:01:38"
  },
  {
    "zk_id": "83",
    "log_date": "2025-10-18",
    "time_in": "06:01:40",
    "time_out": "06:01:40"
  },
  {
    "zk_id": "83",
    "log_date": "2025-10-20",
    "time_in": "05:51:36",
    "time_out": "18:04:06"
  },
  {
    "zk_id": "83",
    "log_date": "2025-10-21",
    "time_in": "05:56:02",
    "time_out": "15:01:28"
  },
  {
    "zk_id": "83",
    "log_date": "2025-10-22",
    "time_in": "06:12:46",
    "time_out": "15:08:50"
  },
  {
    "zk_id": "83",
    "log_date": "2025-10-23",
    "time_in": "06:03:15",
    "time_out": "15:03:47"
  },
  {
    "zk_id": "83",
    "log_date": "2025-10-24",
    "time_in": "15:02:00",
    "time_out": "15:02:00"
  },
  {
    "zk_id": "83",
    "log_date": "2025-10-25",
    "time_in": "05:58:39",
    "time_out": "15:25:22"
  },
  {
    "zk_id": "83",
    "log_date": "2025-10-29",
    "time_in": "15:24:31",
    "time_out": "15:24:31"
  },
  {
    "zk_id": "83",
    "log_date": "2025-10-30",
    "time_in": "05:53:39",
    "time_out": "22:02:06"
  },
  {
    "zk_id": "83",
    "log_date": "2025-10-31",
    "time_in": "06:12:29",
    "time_out": "22:02:55"
  },
  {
    "zk_id": "84",
    "log_date": "2025-10-01",
    "time_in": "08:34:19",
    "time_out": "22:04:54"
  },
  {
    "zk_id": "84",
    "log_date": "2025-10-02",
    "time_in": "08:12:25",
    "time_out": "08:12:25"
  },
  {
    "zk_id": "84",
    "log_date": "2025-10-03",
    "time_in": "08:19:12",
    "time_out": "08:19:12"
  },
  {
    "zk_id": "84",
    "log_date": "2025-10-04",
    "time_in": "00:05:22",
    "time_out": "22:18:04"
  },
  {
    "zk_id": "84",
    "log_date": "2025-10-05",
    "time_in": "07:44:19",
    "time_out": "07:44:19"
  },
  {
    "zk_id": "84",
    "log_date": "2025-10-06",
    "time_in": "06:28:27",
    "time_out": "22:03:33"
  },
  {
    "zk_id": "84",
    "log_date": "2025-10-07",
    "time_in": "07:58:48",
    "time_out": "07:58:48"
  },
  {
    "zk_id": "84",
    "log_date": "2025-10-08",
    "time_in": "00:07:03",
    "time_out": "17:02:47"
  },
  {
    "zk_id": "84",
    "log_date": "2025-10-09",
    "time_in": "07:16:37",
    "time_out": "17:05:34"
  },
  {
    "zk_id": "84",
    "log_date": "2025-10-10",
    "time_in": "07:51:59",
    "time_out": "07:51:59"
  },
  {
    "zk_id": "84",
    "log_date": "2025-10-20",
    "time_in": "07:57:02",
    "time_out": "17:01:23"
  },
  {
    "zk_id": "84",
    "log_date": "2025-10-24",
    "time_in": "07:46:24",
    "time_out": "07:46:24"
  },
  {
    "zk_id": "84",
    "log_date": "2025-10-25",
    "time_in": "08:01:23",
    "time_out": "08:01:23"
  },
  {
    "zk_id": "84",
    "log_date": "2025-10-29",
    "time_in": "06:14:27",
    "time_out": "06:14:27"
  },
  {
    "zk_id": "84",
    "log_date": "2025-10-30",
    "time_in": "06:07:02",
    "time_out": "15:08:03"
  },
  {
    "zk_id": "84",
    "log_date": "2025-10-31",
    "time_in": "06:35:09",
    "time_out": "15:06:08"
  },
  {
    "zk_id": "85",
    "log_date": "2025-10-01",
    "time_in": "06:00:22",
    "time_out": "22:03:52"
  },
  {
    "zk_id": "85",
    "log_date": "2025-10-02",
    "time_in": "06:04:53",
    "time_out": "22:03:31"
  },
  {
    "zk_id": "85",
    "log_date": "2025-10-03",
    "time_in": "06:01:19",
    "time_out": "22:00:54"
  },
  {
    "zk_id": "85",
    "log_date": "2025-10-04",
    "time_in": "05:58:45",
    "time_out": "22:00:46"
  },
  {
    "zk_id": "85",
    "log_date": "2025-10-05",
    "time_in": "06:00:56",
    "time_out": "19:01:22"
  },
  {
    "zk_id": "85",
    "log_date": "2025-10-06",
    "time_in": "05:56:08",
    "time_out": "05:56:08"
  },
  {
    "zk_id": "85",
    "log_date": "2025-10-07",
    "time_in": "00:02:54",
    "time_out": "05:57:12"
  },
  {
    "zk_id": "85",
    "log_date": "2025-10-08",
    "time_in": "00:01:20",
    "time_out": "22:07:07"
  },
  {
    "zk_id": "85",
    "log_date": "2025-10-09",
    "time_in": "05:55:24",
    "time_out": "15:03:22"
  },
  {
    "zk_id": "85",
    "log_date": "2025-10-11",
    "time_in": "06:04:01",
    "time_out": "22:01:06"
  },
  {
    "zk_id": "85",
    "log_date": "2025-10-13",
    "time_in": "05:58:47",
    "time_out": "22:04:28"
  },
  {
    "zk_id": "85",
    "log_date": "2025-10-14",
    "time_in": "06:02:09",
    "time_out": "15:01:20"
  },
  {
    "zk_id": "85",
    "log_date": "2025-10-15",
    "time_in": "06:01:26",
    "time_out": "15:03:16"
  },
  {
    "zk_id": "85",
    "log_date": "2025-10-16",
    "time_in": "05:45:02",
    "time_out": "22:00:24"
  },
  {
    "zk_id": "85",
    "log_date": "2025-10-17",
    "time_in": "06:19:56",
    "time_out": "15:03:32"
  },
  {
    "zk_id": "85",
    "log_date": "2025-10-18",
    "time_in": "05:58:10",
    "time_out": "15:01:24"
  },
  {
    "zk_id": "85",
    "log_date": "2025-10-20",
    "time_in": "05:59:41",
    "time_out": "15:05:45"
  },
  {
    "zk_id": "85",
    "log_date": "2025-10-21",
    "time_in": "05:55:53",
    "time_out": "05:55:53"
  },
  {
    "zk_id": "85",
    "log_date": "2025-10-22",
    "time_in": "05:57:23",
    "time_out": "15:04:59"
  },
  {
    "zk_id": "85",
    "log_date": "2025-10-23",
    "time_in": "05:59:28",
    "time_out": "15:04:27"
  },
  {
    "zk_id": "85",
    "log_date": "2025-10-24",
    "time_in": "06:00:40",
    "time_out": "16:02:38"
  },
  {
    "zk_id": "85",
    "log_date": "2025-10-25",
    "time_in": "05:33:36",
    "time_out": "15:07:06"
  },
  {
    "zk_id": "85",
    "log_date": "2025-10-28",
    "time_in": "22:59:34",
    "time_out": "22:59:34"
  },
  {
    "zk_id": "85",
    "log_date": "2025-10-29",
    "time_in": "06:00:12",
    "time_out": "15:35:50"
  },
  {
    "zk_id": "85",
    "log_date": "2025-10-30",
    "time_in": "05:59:24",
    "time_out": "20:01:34"
  },
  {
    "zk_id": "85",
    "log_date": "2025-10-31",
    "time_in": "20:01:33",
    "time_out": "20:01:33"
  },
  {
    "zk_id": "86",
    "log_date": "2025-10-01",
    "time_in": "22:03:54",
    "time_out": "22:03:54"
  },
  {
    "zk_id": "86",
    "log_date": "2025-10-02",
    "time_in": "05:21:34",
    "time_out": "22:04:16"
  },
  {
    "zk_id": "86",
    "log_date": "2025-10-03",
    "time_in": "05:37:38",
    "time_out": "22:04:47"
  },
  {
    "zk_id": "86",
    "log_date": "2025-10-04",
    "time_in": "05:43:53",
    "time_out": "22:00:32"
  },
  {
    "zk_id": "86",
    "log_date": "2025-10-05",
    "time_in": "05:56:49",
    "time_out": "05:56:49"
  },
  {
    "zk_id": "86",
    "log_date": "2025-10-06",
    "time_in": "05:52:52",
    "time_out": "05:52:52"
  },
  {
    "zk_id": "86",
    "log_date": "2025-10-07",
    "time_in": "00:00:21",
    "time_out": "20:08:50"
  },
  {
    "zk_id": "86",
    "log_date": "2025-10-08",
    "time_in": "05:47:41",
    "time_out": "22:08:09"
  },
  {
    "zk_id": "86",
    "log_date": "2025-10-09",
    "time_in": "05:56:07",
    "time_out": "18:03:39"
  },
  {
    "zk_id": "86",
    "log_date": "2025-10-10",
    "time_in": "06:51:54",
    "time_out": "06:51:54"
  },
  {
    "zk_id": "86",
    "log_date": "2025-10-11",
    "time_in": "02:02:06",
    "time_out": "05:36:09"
  },
  {
    "zk_id": "86",
    "log_date": "2025-10-13",
    "time_in": "22:02:26",
    "time_out": "22:02:26"
  },
  {
    "zk_id": "86",
    "log_date": "2025-10-14",
    "time_in": "05:44:01",
    "time_out": "05:44:01"
  },
  {
    "zk_id": "86",
    "log_date": "2025-10-15",
    "time_in": "05:41:34",
    "time_out": "22:01:30"
  },
  {
    "zk_id": "86",
    "log_date": "2025-10-16",
    "time_in": "05:44:02",
    "time_out": "15:08:40"
  },
  {
    "zk_id": "86",
    "log_date": "2025-10-17",
    "time_in": "05:56:49",
    "time_out": "15:43:49"
  },
  {
    "zk_id": "86",
    "log_date": "2025-10-18",
    "time_in": "05:41:46",
    "time_out": "15:04:36"
  },
  {
    "zk_id": "86",
    "log_date": "2025-10-19",
    "time_in": "22:00:13",
    "time_out": "22:00:13"
  },
  {
    "zk_id": "86",
    "log_date": "2025-10-20",
    "time_in": "05:53:50",
    "time_out": "22:00:24"
  },
  {
    "zk_id": "86",
    "log_date": "2025-10-21",
    "time_in": "05:46:01",
    "time_out": "23:01:28"
  },
  {
    "zk_id": "86",
    "log_date": "2025-10-22",
    "time_in": "04:45:10",
    "time_out": "22:00:21"
  },
  {
    "zk_id": "86",
    "log_date": "2025-10-23",
    "time_in": "05:40:05",
    "time_out": "20:01:57"
  },
  {
    "zk_id": "86",
    "log_date": "2025-10-24",
    "time_in": "06:13:03",
    "time_out": "06:13:03"
  },
  {
    "zk_id": "86",
    "log_date": "2025-10-25",
    "time_in": "05:54:04",
    "time_out": "12:06:21"
  },
  {
    "zk_id": "86",
    "log_date": "2025-10-29",
    "time_in": "18:00:12",
    "time_out": "18:00:12"
  },
  {
    "zk_id": "86",
    "log_date": "2025-10-30",
    "time_in": "22:01:55",
    "time_out": "22:01:55"
  },
  {
    "zk_id": "86",
    "log_date": "2025-10-31",
    "time_in": "05:43:01",
    "time_out": "22:01:33"
  },
  {
    "zk_id": "88",
    "log_date": "2025-10-01",
    "time_in": "07:35:36",
    "time_out": "16:38:37"
  },
  {
    "zk_id": "88",
    "log_date": "2025-10-03",
    "time_in": "07:52:17",
    "time_out": "19:51:40"
  },
  {
    "zk_id": "88",
    "log_date": "2025-10-04",
    "time_in": "06:21:29",
    "time_out": "06:23:26"
  },
  {
    "zk_id": "88",
    "log_date": "2025-10-05",
    "time_in": "06:03:22",
    "time_out": "06:10:48"
  },
  {
    "zk_id": "88",
    "log_date": "2025-10-06",
    "time_in": "06:07:23",
    "time_out": "16:33:08"
  },
  {
    "zk_id": "88",
    "log_date": "2025-10-07",
    "time_in": "07:50:36",
    "time_out": "07:50:36"
  },
  {
    "zk_id": "88",
    "log_date": "2025-10-08",
    "time_in": "06:02:03",
    "time_out": "16:46:52"
  },
  {
    "zk_id": "88",
    "log_date": "2025-10-09",
    "time_in": "07:30:33",
    "time_out": "20:30:09"
  },
  {
    "zk_id": "88",
    "log_date": "2025-10-10",
    "time_in": "07:43:33",
    "time_out": "17:00:00"
  },
  {
    "zk_id": "88",
    "log_date": "2025-10-14",
    "time_in": "07:45:24",
    "time_out": "16:35:18"
  },
  {
    "zk_id": "88",
    "log_date": "2025-10-15",
    "time_in": "07:55:02",
    "time_out": "23:31:11"
  },
  {
    "zk_id": "88",
    "log_date": "2025-10-16",
    "time_in": "12:06:02",
    "time_out": "16:49:03"
  },
  {
    "zk_id": "88",
    "log_date": "2025-10-17",
    "time_in": "07:16:05",
    "time_out": "16:31:40"
  },
  {
    "zk_id": "88",
    "log_date": "2025-10-18",
    "time_in": "07:46:24",
    "time_out": "07:46:24"
  },
  {
    "zk_id": "88",
    "log_date": "2025-10-20",
    "time_in": "07:26:46",
    "time_out": "20:32:09"
  },
  {
    "zk_id": "88",
    "log_date": "2025-10-21",
    "time_in": "07:38:05",
    "time_out": "22:30:18"
  },
  {
    "zk_id": "88",
    "log_date": "2025-10-22",
    "time_in": "07:43:38",
    "time_out": "07:43:38"
  },
  {
    "zk_id": "88",
    "log_date": "2025-10-23",
    "time_in": "06:00:17",
    "time_out": "06:07:07"
  },
  {
    "zk_id": "88",
    "log_date": "2025-10-24",
    "time_in": "06:05:30",
    "time_out": "06:11:23"
  },
  {
    "zk_id": "88",
    "log_date": "2025-10-25",
    "time_in": "07:42:15",
    "time_out": "07:51:41"
  },
  {
    "zk_id": "88",
    "log_date": "2025-10-29",
    "time_in": "16:31:38",
    "time_out": "16:31:38"
  },
  {
    "zk_id": "88",
    "log_date": "2025-10-30",
    "time_in": "06:36:22",
    "time_out": "20:12:39"
  },
  {
    "zk_id": "88",
    "log_date": "2025-10-31",
    "time_in": "07:22:39",
    "time_out": "07:22:39"
  },
  {
    "zk_id": "89",
    "log_date": "2025-10-01",
    "time_in": "10:26:54",
    "time_out": "15:07:40"
  },
  {
    "zk_id": "89",
    "log_date": "2025-10-02",
    "time_in": "06:25:56",
    "time_out": "20:04:17"
  },
  {
    "zk_id": "89",
    "log_date": "2025-10-03",
    "time_in": "06:00:20",
    "time_out": "22:02:03"
  },
  {
    "zk_id": "89",
    "log_date": "2025-10-04",
    "time_in": "06:02:38",
    "time_out": "22:03:36"
  },
  {
    "zk_id": "89",
    "log_date": "2025-10-05",
    "time_in": "06:16:30",
    "time_out": "15:03:48"
  },
  {
    "zk_id": "89",
    "log_date": "2025-10-06",
    "time_in": "06:11:02",
    "time_out": "22:02:02"
  },
  {
    "zk_id": "89",
    "log_date": "2025-10-07",
    "time_in": "06:25:34",
    "time_out": "22:08:41"
  },
  {
    "zk_id": "89",
    "log_date": "2025-10-08",
    "time_in": "06:22:07",
    "time_out": "06:22:07"
  },
  {
    "zk_id": "89",
    "log_date": "2025-10-10",
    "time_in": "06:06:40",
    "time_out": "15:05:29"
  },
  {
    "zk_id": "89",
    "log_date": "2025-10-11",
    "time_in": "06:11:21",
    "time_out": "15:04:30"
  },
  {
    "zk_id": "89",
    "log_date": "2025-10-13",
    "time_in": "06:20:47",
    "time_out": "15:07:07"
  },
  {
    "zk_id": "89",
    "log_date": "2025-10-14",
    "time_in": "06:05:49",
    "time_out": "15:08:03"
  },
  {
    "zk_id": "89",
    "log_date": "2025-10-15",
    "time_in": "06:05:36",
    "time_out": "15:05:46"
  },
  {
    "zk_id": "89",
    "log_date": "2025-10-16",
    "time_in": "06:00:52",
    "time_out": "15:11:34"
  },
  {
    "zk_id": "89",
    "log_date": "2025-10-17",
    "time_in": "06:03:41",
    "time_out": "15:07:32"
  },
  {
    "zk_id": "89",
    "log_date": "2025-10-18",
    "time_in": "06:22:52",
    "time_out": "15:04:42"
  },
  {
    "zk_id": "89",
    "log_date": "2025-10-20",
    "time_in": "06:15:50",
    "time_out": "15:08:18"
  },
  {
    "zk_id": "89",
    "log_date": "2025-10-21",
    "time_in": "05:59:55",
    "time_out": "15:06:19"
  },
  {
    "zk_id": "89",
    "log_date": "2025-10-22",
    "time_in": "06:02:17",
    "time_out": "15:06:30"
  },
  {
    "zk_id": "89",
    "log_date": "2025-10-23",
    "time_in": "06:06:22",
    "time_out": "15:08:12"
  },
  {
    "zk_id": "89",
    "log_date": "2025-10-24",
    "time_in": "05:59:51",
    "time_out": "15:18:30"
  },
  {
    "zk_id": "89",
    "log_date": "2025-10-25",
    "time_in": "06:12:10",
    "time_out": "15:04:51"
  },
  {
    "zk_id": "89",
    "log_date": "2025-10-28",
    "time_in": "15:11:01",
    "time_out": "15:11:01"
  },
  {
    "zk_id": "89",
    "log_date": "2025-10-29",
    "time_in": "06:01:58",
    "time_out": "15:35:52"
  },
  {
    "zk_id": "89",
    "log_date": "2025-10-30",
    "time_in": "06:01:57",
    "time_out": "15:06:15"
  },
  {
    "zk_id": "89",
    "log_date": "2025-10-31",
    "time_in": "05:57:07",
    "time_out": "15:03:07"
  },
  {
    "zk_id": "90",
    "log_date": "2025-10-24",
    "time_in": "10:19:43",
    "time_out": "19:02:39"
  },
  {
    "zk_id": "90",
    "log_date": "2025-10-31",
    "time_in": "05:58:44",
    "time_out": "05:58:44"
  },
  {
    "zk_id": "91",
    "log_date": "2025-10-01",
    "time_in": "05:48:21",
    "time_out": "18:12:45"
  },
  {
    "zk_id": "91",
    "log_date": "2025-10-02",
    "time_in": "05:57:29",
    "time_out": "22:03:54"
  },
  {
    "zk_id": "91",
    "log_date": "2025-10-03",
    "time_in": "05:53:01",
    "time_out": "22:00:28"
  },
  {
    "zk_id": "91",
    "log_date": "2025-10-04",
    "time_in": "05:45:40",
    "time_out": "17:03:42"
  },
  {
    "zk_id": "91",
    "log_date": "2025-10-05",
    "time_in": "11:47:51",
    "time_out": "19:07:13"
  },
  {
    "zk_id": "91",
    "log_date": "2025-10-06",
    "time_in": "06:04:41",
    "time_out": "19:02:57"
  },
  {
    "zk_id": "91",
    "log_date": "2025-10-07",
    "time_in": "05:57:18",
    "time_out": "05:57:18"
  },
  {
    "zk_id": "91",
    "log_date": "2025-10-08",
    "time_in": "00:01:37",
    "time_out": "16:11:08"
  },
  {
    "zk_id": "91",
    "log_date": "2025-10-09",
    "time_in": "05:55:02",
    "time_out": "15:04:03"
  },
  {
    "zk_id": "91",
    "log_date": "2025-10-10",
    "time_in": "06:00:17",
    "time_out": "06:00:17"
  },
  {
    "zk_id": "91",
    "log_date": "2025-10-11",
    "time_in": "02:04:10",
    "time_out": "16:00:56"
  },
  {
    "zk_id": "91",
    "log_date": "2025-10-12",
    "time_in": "07:42:39",
    "time_out": "22:03:52"
  },
  {
    "zk_id": "91",
    "log_date": "2025-10-13",
    "time_in": "06:07:08",
    "time_out": "16:12:09"
  },
  {
    "zk_id": "91",
    "log_date": "2025-10-14",
    "time_in": "05:56:18",
    "time_out": "22:02:03"
  },
  {
    "zk_id": "91",
    "log_date": "2025-10-15",
    "time_in": "05:58:58",
    "time_out": "18:01:08"
  },
  {
    "zk_id": "91",
    "log_date": "2025-10-16",
    "time_in": "06:02:58",
    "time_out": "18:01:33"
  },
  {
    "zk_id": "91",
    "log_date": "2025-10-17",
    "time_in": "05:56:11",
    "time_out": "19:01:56"
  },
  {
    "zk_id": "91",
    "log_date": "2025-10-18",
    "time_in": "05:56:16",
    "time_out": "15:01:52"
  },
  {
    "zk_id": "91",
    "log_date": "2025-10-20",
    "time_in": "05:57:42",
    "time_out": "15:05:41"
  },
  {
    "zk_id": "91",
    "log_date": "2025-10-21",
    "time_in": "05:54:29",
    "time_out": "15:05:05"
  },
  {
    "zk_id": "91",
    "log_date": "2025-10-22",
    "time_in": "04:36:43",
    "time_out": "15:02:24"
  },
  {
    "zk_id": "91",
    "log_date": "2025-10-23",
    "time_in": "05:52:51",
    "time_out": "15:04:53"
  },
  {
    "zk_id": "91",
    "log_date": "2025-10-24",
    "time_in": "05:37:46",
    "time_out": "15:14:05"
  },
  {
    "zk_id": "91",
    "log_date": "2025-10-25",
    "time_in": "05:57:31",
    "time_out": "15:06:12"
  },
  {
    "zk_id": "91",
    "log_date": "2025-10-28",
    "time_in": "23:02:03",
    "time_out": "23:02:03"
  },
  {
    "zk_id": "91",
    "log_date": "2025-10-29",
    "time_in": "04:57:23",
    "time_out": "17:12:04"
  },
  {
    "zk_id": "91",
    "log_date": "2025-10-30",
    "time_in": "05:52:15",
    "time_out": "20:02:13"
  },
  {
    "zk_id": "91",
    "log_date": "2025-10-31",
    "time_in": "05:59:03",
    "time_out": "15:06:05"
  },
  {
    "zk_id": "92",
    "log_date": "2025-10-01",
    "time_in": "05:27:23",
    "time_out": "22:00:33"
  },
  {
    "zk_id": "92",
    "log_date": "2025-10-02",
    "time_in": "05:25:09",
    "time_out": "22:00:44"
  },
  {
    "zk_id": "92",
    "log_date": "2025-10-03",
    "time_in": "05:27:24",
    "time_out": "22:01:08"
  },
  {
    "zk_id": "92",
    "log_date": "2025-10-04",
    "time_in": "05:26:39",
    "time_out": "16:03:49"
  },
  {
    "zk_id": "92",
    "log_date": "2025-10-05",
    "time_in": "05:41:37",
    "time_out": "05:41:37"
  },
  {
    "zk_id": "92",
    "log_date": "2025-10-06",
    "time_in": "05:28:18",
    "time_out": "05:28:18"
  },
  {
    "zk_id": "92",
    "log_date": "2025-10-07",
    "time_in": "00:00:38",
    "time_out": "20:05:19"
  },
  {
    "zk_id": "92",
    "log_date": "2025-10-08",
    "time_in": "05:29:31",
    "time_out": "20:12:02"
  },
  {
    "zk_id": "92",
    "log_date": "2025-10-09",
    "time_in": "05:07:48",
    "time_out": "18:00:20"
  },
  {
    "zk_id": "92",
    "log_date": "2025-10-10",
    "time_in": "05:30:31",
    "time_out": "05:30:31"
  },
  {
    "zk_id": "92",
    "log_date": "2025-10-11",
    "time_in": "02:00:40",
    "time_out": "05:53:46"
  },
  {
    "zk_id": "92",
    "log_date": "2025-10-12",
    "time_in": "05:14:52",
    "time_out": "22:00:16"
  },
  {
    "zk_id": "92",
    "log_date": "2025-10-13",
    "time_in": "05:23:45",
    "time_out": "22:01:15"
  },
  {
    "zk_id": "92",
    "log_date": "2025-10-14",
    "time_in": "05:20:30",
    "time_out": "22:00:09"
  },
  {
    "zk_id": "92",
    "log_date": "2025-10-15",
    "time_in": "05:21:24",
    "time_out": "18:00:24"
  },
  {
    "zk_id": "92",
    "log_date": "2025-10-16",
    "time_in": "05:26:15",
    "time_out": "18:00:06"
  },
  {
    "zk_id": "92",
    "log_date": "2025-10-17",
    "time_in": "05:18:44",
    "time_out": "15:05:48"
  },
  {
    "zk_id": "92",
    "log_date": "2025-10-18",
    "time_in": "05:31:39",
    "time_out": "15:02:40"
  },
  {
    "zk_id": "92",
    "log_date": "2025-10-19",
    "time_in": "05:31:24",
    "time_out": "14:01:02"
  },
  {
    "zk_id": "92",
    "log_date": "2025-10-21",
    "time_in": "04:54:56",
    "time_out": "23:02:46"
  },
  {
    "zk_id": "92",
    "log_date": "2025-10-22",
    "time_in": "04:37:36",
    "time_out": "22:00:18"
  },
  {
    "zk_id": "92",
    "log_date": "2025-10-23",
    "time_in": "05:26:50",
    "time_out": "20:01:16"
  },
  {
    "zk_id": "92",
    "log_date": "2025-10-24",
    "time_in": "05:26:57",
    "time_out": "22:01:29"
  },
  {
    "zk_id": "92",
    "log_date": "2025-10-25",
    "time_in": "05:26:55",
    "time_out": "05:26:55"
  },
  {
    "zk_id": "92",
    "log_date": "2025-10-28",
    "time_in": "23:00:14",
    "time_out": "23:00:14"
  },
  {
    "zk_id": "92",
    "log_date": "2025-10-29",
    "time_in": "04:40:12",
    "time_out": "17:00:16"
  },
  {
    "zk_id": "92",
    "log_date": "2025-10-30",
    "time_in": "05:10:38",
    "time_out": "22:00:11"
  },
  {
    "zk_id": "92",
    "log_date": "2025-10-31",
    "time_in": "05:15:18",
    "time_out": "22:00:06"
  },
  {
    "zk_id": "94",
    "log_date": "2025-10-01",
    "time_in": "07:30:19",
    "time_out": "16:33:41"
  },
  {
    "zk_id": "94",
    "log_date": "2025-10-02",
    "time_in": "07:27:32",
    "time_out": "16:30:46"
  },
  {
    "zk_id": "94",
    "log_date": "2025-10-03",
    "time_in": "07:27:50",
    "time_out": "19:51:46"
  },
  {
    "zk_id": "94",
    "log_date": "2025-10-04",
    "time_in": "06:21:26",
    "time_out": "06:24:02"
  },
  {
    "zk_id": "94",
    "log_date": "2025-10-05",
    "time_in": "06:01:18",
    "time_out": "06:10:18"
  },
  {
    "zk_id": "94",
    "log_date": "2025-10-06",
    "time_in": "06:07:17",
    "time_out": "16:31:07"
  },
  {
    "zk_id": "94",
    "log_date": "2025-10-07",
    "time_in": "07:26:43",
    "time_out": "07:26:43"
  },
  {
    "zk_id": "94",
    "log_date": "2025-10-08",
    "time_in": "07:20:34",
    "time_out": "16:31:27"
  },
  {
    "zk_id": "94",
    "log_date": "2025-10-09",
    "time_in": "07:30:12",
    "time_out": "16:33:05"
  },
  {
    "zk_id": "94",
    "log_date": "2025-10-10",
    "time_in": "07:20:52",
    "time_out": "20:33:58"
  },
  {
    "zk_id": "94",
    "log_date": "2025-10-11",
    "time_in": "07:26:16",
    "time_out": "11:32:04"
  },
  {
    "zk_id": "94",
    "log_date": "2025-10-13",
    "time_in": "07:30:32",
    "time_out": "23:31:13"
  },
  {
    "zk_id": "94",
    "log_date": "2025-10-14",
    "time_in": "07:30:24",
    "time_out": "16:32:16"
  },
  {
    "zk_id": "94",
    "log_date": "2025-10-15",
    "time_in": "07:24:36",
    "time_out": "16:30:49"
  },
  {
    "zk_id": "94",
    "log_date": "2025-10-16",
    "time_in": "07:26:36",
    "time_out": "23:30:10"
  },
  {
    "zk_id": "94",
    "log_date": "2025-10-17",
    "time_in": "07:21:44",
    "time_out": "23:30:36"
  },
  {
    "zk_id": "94",
    "log_date": "2025-10-18",
    "time_in": "07:26:59",
    "time_out": "20:31:21"
  },
  {
    "zk_id": "94",
    "log_date": "2025-10-21",
    "time_in": "07:25:13",
    "time_out": "20:30:51"
  },
  {
    "zk_id": "94",
    "log_date": "2025-10-22",
    "time_in": "07:28:59",
    "time_out": "07:28:59"
  },
  {
    "zk_id": "94",
    "log_date": "2025-10-23",
    "time_in": "06:00:14",
    "time_out": "06:07:12"
  },
  {
    "zk_id": "94",
    "log_date": "2025-10-24",
    "time_in": "06:02:46",
    "time_out": "06:09:21"
  },
  {
    "zk_id": "94",
    "log_date": "2025-10-25",
    "time_in": "06:31:59",
    "time_out": "06:40:38"
  },
  {
    "zk_id": "94",
    "log_date": "2025-10-29",
    "time_in": "16:31:51",
    "time_out": "16:31:51"
  },
  {
    "zk_id": "94",
    "log_date": "2025-10-30",
    "time_in": "06:57:02",
    "time_out": "06:57:02"
  },
  {
    "zk_id": "94",
    "log_date": "2025-10-31",
    "time_in": "06:00:46",
    "time_out": "06:10:29"
  },
  {
    "zk_id": "95",
    "log_date": "2025-10-01",
    "time_in": "11:15:50",
    "time_out": "16:38:26"
  },
  {
    "zk_id": "95",
    "log_date": "2025-10-02",
    "time_in": "07:32:24",
    "time_out": "16:30:24"
  },
  {
    "zk_id": "95",
    "log_date": "2025-10-03",
    "time_in": "19:52:03",
    "time_out": "19:52:03"
  },
  {
    "zk_id": "95",
    "log_date": "2025-10-04",
    "time_in": "06:21:18",
    "time_out": "22:31:06"
  },
  {
    "zk_id": "95",
    "log_date": "2025-10-05",
    "time_in": "07:21:55",
    "time_out": "07:21:55"
  },
  {
    "zk_id": "95",
    "log_date": "2025-10-06",
    "time_in": "06:07:26",
    "time_out": "16:31:12"
  },
  {
    "zk_id": "95",
    "log_date": "2025-10-07",
    "time_in": "11:51:17",
    "time_out": "11:51:17"
  },
  {
    "zk_id": "95",
    "log_date": "2025-10-08",
    "time_in": "07:21:18",
    "time_out": "16:35:21"
  },
  {
    "zk_id": "95",
    "log_date": "2025-10-09",
    "time_in": "07:18:58",
    "time_out": "16:30:15"
  },
  {
    "zk_id": "95",
    "log_date": "2025-10-10",
    "time_in": "07:24:35",
    "time_out": "20:33:45"
  },
  {
    "zk_id": "95",
    "log_date": "2025-10-11",
    "time_in": "07:31:04",
    "time_out": "11:32:31"
  },
  {
    "zk_id": "95",
    "log_date": "2025-10-13",
    "time_in": "11:19:06",
    "time_out": "11:19:06"
  },
  {
    "zk_id": "95",
    "log_date": "2025-10-14",
    "time_in": "07:30:27",
    "time_out": "16:32:06"
  },
  {
    "zk_id": "95",
    "log_date": "2025-10-15",
    "time_in": "07:24:42",
    "time_out": "16:30:51"
  },
  {
    "zk_id": "95",
    "log_date": "2025-10-16",
    "time_in": "07:24:47",
    "time_out": "23:30:04"
  },
  {
    "zk_id": "95",
    "log_date": "2025-10-17",
    "time_in": "07:22:14",
    "time_out": "23:31:24"
  },
  {
    "zk_id": "95",
    "log_date": "2025-10-20",
    "time_in": "07:32:25",
    "time_out": "16:31:11"
  },
  {
    "zk_id": "95",
    "log_date": "2025-10-21",
    "time_in": "07:25:50",
    "time_out": "20:30:45"
  },
  {
    "zk_id": "95",
    "log_date": "2025-10-22",
    "time_in": "07:26:54",
    "time_out": "07:26:54"
  },
  {
    "zk_id": "95",
    "log_date": "2025-10-23",
    "time_in": "06:00:24",
    "time_out": "06:06:01"
  },
  {
    "zk_id": "95",
    "log_date": "2025-10-24",
    "time_in": "06:05:08",
    "time_out": "06:10:05"
  },
  {
    "zk_id": "95",
    "log_date": "2025-10-25",
    "time_in": "07:27:54",
    "time_out": "07:31:00"
  },
  {
    "zk_id": "95",
    "log_date": "2025-10-28",
    "time_in": "16:32:41",
    "time_out": "16:32:41"
  },
  {
    "zk_id": "95",
    "log_date": "2025-10-29",
    "time_in": "16:31:28",
    "time_out": "16:31:28"
  },
  {
    "zk_id": "95",
    "log_date": "2025-10-30",
    "time_in": "06:57:15",
    "time_out": "06:57:15"
  },
  {
    "zk_id": "95",
    "log_date": "2025-10-31",
    "time_in": "06:00:49",
    "time_out": "06:05:54"
  },
  {
    "zk_id": "96",
    "log_date": "2025-10-02",
    "time_in": "16:00:05",
    "time_out": "16:00:05"
  },
  {
    "zk_id": "96",
    "log_date": "2025-10-03",
    "time_in": "07:30:37",
    "time_out": "16:00:15"
  },
  {
    "zk_id": "96",
    "log_date": "2025-10-04",
    "time_in": "07:37:34",
    "time_out": "11:30:26"
  },
  {
    "zk_id": "96",
    "log_date": "2025-10-07",
    "time_in": "07:41:01",
    "time_out": "16:30:21"
  },
  {
    "zk_id": "96",
    "log_date": "2025-10-08",
    "time_in": "07:41:16",
    "time_out": "16:08:08"
  },
  {
    "zk_id": "96",
    "log_date": "2025-10-09",
    "time_in": "07:40:20",
    "time_out": "11:31:47"
  },
  {
    "zk_id": "96",
    "log_date": "2025-10-13",
    "time_in": "07:39:02",
    "time_out": "17:03:42"
  },
  {
    "zk_id": "96",
    "log_date": "2025-10-14",
    "time_in": "07:46:40",
    "time_out": "16:32:32"
  },
  {
    "zk_id": "96",
    "log_date": "2025-10-16",
    "time_in": "07:17:40",
    "time_out": "16:32:01"
  },
  {
    "zk_id": "96",
    "log_date": "2025-10-17",
    "time_in": "16:20:00",
    "time_out": "16:20:00"
  },
  {
    "zk_id": "96",
    "log_date": "2025-10-18",
    "time_in": "07:39:16",
    "time_out": "16:05:46"
  },
  {
    "zk_id": "96",
    "log_date": "2025-10-20",
    "time_in": "07:26:45",
    "time_out": "16:31:14"
  },
  {
    "zk_id": "96",
    "log_date": "2025-10-21",
    "time_in": "07:29:40",
    "time_out": "16:54:26"
  },
  {
    "zk_id": "96",
    "log_date": "2025-10-22",
    "time_in": "07:28:55",
    "time_out": "16:32:05"
  },
  {
    "zk_id": "96",
    "log_date": "2025-10-23",
    "time_in": "07:19:00",
    "time_out": "07:19:00"
  },
  {
    "zk_id": "96",
    "log_date": "2025-10-24",
    "time_in": "07:28:53",
    "time_out": "16:01:28"
  },
  {
    "zk_id": "96",
    "log_date": "2025-10-25",
    "time_in": "07:35:37",
    "time_out": "07:37:48"
  },
  {
    "zk_id": "96",
    "log_date": "2025-10-28",
    "time_in": "16:52:26",
    "time_out": "16:52:26"
  },
  {
    "zk_id": "96",
    "log_date": "2025-10-29",
    "time_in": "07:52:26",
    "time_out": "17:02:18"
  },
  {
    "zk_id": "96",
    "log_date": "2025-10-30",
    "time_in": "07:48:00",
    "time_out": "07:48:00"
  },
  {
    "zk_id": "96",
    "log_date": "2025-10-31",
    "time_in": "07:37:19",
    "time_out": "07:41:56"
  },
  {
    "zk_id": "97",
    "log_date": "2025-10-01",
    "time_in": "06:25:42",
    "time_out": "16:32:05"
  },
  {
    "zk_id": "97",
    "log_date": "2025-10-02",
    "time_in": "06:19:31",
    "time_out": "16:30:51"
  },
  {
    "zk_id": "97",
    "log_date": "2025-10-03",
    "time_in": "06:20:34",
    "time_out": "19:26:10"
  },
  {
    "zk_id": "97",
    "log_date": "2025-10-04",
    "time_in": "06:32:17",
    "time_out": "16:31:08"
  },
  {
    "zk_id": "97",
    "log_date": "2025-10-06",
    "time_in": "06:26:51",
    "time_out": "16:32:08"
  },
  {
    "zk_id": "97",
    "log_date": "2025-10-07",
    "time_in": "06:23:22",
    "time_out": "16:32:11"
  },
  {
    "zk_id": "97",
    "log_date": "2025-10-08",
    "time_in": "06:23:01",
    "time_out": "16:33:49"
  },
  {
    "zk_id": "97",
    "log_date": "2025-10-09",
    "time_in": "06:23:27",
    "time_out": "16:32:12"
  },
  {
    "zk_id": "97",
    "log_date": "2025-10-10",
    "time_in": "06:25:16",
    "time_out": "16:31:55"
  },
  {
    "zk_id": "97",
    "log_date": "2025-10-11",
    "time_in": "06:27:47",
    "time_out": "16:32:30"
  },
  {
    "zk_id": "97",
    "log_date": "2025-10-13",
    "time_in": "06:20:57",
    "time_out": "16:31:45"
  },
  {
    "zk_id": "97",
    "log_date": "2025-10-14",
    "time_in": "06:19:21",
    "time_out": "16:31:24"
  },
  {
    "zk_id": "97",
    "log_date": "2025-10-15",
    "time_in": "06:21:00",
    "time_out": "16:31:06"
  },
  {
    "zk_id": "97",
    "log_date": "2025-10-16",
    "time_in": "06:20:45",
    "time_out": "16:31:17"
  },
  {
    "zk_id": "97",
    "log_date": "2025-10-17",
    "time_in": "06:18:45",
    "time_out": "16:30:56"
  },
  {
    "zk_id": "97",
    "log_date": "2025-10-20",
    "time_in": "06:19:32",
    "time_out": "16:31:09"
  },
  {
    "zk_id": "97",
    "log_date": "2025-10-21",
    "time_in": "06:22:33",
    "time_out": "16:30:18"
  },
  {
    "zk_id": "97",
    "log_date": "2025-10-22",
    "time_in": "06:21:05",
    "time_out": "16:30:53"
  },
  {
    "zk_id": "97",
    "log_date": "2025-10-23",
    "time_in": "06:23:56",
    "time_out": "16:30:19"
  },
  {
    "zk_id": "97",
    "log_date": "2025-10-24",
    "time_in": "06:22:59",
    "time_out": "06:22:59"
  },
  {
    "zk_id": "97",
    "log_date": "2025-10-25",
    "time_in": "05:32:54",
    "time_out": "06:40:11"
  },
  {
    "zk_id": "97",
    "log_date": "2025-10-28",
    "time_in": "16:32:10",
    "time_out": "16:32:10"
  },
  {
    "zk_id": "97",
    "log_date": "2025-10-29",
    "time_in": "06:22:42",
    "time_out": "16:31:06"
  },
  {
    "zk_id": "97",
    "log_date": "2025-10-30",
    "time_in": "06:25:16",
    "time_out": "16:01:24"
  },
  {
    "zk_id": "97",
    "log_date": "2025-10-31",
    "time_in": "06:24:27",
    "time_out": "16:30:11"
  },
  {
    "zk_id": "98",
    "log_date": "2025-10-02",
    "time_in": "07:23:49",
    "time_out": "16:30:19"
  },
  {
    "zk_id": "98",
    "log_date": "2025-10-03",
    "time_in": "19:53:45",
    "time_out": "19:53:45"
  },
  {
    "zk_id": "98",
    "log_date": "2025-10-04",
    "time_in": "06:21:16",
    "time_out": "06:23:28"
  },
  {
    "zk_id": "98",
    "log_date": "2025-10-05",
    "time_in": "06:03:27",
    "time_out": "06:11:04"
  },
  {
    "zk_id": "98",
    "log_date": "2025-10-06",
    "time_in": "06:07:36",
    "time_out": "13:29:57"
  },
  {
    "zk_id": "98",
    "log_date": "2025-10-08",
    "time_in": "07:06:40",
    "time_out": "16:31:38"
  },
  {
    "zk_id": "98",
    "log_date": "2025-10-09",
    "time_in": "07:05:13",
    "time_out": "20:30:20"
  },
  {
    "zk_id": "98",
    "log_date": "2025-10-10",
    "time_in": "07:16:02",
    "time_out": "16:32:02"
  },
  {
    "zk_id": "98",
    "log_date": "2025-10-11",
    "time_in": "07:12:52",
    "time_out": "16:30:07"
  },
  {
    "zk_id": "98",
    "log_date": "2025-10-13",
    "time_in": "07:22:04",
    "time_out": "23:30:05"
  },
  {
    "zk_id": "98",
    "log_date": "2025-10-14",
    "time_in": "07:36:22",
    "time_out": "16:30:23"
  },
  {
    "zk_id": "98",
    "log_date": "2025-10-15",
    "time_in": "07:23:56",
    "time_out": "23:30:12"
  },
  {
    "zk_id": "98",
    "log_date": "2025-10-17",
    "time_in": "07:11:37",
    "time_out": "16:30:20"
  },
  {
    "zk_id": "98",
    "log_date": "2025-10-18",
    "time_in": "07:21:07",
    "time_out": "07:21:07"
  },
  {
    "zk_id": "98",
    "log_date": "2025-10-20",
    "time_in": "11:31:17",
    "time_out": "11:31:17"
  },
  {
    "zk_id": "98",
    "log_date": "2025-10-21",
    "time_in": "07:20:33",
    "time_out": "22:30:40"
  },
  {
    "zk_id": "98",
    "log_date": "2025-10-22",
    "time_in": "07:19:33",
    "time_out": "07:19:33"
  },
  {
    "zk_id": "98",
    "log_date": "2025-10-23",
    "time_in": "06:00:03",
    "time_out": "06:06:08"
  },
  {
    "zk_id": "98",
    "log_date": "2025-10-24",
    "time_in": "06:03:10",
    "time_out": "06:08:31"
  },
  {
    "zk_id": "98",
    "log_date": "2025-10-25",
    "time_in": "07:21:40",
    "time_out": "07:31:15"
  },
  {
    "zk_id": "98",
    "log_date": "2025-10-30",
    "time_in": "07:05:32",
    "time_out": "20:34:38"
  },
  {
    "zk_id": "98",
    "log_date": "2025-10-31",
    "time_in": "07:29:13",
    "time_out": "07:29:13"
  }
]

=== IMPORT RESULTS ===
Status: processing
Total processed: 1796
Inserted: 0
Skipped: 0
Failed: 0

=== ERRORS ===
No errors

=== END OF LOG ===